OBJECTID;LAND;BEZ;LOR;UJAHR;UMONAT;USTUNDE;UWOCHENTAG;UKATEGORIE;UART;UTYP1;ULICHTVERH;IstRad;IstPKW;IstFuss;IstKrad;IstGkfz;IstSonstige;USTRZUSTAND;LINREFX;LINREFY;XGCSWGS84;YGCSWGS84
50349;11;2;2050602;2019;6;9;2;3;5;2;0;1;1;0;0;0;0;0;802594,1864;5827701,306;13,46029;52,51524
50350;11;7;7050502;2019;9;16;4;3;5;2;0;1;1;0;0;0;0;0;798181,752;5818924,81;13,38761;52,439
50351;11;7;7030303;2019;12;7;3;3;2;6;0;0;1;0;0;0;0;1;795691,1645;5822605,382;13,35434;52,47334
50352;11;1;1033203;2019;6;16;5;3;5;2;0;0;1;0;0;0;0;1;796324,9932;5830068,247;13,37029;52,5399
50353;11;1;1044201;2019;8;20;6;3;2;6;0;0;1;0;0;0;0;0;796044,9898;5831371,579;13,36733;52,55173
50354;11;6;6030605;2019;5;13;5;3;2;6;0;0;1;0;0;0;0;0;792399,7592;5819711,293;13,30348;52,44917
50355;11;3;3071639;2019;11;18;3;3;3;6;2;0;1;0;1;0;0;1;800574,2207;5829844,64;13,43255;52,53557
50356;11;3;3061332;2019;11;3;7;3;5;3;2;1;1;0;0;0;0;0;799297,9475;5830349,813;13,41424;52,5408
50357;11;7;7030303;2019;8;20;6;3;0;1;0;0;0;0;1;0;0;0;795311,7436;5822564,488;13,34873;52,47318
50358;11;7;7030303;2019;5;13;5;3;5;2;0;0;1;0;0;0;1;0;795639,552;5823234,884;13,35414;52,47902
50359;11;7;7050502;2019;5;13;5;2;3;6;0;0;1;0;0;1;0;0;798085,3354;5819031,515;13,38629;52,44001
50360;11;7;7070701;2019;11;17;3;2;2;6;2;0;1;0;0;0;1;0;799182,5125;5816440,864;13,40007;52,41619
50361;11;6;6040703;2019;6;14;4;3;2;6;0;0;1;0;0;0;0;0;785262,8671;5816291,817;13,19584;52,42228
50362;11;1;1011303;2019;12;1;1;2;0;1;2;0;0;0;0;0;1;0;799469,374;5828080,256;13,41472;52,52036
50363;11;2;2020203;2019;8;23;6;3;0;7;2;1;0;0;0;0;0;0;797753,6242;5824436,376;13,38625;52,48864
50364;11;6;6040703;2019;5;16;5;2;2;6;0;0;1;0;0;0;1;0;786196,6066;5816802,099;13,20997;52,42637
50365;11;3;3040818;2019;10;17;3;2;5;3;0;1;1;0;0;0;0;0;800161,8722;5832359,312;13,42876;52,55833
50366;11;12;12103115;2019;9;13;4;3;2;6;0;0;1;0;0;0;0;0;795451,0155;5833483,258;13,36048;52,57099
50368;11;7;7050502;2019;8;12;6;3;0;7;0;0;1;0;0;0;0;0;798266,017;5818640,255;13,38859;52,4364
50369;11;3;3020209;2019;5;11;5;3;0;7;0;1;0;0;0;0;0;0;798144,5544;5835933,659;13,40231;52,59148
50370;11;4;4030417;2019;9;14;7;3;5;2;0;1;1;0;0;0;0;1;791294,8726;5826501,352;13,2932;52,51063
50371;11;1;1033203;2019;6;7;3;3;5;2;0;1;1;0;0;0;0;0;796198,646;5830206,42;13,36855;52,54121
50372;11;3;3061228;2019;9;10;3;3;6;6;0;1;0;1;0;0;0;0;800168,971;5830827,39;13,42748;52,5446
50373;11;2;2020202;2019;12;18;4;3;3;6;2;0;1;0;1;0;0;0;797499,2085;5825541,468;13,3835;52,49868
50374;11;4;4020310;2019;6;9;4;3;3;6;0;0;1;0;0;0;0;0;790478,5666;5828451,839;13,28291;52,52856
50375;11;5;5020524;2019;8;9;6;3;6;4;0;0;1;1;0;0;0;0;783462,8478;5826655,738;13,17824;52,51614
50376;11;12;12103117;2019;5;12;5;3;5;3;0;1;1;0;0;0;0;0;795811,274;5832439,708;13,36485;52,56144
50377;11;1;1011204;2019;11;18;4;2;6;4;2;0;1;1;0;0;0;1;798236,0104;5826933,624;13,39557;52,51076
50378;11;8;8010510;2019;11;13;7;3;2;2;0;0;1;0;0;0;0;0;802646,9424;5822050,831;13,45593;52,46456
50379;11;4;4030417;2019;8;8;6;3;6;4;0;0;1;1;0;0;0;0;791397,1873;5826517,22;13,29472;52,51072
50380;11;7;7030303;2019;5;12;5;3;5;2;0;0;1;0;1;0;0;0;795636,3426;5823238,493;13,35409;52,47905
50381;11;2;2050602;2019;10;10;4;3;6;4;0;0;1;1;0;0;0;1;802354,5384;5827709,98;13,45678;52,51545
50382;11;1;1011303;2019;9;9;3;3;6;4;0;0;1;1;0;0;0;1;799795,5565;5828617,967;13,42;52,525
50384;11;1;1044201;2019;6;15;4;3;1;5;0;1;0;0;0;0;1;0;796206,9153;5830826,654;13,36923;52,54676
50385;11;4;4020208;2019;8;15;6;2;5;3;0;1;1;0;0;0;0;0;788939,73;5826125,888;13,25827;52,50852
50386;11;3;3050925;2019;5;10;5;3;0;1;0;1;0;0;0;0;0;0;802522,8567;5831672,899;13,46286;52,55088
50387;11;12;12103218;2019;11;12;6;3;5;2;0;1;1;0;0;0;0;0;794461,1322;5834349,299;13,34668;52,57928
50388;11;7;7040405;2019;6;5;5;3;2;6;0;0;1;0;0;0;0;0;798205,4461;5822270,411;13,39095;52,46897
50389;11;9;9010101;2019;9;18;3;2;6;4;0;1;0;1;0;0;0;1;802615,9638;5825142,127;13,45828;52,49229
50390;11;9;9010101;2019;12;12;3;3;2;6;0;0;1;0;0;1;0;0;802853,3455;5825484,367;13,46208;52,49522
50391;11;11;11030721;2019;6;16;3;3;3;6;0;0;1;0;0;0;0;0;804866,0149;5827449,455;13,49343;52,51172
50392;11;7;7040403;2019;8;14;6;3;2;6;0;0;1;0;0;0;0;0;797846,1;5821267,217;13,38478;52,46018
50393;11;4;4020208;2019;10;16;5;3;2;6;2;0;1;0;0;0;0;0;787757,6201;5825935,15;13,24074;52,50743
50394;11;3;3020209;2019;8;13;6;3;2;6;0;0;1;0;0;0;0;0;798035,0148;5834113,488;13,39906;52,57523
50395;11;7;7020203;2019;9;13;6;3;0;2;0;0;1;0;0;0;1;1;795787,1541;5824110,239;13,35708;52,48678
50396;11;1;1011303;2019;5;8;5;3;1;5;0;1;0;0;0;0;1;0;799013,0963;5828214,173;13,40814;52,52181
50397;11;4;4041134;2019;10;22;4;3;3;6;2;0;1;0;0;0;1;1;790977,9056;5824665,896;13,28694;52,49435
50398;11;2;2050602;2019;9;14;3;3;6;4;0;0;1;1;0;0;0;1;802661,0383;5827678,74;13,46125;52,515
50400;11;7;7040403;2019;6;10;3;3;6;7;0;0;0;1;0;0;1;0;797836,8693;5821305,696;13,38468;52,46053
50401;11;2;2020202;2019;8;17;5;3;5;2;0;1;1;0;0;0;0;0;797898,3103;5825432,668;13,38926;52,49749
50402;11;2;2050602;2019;5;22;4;3;0;6;2;1;0;1;0;0;0;0;802045,0249;5828039,686;13,45253;52,51858
50403;11;6;6030503;2019;11;17;7;3;6;2;2;0;1;1;0;0;0;0;791054,1063;5818813,331;13,28296;52,44184
50404;11;3;3020209;2019;6;19;7;2;5;3;0;0;1;0;1;0;0;0;798165,7503;5836122,447;13,40279;52,59316
50405;11;3;3071633;2019;12;8;4;3;0;4;0;0;0;1;0;0;1;0;800013,2022;5830341,627;13,42475;52,54033
50406;11;3;3061126;2019;8;17;5;3;5;2;0;1;0;0;0;0;1;0;799216,4496;5832076,54;13,4146;52,55632
50407;11;3;3040818;2019;5;18;4;2;5;3;0;1;1;0;0;0;0;0;800040,4483;5832914,222;13,42748;52,56337
50408;11;1;1011303;2019;10;13;7;3;3;6;0;1;0;0;0;0;0;0;799727,6727;5828567,224;13,41895;52,52458
50409;11;11;11030721;2019;9;14;3;3;5;3;0;1;1;0;0;0;0;1;804068,2978;5827550,295;13,48181;52,51307
50410;11;3;3020203;2019;8;16;5;3;5;2;0;1;1;0;0;0;0;0;796447,267;5840400,385;13,38133;52,63245
50411;11;4;4030417;2019;5;17;4;3;2;7;0;1;1;0;0;0;0;0;791790,4806;5826582,608;13,30056;52,5111
50412;11;4;4041137;2019;10;10;4;3;2;6;0;0;1;0;0;0;0;1;791395,6192;5824511,645;13,29294;52,49274
50413;11;4;4020310;2019;6;7;5;3;3;6;0;0;1;0;0;1;0;1;790456,508;5828429,423;13,28257;52,52837
50414;11;4;4041239;2019;9;9;3;3;2;6;0;0;1;0;0;0;0;0;791999,872;5823923,308;13,3013;52,48715
50415;11;6;6030501;2019;12;8;6;3;5;3;0;1;1;0;0;0;0;0;788208,388;5817684,025;13,24023;52,43322
50416;11;2;2050602;2019;6;15;3;3;5;2;0;1;1;0;0;0;0;0;802144,468;5827754,513;13,45373;52,51596
50417;11;1;1011303;2019;5;5;4;3;0;1;1;0;1;0;0;0;1;1;798685,3383;5827893,499;13,40303;52,51912
50418;11;1;1011202;2019;11;10;1;3;0;6;0;1;0;0;0;0;1;0;798289,2418;5827697,44;13,39704;52,51758
50419;11;4;4020209;2019;6;16;3;3;2;6;0;0;1;0;0;0;0;0;788960,5002;5826129,464;13,25858;52,50854
50420;11;12;12302212;2019;11;19;5;3;5;3;2;0;1;0;0;0;1;1;792782,7115;5837343,271;13,32463;52,60703
50421;11;12;12214125;2019;8;15;5;3;2;6;0;0;1;0;0;0;0;0;792172,5691;5832086,587;13,31101;52,56023
50422;11;4;4020311;2019;5;15;4;3;2;6;0;0;1;0;0;0;0;0;789164,2116;5826160,009;13,2616;52,50871
50423;11;1;1044203;2019;10;20;1;3;2;6;2;0;1;0;0;0;0;0;796030,741;5831374,83;13,36712;52,55177
50424;11;11;11030721;2019;9;7;3;3;5;2;0;1;1;0;1;0;0;0;804904,3765;5827465,101;13,49401;52,51184
50426;11;2;2040503;2019;6;8;3;2;3;6;0;1;0;0;0;0;0;0;801872,0535;5827776,15;13,44975;52,51631
50427;11;3;3050923;2019;8;15;5;3;2;6;0;0;1;0;1;0;0;0;800269,3317;5831879,704;13,42991;52,55398
50428;11;7;7040401;2019;5;15;4;3;3;6;0;0;1;0;1;0;0;0;797760,121;5823856,895;13,38583;52,48344
50429;11;4;4030622;2019;6;18;1;3;6;2;0;0;1;1;0;0;0;0;792092,3965;5826654,735;13,30506;52,51158
50430;11;4;4030417;2019;9;15;3;3;6;4;0;0;1;1;0;0;0;1;791667,2657;5826561,829;13,29873;52,51098
50431;11;7;7050502;2019;12;17;2;3;5;2;2;0;1;0;0;0;0;1;797474,4017;5817965,558;13,37638;52,43078
50432;11;7;7070701;2019;6;9;3;2;1;5;0;0;1;0;0;0;0;0;799154,8331;5816563,445;13,39977;52,4173
50433;11;1;1011105;2019;8;15;5;3;5;2;0;1;1;0;0;0;0;0;796420,8654;5826329,938;13,36836;52,50634
50434;11;1;1011105;2019;4;18;3;3;2;6;0;0;1;0;0;0;0;0;796763,643;5826668,491;13,3737;52,50918
50435;11;1;1011204;2019;11;15;2;3;0;6;0;1;0;0;0;1;1;1;797750,0895;5826848,821;13,38835;52,51026
50436;11;7;7010104;2019;8;11;5;3;3;6;0;0;1;0;1;0;0;0;796011,5686;5825166,15;13,36132;52,49613
50437;11;9;9010202;2019;4;13;3;3;5;3;0;1;1;0;0;0;0;0;804104,6469;5824365,095;13,47943;52,4845
50438;11;6;6040703;2019;10;3;2;3;0;7;2;0;1;0;0;0;0;0;787036,8903;5820675,025;13,22562;52,46065
50439;11;12;12304314;2019;9;8;2;3;2;6;0;0;1;0;0;0;0;0;790110,385;5836039,91;13,28414;52,59678
50441;11;2;2050602;2019;6;8;3;3;5;2;0;1;0;0;0;0;1;0;802124,7546;5828063,409;13,45372;52,51874
50442;11;4;4020310;2019;8;10;5;3;2;6;0;0;1;0;0;0;0;0;790498,7548;5827507,075;13,28238;52,52007
50443;11;4;4010102;2019;4;7;3;3;2;6;0;0;1;0;0;0;0;0;792846,9745;5829535,083;13,31868;52,537
50444;11;2;2050602;2019;11;15;4;3;5;2;1;1;1;0;0;0;1;1;802581,6369;5827686,702;13,46009;52,51511
50445;11;11;11030721;2019;6;15;4;2;5;2;0;1;0;0;0;1;0;0;803742,834;5827568,253;13,47704;52,51341
50446;11;12;12103219;2019;9;21;2;2;6;4;2;0;1;1;0;0;0;0;795759,1873;5832650,13;13,36427;52,56335
50447;11;7;7020202;2019;12;8;2;3;2;6;0;0;1;0;0;1;1;0;794782,4018;5823140,125;13,34147;52,47863
50448;11;12;12103115;2019;8;8;5;3;5;2;0;0;1;0;1;0;0;0;795410,8555;5833589,954;13,35998;52,57196
50449;11;6;6030605;2019;10;12;4;3;2;6;0;0;1;0;0;0;0;0;792751,0243;5819955,205;13,30885;52,45117
50450;11;11;11030721;2019;9;20;2;2;0;1;2;0;0;0;1;0;0;0;803721,1963;5827570,169;13,47673;52,51344
50451;11;2;2050602;2019;8;7;5;3;5;3;0;1;1;0;0;0;0;0;802972,4485;5827662,85;13,46581;52,51468
50452;11;2;2020203;2019;4;7;3;3;0;2;0;1;1;0;0;0;0;0;797759,2269;5824125,584;13,38605;52,48585
50453;11;6;6030605;2019;10;13;3;3;2;6;0;0;1;0;0;1;0;1;791071,6917;5818846,719;13,28324;52,44213
50454;11;3;2040501;2019;9;16;2;3;3;6;0;1;1;0;0;0;0;0;799983,857;5828905,997;13,42302;52,52748
50456;11;12;12103218;2019;6;19;3;3;5;3;1;0;1;0;0;0;0;0;794478,1859;5834318,183;13,3469;52,579
50457;11;3;3061332;2019;8;19;4;2;6;4;0;1;0;1;0;0;0;0;799950,3511;5830206,136;13,42371;52,53915
50458;11;3;3061435;2019;4;17;3;3;5;2;0;1;1;0;0;0;0;0;801518,4407;5829102,62;13,44576;52,52839
50459;11;10;10010204;2019;11;5;6;2;5;3;2;0;1;0;0;0;0;0;808897,3951;5833398,142;13,55818;52,56276
50460;11;4;4041134;2019;10;11;3;2;0;1;0;0;0;0;1;0;0;0;791014,3052;5824659,463;13,28747;52,49427
50461;11;7;7070701;2019;9;16;2;2;5;3;0;0;1;0;1;0;0;1;799678,1367;5815247,722;13,40627;52,40522
50463;11;4;4020208;2019;6;7;2;3;2;6;0;0;1;0;0;0;0;0;788346,0774;5826030,168;13,24947;52,50798
50464;11;7;7070701;2019;8;14;4;3;2;6;0;0;1;0;0;0;0;1;799229,4992;5816329,158;13,40066;52,41516
50465;11;5;5020628;2019;4;19;3;3;2;7;0;1;1;0;0;0;0;0;784035,3235;5826575,963;13,18659;52,51513
50466;11;2;2050602;2019;11;17;4;3;6;4;2;0;1;1;0;0;0;1;802685,7532;5827676,261;13,46161;52,51496
50467;11;1;1022202;2019;6;9;5;3;2;1;0;0;1;0;0;0;0;0;796317,1383;5828827,802;13,36906;52,52878
50468;11;4;4020313;2019;9;10;2;3;5;2;0;1;0;0;0;1;0;0;790514,0274;5826374,665;13,28162;52,50991
50469;11;7;7020203;2019;12;18;2;3;5;3;2;1;1;0;0;0;0;1;795794,936;5824126,932;13,35721;52,48693
50470;11;1;1011202;2019;8;9;4;3;3;2;0;0;1;0;1;0;0;0;796917,3784;5827467,61;13,37667;52,51626
50471;11;10;10010207;2019;10;19;4;3;2;7;2;0;1;0;0;0;0;0;807965,934;5831210,966;13,54245;52,54369
50472;11;8;8020619;2019;8;6;4;3;3;6;1;0;1;0;1;0;0;0;802276,3871;5821961,769;13,45041;52,46397
50473;11;3;3061332;2019;9;18;6;3;2;6;0;0;1;0;0;0;0;1;799933,929;5830209,502;13,42347;52,53919
50474;11;7;7030303;2019;4;20;2;3;3;6;1;0;1;0;0;0;0;0;795337,846;5822754,61;13,34928;52,47487
50475;11;11;11030721;2019;10;17;3;3;3;6;1;0;1;0;0;1;0;1;804316,1011;5827510,343;13,48541;52,51257
50476;11;4;4010101;2019;9;13;2;3;8;1;0;0;1;0;0;0;0;0;790973,9418;5828992,753;13,29067;52,53314
50478;11;1;1011104;2019;6;21;2;3;0;1;2;1;0;0;0;0;0;0;796247,0997;5825925,559;13,36545;52,50281
50479;11;1;1011105;2019;8;15;4;3;5;2;0;1;1;0;0;0;0;0;796420,2339;5826327,806;13,36835;52,50632
50480;11;3;3050923;2019;4;18;2;3;6;4;0;1;0;1;0;0;0;0;800301,2907;5831678,598;13,4302;52,55216
50481;11;2;2050602;2019;11;1;7;3;5;3;2;0;1;0;0;0;0;0;802148,9601;5827734,648;13,45378;52,51578
50482;11;5;5020524;2019;6;19;2;3;2;6;0;0;1;0;0;0;0;0;782197,9865;5824998,343;13,15825;52,50194
50483;11;1;1011102;2019;9;9;2;2;5;2;0;1;1;0;0;0;0;1;796450,2777;5827390,273;13,36974;52,51582
50484;11;4;4010102;2019;12;15;4;3;2;6;0;0;1;0;0;0;0;0;793456,2688;5829747,198;13,32783;52,53857
50485;11;7;7040401;2019;8;12;3;3;2;6;0;0;1;0;0;0;1;0;797827,0869;5822414,179;13,38552;52,47047
50486;11;3;3061332;2019;4;9;2;3;0;2;0;0;1;0;0;0;1;1;799975,0225;5830201,053;13,42406;52,53909
50487;11;7;7040402;2019;10;19;6;3;2;6;2;0;1;0;0;0;0;0;796472,6164;5822575,939;13,36578;52,47266
50488;11;10;10010309;2019;9;11;1;3;3;6;0;1;1;0;0;0;0;0;807653,7135;5829957,125;13,5367;52,53263
50489;11;2;2040701;2019;8;9;3;3;3;2;0;0;0;0;1;1;0;0;800456,0741;5827947,485;13,4291;52,51863
50490;11;1;1011303;2019;4;11;2;3;5;3;0;1;0;0;0;1;0;1;799123,2126;5827663,403;13,40926;52,51681
50491;11;7;7030303;2019;10;13;3;3;5;7;0;0;1;0;0;0;0;1;795679,7813;5823173,24;13,35467;52,47844
50492;11;2;2050602;2019;6;17;4;2;3;6;0;1;0;0;0;0;0;0;803373,2976;5827605,844;13,47165;52,51395
50493;11;4;4020209;2019;9;16;1;3;2;6;0;0;1;0;0;0;0;0;789745,0425;5824735,361;13,26889;52,49563
50494;11;1;1033203;2019;12;22;4;3;6;4;2;0;1;1;0;0;0;0;796342,4704;5830079,197;13,37055;52,53999
50495;11;3;3061429;2019;6;23;2;3;5;3;2;1;1;0;0;0;0;1;800953,0387;5830502,712;13,43871;52,54126
50496;11;8;8020619;2019;4;11;2;3;3;6;0;0;1;0;0;0;1;1;802157,563;5821904,716;13,44862;52,46353
50497;11;2;2020202;2019;11;15;7;3;3;6;0;0;1;0;1;0;0;1;797901,634;5825143,822;13,38905;52,4949
50498;11;2;2050602;2019;6;13;2;2;6;4;0;1;0;1;0;0;0;0;802842,211;5827675,87;13,46391;52,51487
50499;11;1;1011102;2019;11;18;4;3;5;3;2;1;0;0;1;0;0;1;795800,8619;5827269,446;13,36009;52,51509
50500;11;7;7060601;2019;8;7;3;3;5;3;0;1;1;0;0;0;0;0;796913,2353;5816488,094;13,36684;52,41785
50501;11;12;12103218;2019;4;22;7;2;5;2;2;0;1;0;1;0;0;0;794559,293;5833808,298;13,34765;52,57438
50502;11;3;3061126;2019;10;18;7;2;5;2;2;0;1;0;1;0;0;0;799196,5186;5831441,779;13,41374;52,55064
50503;11;7;7040401;2019;9;14;1;3;3;6;0;0;1;0;0;0;0;0;797794,4614;5823140,095;13,38569;52,47699
50505;11;12;12103115;2019;6;16;2;3;1;5;0;1;1;0;0;0;1;0;795372,3246;5833713,012;13,35952;52,57309
50506;11;3;3061429;2019;8;15;3;3;5;3;0;1;1;0;0;0;0;0;801175,0255;5830811,222;13,44226;52,5439
50507;11;7;7070701;2019;4;17;7;3;2;6;0;0;1;0;0;0;0;0;799461,4034;5815770,561;13,40356;52,41003
50508;11;3;3061131;2019;6;15;7;3;0;1;0;1;0;0;0;0;0;0;799197,8984;5831042,543;13,4134;52,54706
50509;11;1;1011304;2019;9;23;1;3;6;4;2;0;1;1;0;0;0;1;800020,007;5828096,834;13,42283;52,52021
50510;11;4;4010101;2019;12;12;1;2;2;6;0;0;1;0;0;0;0;1;790876,6417;5828953,21;13,2892;52,53284
50511;11;4;4020311;2019;6;9;2;2;5;3;0;1;0;0;0;1;0;0;789801,7343;5826261,233;13,27105;52,50928
50512;11;4;4020313;2019;8;15;3;3;5;2;0;0;1;0;0;0;0;0;790523,7956;5826394,917;13,28178;52,51009
50513;11;4;4030622;2019;11;10;2;3;6;7;0;0;1;1;0;0;0;1;792073,0963;5826651,419;13,30477;52,51156
50514;11;11;11030721;2019;8;15;3;3;5;2;0;1;0;0;0;1;0;0;803737,2933;5827585,098;13,47698;52,51356
50515;11;3;3040818;2019;4;11;6;3;5;3;0;1;1;0;0;0;0;0;799131,138;5832326,271;13,41357;52,5586
50516;11;10;10010204;2019;10;11;1;2;5;3;0;0;1;0;0;0;1;0;808903,9273;5833413,708;13,55829;52,56289
50517;11;4;4020310;2019;9;14;7;3;2;6;0;0;1;0;0;0;0;0;790401,1975;5827910,807;13,2813;52,52375
50519;11;2;2050601;2019;6;8;2;3;5;2;0;1;0;0;0;1;0;0;801641,132;5828895,333;13,44737;52,52647
50520;11;7;7040401;2019;8;15;2;3;0;7;0;1;0;0;0;0;0;0;797777,7283;5823819,948;13,38605;52,4831
50521;11;4;4020311;2019;4;19;6;2;6;4;0;1;0;1;0;0;0;0;789859,7965;5826230,244;13,27188;52,50897
50522;11;2;2050602;2019;11;10;3;3;5;2;0;1;1;0;0;0;0;0;802592,0568;5827701,53;13,46026;52,51524
50523;11;1;1011202;2019;6;18;3;3;0;6;0;1;0;0;0;0;1;0;797244,8936;5827533,792;13,38154;52,51668
50524;11;3;3071639;2019;9;12;7;3;2;6;0;0;1;0;0;0;1;0;800442,5103;5829678,583;13,43046;52,53415
50525;11;2;2010101;2019;12;1;7;3;2;6;2;0;1;0;0;0;0;1;797087,661;5825778,259;13,37767;52,50103
50526;11;7;7020203;2019;8;19;2;3;0;6;0;0;1;0;1;0;0;0;795661,398;5823954,139;13,3551;52,48545
50527;11;2;2020202;2019;10;10;3;3;2;2;0;1;0;0;0;0;1;0;797899,2026;5825428,51;13,38927;52,49745
50528;11;4;4020310;2019;9;12;7;2;2;6;0;0;1;0;0;0;0;0;790485,5766;5828472,748;13,28303;52,52874
50529;11;1;1033203;2019;8;15;2;3;5;2;0;1;1;0;0;0;0;0;796285,7975;5830277,485;13,3699;52,5418
50530;11;2;2020202;2019;4;20;6;3;3;6;1;0;1;0;0;0;0;0;797899,9775;5825342,688;13,38921;52,49668
50531;11;4;4041133;2019;10;12;2;3;2;6;0;0;1;0;0;0;1;0;790547,7734;5825192,117;13,28108;52,49929
50532;11;3;3071639;2019;6;22;1;3;0;7;2;1;0;0;0;0;0;0;800118,0762;5829112,295;13,42518;52,52925
50533;11;3;3061332;2019;9;20;7;3;0;6;1;0;1;0;1;0;0;0;799415,9909;5830332,064;13,41596;52,54057
50535;11;10;10040933;2019;6;13;2;3;5;3;0;1;1;0;0;0;0;0;813337,299;5827199,225;13,61762;52,50467
50536;11;6;6040701;2019;4;12;6;3;0;5;0;1;1;0;0;0;0;0;782904,5061;5815862,169;13,16088;52,41965
50537;11;4;4020310;2019;11;13;5;2;2;6;0;0;1;0;0;0;0;0;790480,2361;5828457,219;13,28294;52,5286
50538;11;9;9010101;2019;6;12;1;3;5;2;0;1;1;0;0;0;0;0;802585,0186;5825068,876;13,45776;52,49165
50539;11;4;4010101;2019;12;15;2;3;2;6;1;0;1;0;0;1;0;1;791273,3298;5829906,321;13,29587;52,54117
50540;11;10;10010204;2019;8;12;2;3;5;3;0;0;1;0;0;0;0;0;808905,8771;5833417,549;13,55832;52,56293
50541;11;1;1011102;2019;4;10;5;2;5;2;0;1;0;0;1;0;0;0;796554,3067;5827804,02;13,37164;52,51948
50542;11;7;6010209;2019;10;14;4;2;0;6;0;0;1;0;0;0;0;0;794458,0398;5821624,732;13,33537;52,46522
50543;11;10;10030726;2019;9;12;7;3;2;6;0;0;1;0;0;0;0;0;809293,6486;5827391,843;13,55842;52,50871
50545;11;7;7050502;2019;8;12;2;3;3;6;0;0;1;0;0;1;0;0;797680,6525;5818714,409;13,38007;52,43739
50546;11;4;4051551;2019;4;18;5;3;3;6;0;0;1;0;0;1;0;0;792570,1623;5823390,039;13,30921;52,48206
50547;11;1;1011303;2019;9;4;1;3;5;3;2;0;1;0;0;0;1;1;799788,8134;5828607,126;13,41989;52,52491
50548;11;1;1011202;2019;6;9;4;3;3;2;0;0;1;0;1;1;0;0;796920,2823;5827454,628;13,3767;52,51615
50549;11;7;7040401;2019;9;0;7;3;0;7;2;0;0;0;0;0;1;0;797783,7923;5823705,15;13,38604;52,48207
50550;11;3;3040614;2019;12;9;6;3;1;5;0;0;1;0;0;1;0;0;798635,602;5832999,652;13,40689;52,56491
50551;11;6;6040701;2019;6;15;1;3;1;5;0;1;1;0;0;0;0;0;783371,1207;5815994,474;13,16784;52,4206
50552;11;1;1011303;2019;8;11;1;3;1;5;0;1;1;0;0;0;0;0;798712,7876;5827925,912;13,40346;52,51939
50553;11;3;3050925;2019;4;17;5;3;1;5;0;1;1;0;0;0;0;0;802044,4813;5831477,616;13,45565;52,54939
50554;11;1;1011303;2019;11;23;6;3;5;7;2;0;1;0;0;0;1;1;798698,5888;5827909,145;13,40324;52,51925
50555;11;3;3040818;2019;9;19;7;3;5;3;1;1;1;0;0;0;0;0;798705,807;5832902,57;13,40784;52,564
50556;11;7;7060601;2019;11;12;3;3;2;2;0;0;1;0;0;0;0;0;796608,831;5815997,411;13,36194;52,41361
50557;11;1;1044201;2019;8;15;7;3;5;2;0;0;1;0;0;0;0;0;796048,448;5831363,313;13,36737;52,55166
50558;11;1;1011105;2019;4;17;5;3;5;2;0;0;1;0;1;0;0;0;796467,9448;5826422,729;13,36914;52,50714
50559;11;11;11040926;2019;10;7;5;3;0;7;1;1;1;0;0;0;0;1;806431,8442;5827357,94;13,51635;52,51002
50560;11;4;4030622;2019;9;16;7;3;5;2;0;0;1;0;0;0;1;0;792272,0671;5826684,843;13,30772;52,51176
50562;11;4;4030623;2019;6;15;1;2;3;6;0;0;1;0;1;0;0;0;793312,1777;5826833,58;13,32314;52,51253
50563;11;4;4030417;2019;6;14;1;3;3;6;0;1;0;0;0;0;0;0;791640,7005;5826578,761;13,29835;52,51114
50564;11;7;7030303;2019;12;20;3;3;2;6;2;0;1;0;0;0;0;1;795753,515;5823099,571;13,35569;52,47774
50565;11;3;3071639;2019;8;21;7;3;0;7;1;0;0;0;1;0;0;1;800067,3788;5829071,591;13,4244;52,52892
50566;11;2;2020202;2019;4;15;5;3;5;2;0;1;1;0;0;0;0;0;797898,7256;5825430,732;13,38927;52,49747
50567;11;7;7070701;2019;10;17;5;2;6;7;0;0;1;1;0;0;0;0;799212,3491;5816424,978;13,40049;52,41603
50568;11;4;4030417;2019;9;15;7;3;6;4;0;1;0;1;0;0;0;0;791841,9591;5826612,732;13,30134;52,51134
50570;11;2;2040703;2019;8;3;7;2;0;4;2;0;0;1;1;0;0;1;801878,72;5826540,934;13,44873;52,50523
50571;11;4;4030622;2019;4;16;5;2;5;2;0;1;1;0;0;0;0;0;792738,8413;5826741,842;13,31463;52,51202
50572;11;2;2050802;2019;9;18;2;3;3;6;1;1;0;0;0;0;0;0;802027,6343;5826990,444;13,45132;52,50918
50573;11;1;1011105;2019;6;9;4;3;5;3;0;1;1;0;0;0;0;0;796775,2185;5826670,717;13,37387;52,5092
50574;11;6;6030503;2019;9;16;6;3;0;2;0;1;1;0;0;0;0;0;789579,521;5817961,039;13,26058;52,43498
50575;11;3;3040818;2019;12;12;7;3;3;6;0;0;0;0;0;1;1;0;800060,309;5833694,437;13,42848;52,57036
50576;11;6;6030503;2019;6;0;1;3;1;1;2;0;1;0;0;0;0;0;789733,66;5817963,408;13,26285;52,43492
50577;11;3;3061131;2019;4;15;5;3;6;4;0;1;0;1;0;0;0;0;799182,6296;5830889,965;13,41304;52,5457
50578;11;2;2050602;2019;11;23;6;3;5;2;2;1;1;0;0;0;0;1;802149,0888;5827727,21;13,45377;52,51572
50579;11;3;3071639;2019;11;17;3;3;2;6;2;0;1;0;0;0;0;0;800556,1758;5829815,705;13,43226;52,53532
50580;11;7;7030303;2019;8;15;6;3;5;2;0;0;1;0;0;0;0;0;795642,1488;5823232,062;13,35417;52,47899