OBJECTID;LAND;BEZ;LOR;UJAHR;UMONAT;USTUNDE;UWOCHENTAG;UKATEGORIE;UART;UTYP1;ULICHTVERH;IstRad;IstPKW;IstFuss;IstKrad;IstGkfz;IstSonstige;USTRZUSTAND;LINREFX;LINREFY;XGCSWGS84;YGCSWGS84
50813;11;5;5020524;2019;10;11;3;3;2;6;0;0;1;0;0;0;0;1;783497,6986;5826692,429;13,17879;52,51646
50814;11;7;7050506;2019;9;4;1;3;1;1;0;0;1;0;0;0;0;0;798755,3482;5817463,518;13,39472;52,42559
50816;11;4;4010103;2019;5;8;4;3;8;1;0;0;0;0;1;0;0;0;791555,1596;5829121,317;13,29932;52,53398
50817;11;2;2040503;2019;7;2;6;3;3;6;2;0;0;0;0;0;1;0;801877,7814;5827775,571;13,44983;52,5163
50818;11;4;4030622;2019;4;18;3;3;5;3;0;1;1;0;0;0;0;0;792758,2877;5826766,69;13,31494;52,51223
50819;11;1;1011303;2019;11;4;7;3;0;3;2;0;0;0;0;0;1;1;799190,2375;5828394,367;13,4109;52,52333
50820;11;1;1033203;2019;5;9;3;3;5;2;0;1;1;0;0;0;0;0;796184,661;5830195,038;13,36834;52,54111
50821;11;2;2050602;2019;12;7;3;3;5;2;1;1;1;0;0;0;0;0;802590,2623;5827701,719;13,46023;52,51524
50822;11;10;10010204;2019;7;11;5;3;5;3;0;0;1;0;0;0;1;0;808903,356;5833412,582;13,55828;52,56289
50823;11;9;9010101;2019;4;17;3;3;4;7;0;1;1;0;0;0;0;0;802819,2752;5825432,068;13,46153;52,49477
50824;11;2;2050602;2019;10;11;6;3;5;2;0;1;0;0;0;0;1;0;802144,1501;5827755,655;13,45373;52,51598
50825;11;2;2050602;2019;9;20;7;2;6;4;2;0;1;1;0;0;0;0;802567,4021;5827688,131;13,45988;52,51514
50826;11;4;4010102;2019;7;23;5;2;3;1;2;0;1;0;0;0;0;0;792233,6238;5829352,6;13,3095;52,53569
50827;11;3;3040513;2019;4;7;3;3;5;2;0;1;1;0;0;0;0;0;798001,1958;5833659,639;13,39815;52,57118
50828;11;1;1011303;2019;10;9;3;3;5;2;0;1;1;0;0;0;0;1;799595,725;5828279,342;13,41676;52,52208
50829;11;4;4020313;2019;6;18;4;3;2;6;0;0;1;0;0;0;0;0;790620,6013;5827200,323;13,28391;52,51726
50830;11;7;7020202;2019;9;12;7;3;3;6;0;0;1;0;0;0;0;0;794723,4767;5823149,647;13,34061;52,47875
50831;11;1;1044201;2019;12;16;2;3;6;2;2;0;1;1;0;0;0;0;796042,4921;5831349,744;13,36727;52,55154
50832;11;1;1033203;2019;5;8;3;3;5;2;0;1;0;0;0;1;0;0;796184,661;5830195,038;13,36834;52,54111
50833;11;2;2040701;2019;4;17;3;2;6;4;0;1;0;1;0;0;0;0;800961,2254;5827853,204;13,43644;52,5175
50834;11;6;6030503;2019;11;10;7;3;0;2;0;1;1;0;0;0;0;1;791021,6546;5818794,891;13,28246;52,44169
50835;11;1;1011303;2019;5;8;3;3;2;2;0;1;0;0;0;0;1;0;799571,012;5828269,929;13,41638;52,522
50836;11;7;7040403;2019;11;17;4;3;2;6;2;0;1;0;0;0;0;1;797378,7454;5822327,423;13,37886;52,46994
50837;11;3;3061435;2019;7;16;5;3;3;6;0;1;1;0;0;0;0;0;801584,3731;5829015,065;13,44665;52,52757
50838;11;7;7030303;2019;4;17;3;3;5;2;0;0;1;0;1;0;0;0;795640,0762;5823234,294;13,35415;52,47901
50839;11;12;12301205;2019;10;9;6;3;5;3;0;0;1;0;1;0;0;0;792376,7482;5837733,564;13,319;52,61075
50840;11;7;7010104;2019;9;12;7;3;5;3;0;0;1;0;1;0;0;0;796007,2839;5824868,098;13,36099;52,49346
50842;11;1;1044203;2019;5;17;3;3;6;4;0;1;1;1;0;0;0;0;795944,3302;5831686,674;13,36613;52,55461
50843;11;3;3040614;2019;7;13;5;3;2;6;0;0;1;0;0;0;0;0;798390,5097;5833450,388;13,40369;52,56909
50844;11;7;7050501;2019;4;12;2;3;5;2;0;0;1;0;0;0;0;0;797869,6447;5820429,477;13,38438;52,45266
50845;11;5;5040935;2019;6;12;7;3;4;6;0;1;0;0;0;0;0;0;781147,7721;5823608,577;13,14164;52,49002
50846;11;2;2020203;2019;9;11;7;3;2;6;0;0;1;0;0;0;0;0;797761,1633;5824670,24;13,38657;52,49073
50847;11;7;7040403;2019;12;3;1;3;5;3;2;0;1;0;0;0;0;1;797832,7128;5822294,185;13,3855;52,46939
50848;11;3;3061332;2019;5;11;3;2;0;2;0;0;1;0;1;0;0;0;799982,3608;5830224,387;13,42419;52,5393
50849;11;7;7020202;2019;7;8;5;3;2;2;0;1;1;0;0;0;0;0;795230,4544;5823534,838;13,3484;52,48193
50850;11;12;12103219;2019;11;0;1;2;1;1;2;0;1;0;0;0;0;1;795706,4796;5832855,902;13,36368;52,56522
50851;11;2;2050602;2019;7;6;5;3;5;2;0;0;1;0;0;0;0;0;802147,0322;5827743,728;13,45376;52,51587
50852;11;12;12103219;2019;4;22;2;3;0;3;2;0;1;0;1;0;0;0;795712,6231;5832840,06;13,36375;52,56508
50853;11;7;7050502;2019;10;13;7;3;5;3;0;1;1;0;0;0;0;0;798153,95;5819054,333;13,38732;52,44017
50854;11;4;4030417;2019;9;20;6;3;0;1;2;1;1;0;0;0;0;0;790860,6487;5826431,28;13,28676;52,51024
50856;11;7;7060604;2019;5;10;2;2;0;7;0;1;0;0;0;0;0;0;796423,8577;5815399,872;13,3587;52,40836
50857;11;12;12103115;2019;7;17;4;3;1;5;0;1;1;0;0;0;0;0;795413,5367;5833583,149;13,36001;52,5719
50858;11;1;1011303;2019;4;18;2;3;0;5;0;1;0;0;0;0;1;0;798902,6546;5828084,716;13,4064;52,52071
50859;11;5;5020629;2019;11;17;3;1;6;4;1;0;1;1;0;0;1;1;785375,0764;5826217,721;13,20597;52,51122
50860;11;1;1011303;2019;6;11;3;3;5;2;0;1;1;0;0;0;0;0;799761,8956;5828627,234;13,41951;52,5251
50861;11;6;6040703;2019;9;6;6;3;3;6;0;0;1;0;0;0;0;0;785936,5173;5819063,562;13,20809;52,44678
50862;11;4;4020310;2019;12;18;6;2;2;6;2;0;1;0;0;0;0;1;790481,002;5828459,686;13,28296;52,52862
50863;11;2;2050601;2019;7;15;4;3;0;1;0;1;0;0;0;0;0;0;802030,3993;5828104,722;13,45237;52,51917
50864;11;9;9020601;2019;10;13;3;3;2;6;0;0;1;0;0;0;0;0;806635,9127;5821121,058;13,51361;52,45401
50865;11;4;4020314;2019;9;13;6;3;3;6;0;0;1;0;0;0;1;0;790463,3745;5825454,988;13,28007;52,5017
50866;11;12;12214125;2019;6;15;7;3;2;6;0;0;1;0;0;0;0;0;792033,1386;5831711,134;13,30863;52,55694
50867;11;12;4010101;2019;9;13;6;3;0;6;0;0;0;0;0;0;1;0;791557,862;5830732,139;13,30078;52,54842
50868;11;12;12103219;2019;12;13;2;3;3;6;0;0;1;0;0;1;0;0;795749,2545;5832703,992;13,36417;52,56384
50869;11;2;2020203;2019;5;9;2;3;3;6;0;1;1;0;0;0;0;0;797758,56;5824138,596;13,38606;52,48596
50870;11;3;3020307;2019;7;19;4;2;2;7;0;0;1;0;0;0;0;0;801220,0704;5837679,906;13,44916;52,60544
50871;11;5;5020524;2019;4;15;2;3;0;7;0;0;1;0;0;0;1;0;783319,4461;5826476,398;13,17598;52,51461
50872;11;7;7050502;2019;11;12;2;3;0;6;0;0;1;0;1;0;0;1;798192,196;5818900,192;13,38774;52,43877
50873;11;7;7050501;2019;7;7;4;3;2;6;0;0;1;0;0;0;1;0;798084,3215;5819322,401;13,38654;52,44262
50874;11;4;4030417;2019;4;8;2;3;5;2;0;1;1;0;0;0;0;0;791173,6869;5826482,474;13,29141;52,51053
50875;11;7;7040403;2019;10;17;1;3;0;7;0;1;1;0;0;0;0;0;797871,8593;5821606,167;13,38546;52,4632
50876;11;12;12103115;2019;9;12;6;3;6;7;0;0;0;1;0;1;0;0;795493,1487;5833372,01;13,361;52,56997
50878;11;4;4030623;2019;5;15;1;3;6;4;0;1;0;1;0;0;0;0;792766,7518;5826768,126;13,31506;52,51224
50879;11;4;4051551;2019;7;15;4;3;2;6;0;0;1;0;0;1;0;0;793199,5736;5823013,942;13,31812;52,47835
50880;11;2;2050602;2019;4;8;2;3;5;3;0;1;1;0;0;0;0;0;803308,6414;5827628,703;13,47072;52,51419
50881;11;3;3020209;2019;11;22;3;3;0;3;2;1;1;0;0;0;0;1;798165,6982;5836121,947;13,40279;52,59316
50882;11;3;3061131;2019;6;7;4;2;5;3;0;1;0;0;0;0;0;0;799162,7604;5830629,884;13,41251;52,54338
50883;11;4;4041133;2019;9;12;6;3;2;6;0;0;1;0;0;0;0;0;790561,4154;5825168,888;13,28126;52,49908
50884;11;2;2050802;2019;12;13;7;3;1;5;0;1;1;0;0;0;1;0;802041,4204;5827052,417;13,45158;52,50973
50885;11;9;9010201;2019;7;16;4;3;5;2;0;0;1;0;0;0;0;0;803117,5809;5824546,014;13,46511;52,48667
50886;11;12;12103115;2019;10;9;4;3;3;6;0;0;1;0;0;0;0;0;795438,7631;5833516,538;13,36033;52,57129
50887;11;7;7060601;2019;9;15;6;3;8;7;0;0;1;0;0;0;0;0;796604,0224;5816011,462;13,36189;52,41374
50888;11;7;7040401;2019;7;14;4;3;3;6;0;0;1;0;1;0;1;0;797780,0198;5823444,981;13,38575;52,47974
50889;11;12;12302212;2019;4;0;1;3;5;2;2;1;1;0;0;0;0;0;792728,4084;5837423,794;13,3239;52,60778
50890;11;4;4030417;2019;10;0;3;3;5;2;2;0;1;0;0;0;0;0;791027,762;5826458,485;13,28924;52,51039
50891;11;4;4020314;2019;6;13;2;3;2;6;0;0;1;0;0;1;0;0;790539,5092;5825848,345;13,28153;52,50518
50892;11;11;11030721;2019;9;20;5;3;5;2;2;1;1;0;0;0;0;0;804870,077;5827449,155;13,49349;52,51171
50894;11;10;10010204;2019;5;2;1;3;6;4;2;0;0;1;0;0;1;0;808704,0049;5832916,884;13,55489;52,55856
50895;11;10;10030726;2019;7;19;4;3;2;6;0;0;1;0;0;0;0;0;809474,7248;5827395,029;13,56108;52,50863
50896;11;4;4041239;2019;4;13;7;3;2;6;0;0;1;0;0;0;0;0;792327,4094;5823539,619;13,30578;52,48353
50897;11;5;5040936;2019;11;7;5;2;4;6;1;1;0;0;0;0;0;0;780347,0074;5822457,689;13,12891;52,48011
50898;11;4;4010101;2019;5;17;1;3;2;6;0;0;1;0;0;0;0;0;791279,7996;5829931,119;13,29599;52,54139
50899;11;4;4030417;2019;12;16;3;3;5;2;2;1;1;0;0;0;0;1;791031,9133;5826459,167;13,2893;52,5104
50900;11;2;2040503;2019;7;20;3;3;2;6;0;0;1;0;0;0;1;0;801956,6836;5827767,694;13,45098;52,51619
50901;11;4;4030417;2019;4;1;7;3;5;3;2;0;1;0;0;0;0;0;791859,781;5826594,454;13,30159;52,51117
50902;11;2;2050602;2019;10;8;5;2;0;2;0;1;1;0;0;0;0;1;802589,2812;5827701,822;13,46022;52,51525
50903;11;3;3061126;2019;9;6;5;3;5;2;1;1;0;0;0;1;0;0;799197,1656;5831456,209;13,41376;52,55077
50905;11;3;3061332;2019;7;18;3;3;1;5;0;1;1;0;0;0;1;0;799244,8305;5830348,479;13,41346;52,54081
50906;11;2;2050602;2019;4;0;7;3;6;4;2;0;1;1;0;0;0;0;802586,285;5827702,138;13,46017;52,51525
50907;11;4;4041342;2019;9;17;2;3;8;1;0;0;1;0;0;0;0;1;792467,4451;5822711,22;13,30711;52,47603
50908;11;2;2040503;2019;6;5;4;3;2;6;0;0;1;0;0;0;0;0;801554,8479;5827808,342;13,44512;52,51677
50909;11;4;4030417;2019;9;11;5;3;5;2;0;1;1;0;0;0;0;0;791025,9514;5826476,846;13,28923;52,51056
50910;11;1;1011304;2019;12;17;6;3;2;6;2;1;0;0;0;0;0;0;800161,2148;5828007,345;13,42482;52,51933
50911;11;4;4020313;2019;5;0;1;3;0;1;2;1;0;0;0;0;0;0;790487,1164;5826370,173;13,28122;52,50989
50912;11;12;12103218;2019;7;16;3;3;5;3;0;1;1;0;0;0;0;0;794405,1736;5834451,556;13,34595;52,58023
50913;11;2;2050602;2019;4;11;7;2;5;3;0;0;1;0;0;0;1;0;802179,9971;5827734,048;13,45423;52,51576
50914;11;2;2050602;2019;11;9;6;3;6;7;0;1;0;1;0;0;0;0;802971,6255;5827662,934;13,4658;52,51469
50915;11;1;1011105;2019;9;6;5;3;5;2;0;1;1;0;0;0;0;1;796552,0495;5826607,731;13,37054;52,50875
50916;11;3;3061332;2019;11;16;3;3;2;2;2;0;1;0;0;0;0;0;799994,5511;5830220,96;13,42437;52,53926
50917;11;12;12301203;2019;7;14;3;3;5;3;0;0;1;0;0;0;0;0;794097,8371;5835017,603;13,34193;52,58547
50918;11;3;3040818;2019;4;15;6;3;5;2;0;0;1;0;0;0;1;0;799144,6965;5832234,253;13,41369;52,55777
50919;11;1;1011102;2019;10;17;5;3;6;4;0;1;0;1;0;0;0;0;796020,6913;5827317,977;13,36336;52,51541
50920;11;9;9010102;2019;9;16;4;3;6;7;0;0;0;1;0;0;1;0;802700,4524;5825200,286;13,45958;52,49276
50922;11;1;1044102;2019;5;11;7;3;5;3;0;0;1;0;1;0;0;0;795878,9912;5832057,624;13,3655;52,55797
50923;11;12;12103219;2019;7;14;3;3;6;4;0;1;0;1;0;0;0;0;795607,1064;5833078,747;13,36241;52,56727
50924;11;10;10010309;2019;4;9;6;3;1;6;0;0;1;0;0;0;1;0;807658,4255;5830125,927;13,53693;52,53414
50925;11;12;12301203;2019;6;11;6;3;2;6;0;0;1;0;0;0;1;0;794004,7104;5835187,84;13,34071;52,58705
50926;11;7;7040405;2019;9;10;4;3;2;6;0;0;1;0;0;0;0;0;798532,6026;5822076,619;13,39558;52,46706
50927;11;6;6040701;2019;12;17;6;3;0;2;2;1;1;0;0;0;0;0;783380,8229;5815986,783;13,16797;52,42053
50928;11;3;3040818;2019;5;11;7;3;6;6;0;1;0;1;0;0;0;0;799105,4928;5832323,698;13,41319;52,5586
50929;11;3;3050925;2019;7;12;3;3;3;6;0;1;1;0;0;0;0;0;802026,3459;5831470,094;13,45537;52,54933
50930;11;12;12103218;2019;11;0;7;3;3;2;2;0;1;0;0;0;0;1;794573,0263;5833797,856;13,34784;52,57428
50931;11;1;1011202;2019;7;7;3;2;6;4;0;0;0;1;0;1;0;0;798299,4167;5827699,107;13,39719;52,51758
50932;11;9;9010202;2019;4;12;6;3;2;2;0;0;1;0;0;0;0;0;804106,561;5824366,79;13,47946;52,48451
50933;11;3;3010104;2019;10;7;6;3;0;7;0;0;1;0;0;0;1;0;799610,712;5840103,442;13,42766;52,62805
50934;11;2;2050602;2019;9;9;4;3;1;5;0;0;1;0;1;0;0;0;802952,9476;5827648,731;13,46551;52,51457
50936;11;1;1044203;2019;5;3;7;3;2;6;2;1;1;0;0;0;0;0;795936,0764;5831656,853;13,36598;52,55435
50937;11;9;9020601;2019;7;10;3;3;0;1;0;1;0;0;0;0;0;0;805389,6535;5822331,019;13,49644;52,46555
50938;11;3;3071639;2019;4;23;6;3;1;5;2;1;1;0;0;0;1;0;800191,5136;5829229,626;13,42637;52,53027
50939;11;3;3061332;2019;11;14;2;3;1;5;0;1;1;0;0;0;0;1;799476,782;5830320,663;13,41685;52,54044
50940;11;12;12304314;2019;6;6;3;3;2;6;0;0;1;0;0;0;0;0;790265,2677;5835720,574;13,28614;52,59383
50941;11;12;12103219;2019;9;14;4;3;5;2;0;1;1;0;0;0;0;1;795741,5325;5832766,011;13,36411;52,5644
50942;11;3;3071639;2019;12;15;6;3;1;5;1;1;1;0;0;0;1;1;800243,1284;5829312,09;13,4272;52,53098
50943;11;1;1044102;2019;7;16;3;3;0;4;0;1;0;1;0;0;0;0;795880,5776;5832049,104;13,36552;52,5579
50944;11;3;3040818;2019;4;16;6;3;5;3;0;1;1;0;0;0;0;0;800081,8883;5832712,619;13,4279;52,56154
50945;11;1;1011204;2019;10;11;2;3;3;6;0;0;1;0;1;0;0;0;797771,0665;5826852,17;13,38867;52,51028
50946;11;6;6010209;2019;9;14;3;2;0;1;0;0;0;0;1;0;0;0;794283,8942;5821479,34;13,33269;52,46401
50947;11;4;4020310;2019;7;10;3;3;2;6;0;0;1;0;0;0;0;0;790469,0215;5828470,112;13,28279;52,52872
50948;11;3;3050923;2019;4;7;6;3;2;6;0;0;1;0;0;0;0;0;800254,4103;5831890,385;13,4297;52,55408
50949;11;1;1044102;2019;10;20;7;3;5;3;2;1;0;0;0;0;1;0;795877,1449;5832069,085;13,36548;52,55808
50950;11;2;2050602;2019;6;7;7;3;5;2;0;0;1;0;0;0;0;0;802580,986;5827686,767;13,46008;52,51512
50951;11;6;6040701;2019;9;17;3;3;5;2;0;1;1;0;0;0;0;0;784010,9845;5815896,449;13,17714;52,41939
50953;11;2;2020202;2019;5;14;7;2;6;4;0;0;1;1;0;0;0;0;797848,3604;5825020,28;13,38816;52,49382
50954;11;10;10010204;2019;4;9;5;2;5;3;0;0;1;0;0;0;1;0;808896,7093;5833396,48;13,55817;52,56274
50955;11;9;9010102;2019;11;16;3;2;4;6;1;1;0;0;0;0;0;0;802744,1203;5825182,787;13,4602;52,49258
50956;11;3;3061126;2019;5;23;6;3;5;3;2;1;1;0;0;0;0;0;799218,3272;5832063,732;13,41462;52,5562
50957;11;7;7020203;2019;12;3;1;3;3;6;2;0;1;0;0;0;0;0;795427,1164;5823727,647;13,35146;52,48355
50958;11;3;3020209;2019;7;8;3;3;2;6;0;0;1;0;0;1;0;0;797987,5594;5834232,537;13,39847;52,57632
50959;11;7;7030303;2019;4;8;5;3;2;6;0;0;1;0;0;0;0;0;795882,5403;5822666,93;13,3572;52,47379
50960;11;7;7020203;2019;10;17;3;2;1;5;1;1;1;0;0;0;0;0;795777,942;5824124,054;13,35696;52,48691
50961;11;12;12214125;2019;9;17;3;3;9;1;0;0;1;0;0;0;0;0;791725,7868;5831080,545;13,30355;52,55145
50963;11;3;3061332;2019;7;8;3;3;1;5;0;1;1;0;0;0;0;0;799410,266;5830311,447;13,41586;52,54039
50964;11;12;12103218;2019;4;17;5;2;6;2;0;0;1;1;0;0;0;0;794572,1608;5833819,002;13,34784;52,57447
50965;11;7;7030303;2019;9;14;7;3;2;6;0;0;1;0;0;0;0;0;795779,9387;5822653,883;13,35568;52,47373
50966;11;7;7040405;2019;6;7;3;2;0;1;0;0;0;0;1;0;0;0;798507,0583;5822075,571;13,3952;52,46706
50967;11;3;3020209;2019;9;9;3;3;5;2;0;1;0;0;1;0;0;0;797964,7404;5834379,815;13,39826;52,57765
50968;11;7;7040402;2019;12;15;4;3;2;6;1;0;0;0;1;0;1;0;796527,0164;5822534,852;13,36655;52,47226
50969;11;2;2040503;2019;5;19;6;2;6;4;0;0;1;1;0;0;0;0;801720,0235;5827775,407;13,44751;52,51639
50970;11;2;2050602;2019;7;8;3;3;2;6;0;0;1;0;0;0;0;0;802402,8225;5827721,977;13,4575;52,51553
50971;11;2;2050602;2019;7;19;3;3;3;6;0;0;1;0;0;0;0;0;802240,8521;5827722,524;13,45512;52,51562
50972;11;7;7050502;2019;4;17;5;3;6;4;0;0;1;1;0;0;0;0;797488,4024;5818027,404;13,37664;52,43133
50973;11;4;4041137;2019;10;16;1;3;0;1;0;0;1;0;0;0;0;0;791606,3029;5824315,24;13,29587;52,49087
50974;11;3;3040513;2019;6;17;1;3;1;5;0;1;1;0;0;0;0;0;798036,6879;5833871,054;13,39886;52,57305
50975;11;2;2050802;2019;9;9;3;3;5;2;0;1;1;0;0;0;0;0;802087,2624;5827268,67;13,45245;52,51164
50977;11;12;12214527;2019;5;11;6;3;2;6;0;0;1;0;0;0;0;0;790734,878;5834804,238;13,29224;52,58537
50978;11;1;1011104;2019;4;10;4;3;3;6;0;0;1;0;0;0;0;0;796158,5013;5825729,913;13,36398;52,5011
50979;11;4;4020314;2019;11;18;4;3;2;6;2;0;1;0;0;0;0;0;790538,8206;5825782,939;13,28147;52,5046
50980;11;3;3020209;2019;5;7;6;2;6;4;0;0;1;1;0;0;0;0;798121,7316;5835643,263;13,40171;52,58889
50981;11;11;11030721;2019;12;18;2;2;6;4;2;0;1;1;0;0;0;1;804235,3995;5827533,243;13,48425;52,51282
50982;11;12;12103219;2019;7;16;2;3;5;2;0;1;1;0;0;0;0;1;795766,1555;5832696,099;13,36441;52,56376
50983;11;1;1022202;2019;4;13;4;3;3;6;0;0;0;0;1;0;1;0;796257,1944;5829008,332;13,36834;52,53043
50984;11;12;12103218;2019;10;9;4;3;0;2;0;0;0;0;1;1;0;0;794482,8079;5834309,75;13,34697;52,57892
50985;11;2;2020202;2019;9;16;3;3;1;5;0;0;1;0;0;0;1;0;797853,8265;5825034,428;13,38825;52,49394
50987;11;3;3020307;2019;7;16;2;3;2;7;0;0;0;0;1;1;0;1;799838,101;5839521,122;13,43048;52,6227
50988;11;12;12301205;2019;4;11;4;3;0;6;0;1;0;1;0;0;0;0;792202,123;5837875,658;13,31655;52,61211
50989;11;4;4020208;2019;9;6;1;2;0;1;1;1;0;0;0;0;0;1;788602,2287;5826071,415;13,25327;52,50821
50990;11;3;3061429;2019;6;7;3;2;5;2;0;1;1;0;0;0;0;0;801323,0873;5830980,75;13,44459;52,54534
50991;11;7;7040401;2019;9;10;2;3;6;7;0;0;0;1;1;0;0;0;797802,7459;5822956,91;13,38565;52,47535
50992;11;1;1011201;2019;12;8;6;3;3;6;0;0;1;0;0;0;1;0;797606,9071;5826825,796;13,38623;52,51014
50993;11;10;10030726;2019;5;8;6;2;2;6;0;0;1;0;0;0;0;0;808656,095;5827443,155;13,5491;52,50953
50994;11;2;2020202;2019;7;14;2;3;6;4;0;1;0;1;0;0;0;0;797831,6495;5824972,554;13,38787;52,4934
50995;11;3;3061126;2019;4;10;4;3;5;3;0;1;1;0;0;0;0;0;799237,0637;5831941,674;13,41478;52,5551
50996;11;4;4041134;2019;11;21;5;3;5;3;2;0;1;0;0;0;0;1;791239,7434;5824612,921;13,29074;52,49373
50997;11;4;4020313;2019;9;20;2;3;5;2;2;0;1;0;1;0;0;0;790652,9678;5826416,509;13,2837;52,51022
50998;11;7;7040403;2019;11;16;2;3;2;6;2;0;1;0;0;0;0;0;797236,8087;5822344,164;13,37679;52,47016
50999;11;7;7050502;2019;7;19;2;3;2;6;0;0;1;0;0;1;0;0;797689,97;5818746,418;13,38024;52,43767
51000;11;1;1011303;2019;4;14;4;3;0;4;0;0;0;1;0;0;1;0;799199,2594;5828376,163;13,41102;52,52316
51001;11;3;3050923;2019;10;16;4;3;2;6;0;0;1;0;0;0;0;1;800266,2406;5831893,351;13,42987;52,5541
51002;11;2;2020202;2019;9;19;2;3;3;6;1;0;1;0;1;0;0;0;797907,0808;5825155,662;13,38915;52,495
51004;11;7;7060601;2019;5;13;6;2;0;3;0;0;1;0;0;0;1;0;796612,5477;5816012,405;13,36201;52,41374
51005;11;11;11030721;2019;7;15;2;3;0;2;0;1;1;0;0;0;0;1;804514,4693;5827504,73;13,48832;52,51241
51006;11;1;1011202;2019;4;8;4;2;1;5;0;1;1;0;0;0;0;0;798021,4887;5827659,21;13,39307;52,51738
51007;11;9;9020601;2019;6;15;5;3;2;6;0;0;1;0;0;0;0;0;806767,8374;5820992,654;13,51543;52,45278
51008;11;1;1011102;2019;9;18;2;3;6;4;0;1;0;1;0;0;0;0;796214,675;5827351,115;13,36624;52,5156
51009;11;1;1011303;2019;12;21;5;3;5;7;2;0;1;0;0;0;0;1;799103,263;5827687,45;13,40899;52,51704
51010;11;3;3061332;2019;5;13;6;3;0;7;0;1;1;0;0;0;0;0;799804,7982;5830235,664;13,42159;52,5395
51011;11;7;7040406;2019;7;13;2;3;0;1;0;0;1;0;0;0;0;0;799731,0818;5821397,324;13,41255;52,46031
51012;11;3;3020209;2019;11;17;6;3;0;6;2;0;1;0;0;0;1;0;797968,8766;5834464,314;13,3984;52,57841
51013;11;4;4010101;2019;7;0;2;3;3;6;2;0;1;0;0;0;0;0;791183,6949;5829569,331;13,29426;52,5382
51014;11;10;11041023;2019;9;9;6;2;2;6;0;0;1;0;0;1;0;1;807863,8575;5827447,254;13,53747;52,51001
51015;11;9;9010102;2019;4;21;4;3;5;3;2;1;0;0;0;0;0;0;802794,659;5825161,934;13,46093;52,49237
51016;11;7;7040402;2019;10;17;5;3;2;6;0;0;1;0;0;0;0;1;796530,1834;5822537,805;13,36659;52,47228
51017;11;6;6030501;2019;9;18;2;3;5;3;0;1;1;0;0;0;0;0;787893,8156;5817567,208;13,23552;52,43234
51019;11;7;7040402;2019;5;15;6;3;2;6;0;0;1;0;0;0;0;0;796424,9918;5822607,306;13,36511;52,47296
51020;11;2;2040703;2019;7;17;1;3;3;7;0;0;1;0;1;0;0;0;801822,8456;5826380,543;13,44776;52,50383
51021;11;12;12103219;2019;4;15;4;3;5;7;0;0;1;0;1;0;0;0;795697,559;5832844,843;13,36353;52,56513
51022;11;4;4051656;2019;11;6;2;3;2;6;2;0;1;0;0;0;0;1;793849,2516;5823006,052;13,32765;52,47793
51023;11;7;7050501;2019;6;15;7;3;2;6;0;0;1;0;0;0;0;0;797910,8828;5820199,645;13,38478;52,45057
51024;11;1;1033203;2019;9;17;2;3;5;2;0;1;1;0;0;0;0;0;796285,6224;5830276,98;13,36989;52,54179
51025;11;7;7050502;2019;12;9;5;3;0;6;0;0;1;0;1;0;0;0;797463,1046;5817915,655;13,37617;52,43034
51026;11;1;1011102;2019;7;13;1;3;0;7;0;1;0;0;0;0;0;0;796044,4008;5827309,656;13,3637;52,51532
51027;11;3;3071633;2019;4;8;4;3;0;6;0;1;0;0;0;0;0;0;800011,4686;5830335,86;13,42472;52,54028
51028;11;4;4010101;2019;10;18;1;3;2;6;2;0;1;0;0;0;0;0;790652,6353;5828832,269;13,2858;52,53187
51029;11;7;7040402;2019;9;9;2;3;2;6;0;0;1;0;0;0;0;0;796549,9771;5822524,956;13,36687;52,47216
51030;11;12;12103218;2019;7;0;1;3;2;7;2;0;1;0;0;0;1;1;794771,4488;5833773,85;13,35074;52,57396
51031;11;2;2050803;2019;4;6;4;2;1;1;0;0;1;0;0;1;1;0;801827,3317;5826230,764;13,44769;52,50248
51032;11;3;3061429;2019;10;0;6;3;0;1;2;0;0;0;0;0;1;0;801077,3742;5830653,499;13,44068;52,54254
51033;11;3;3010102;2019;6;14;6;3;2;6;0;0;1;0;0;0;0;0;804470,5933;5839656,907;13,49883;52,62135
51034;11;2;2050602;2019;9;8;2;3;2;6;0;0;1;0;0;1;0;0;803524,9446;5827605,491;13,47388;52,51386
51036;11;1;1011102;2019;5;16;6;3;5;2;0;0;1;0;0;0;1;0;796455,757;5827391,142;13,36982;52,51583
51037;11;4;4030623;2019;4;17;3;3;5;2;0;1;1;0;0;0;0;0;793092,5534;5826823,302;13,3199;52,51256
51038;11;1;1011202;2019;11;5;2;3;8;1;0;1;0;0;0;0;0;0;797926,3962;5827647,242;13,39166;52,51732
51039;11;7;7030303;2019;5;17;6;3;2;6;0;0;1;0;1;0;0;0;795497,7765;5822691,519;13,35158;52,47422
51040;11;4;4030417;2019;11;5;7;3;0;3;2;0;1;0;0;0;1;0;791578,3933;5826568,226;13,29743;52,51108
51041;11;2;3061435;2019;7;23;7;3;2;6;2;0;1;0;1;0;0;1;801652,4161;5828924,633;13,44756;52,52673
51042;11;1;1022202;2019;4;8;3;3;2;6;0;0;1;0;0;0;0;0;796160,7183;5829148,784;13,36705;52,53175
51043;11;9;9010101;2019;10;17;2;3;3;6;2;0;1;0;1;0;0;0;802594,1696;5825112,021;13,45794;52,49203
51044;11;4;4030622;2019;9;11;2;3;2;7;0;0;1;0;1;0;0;0;792058,022;5826627,717;13,30453;52,51136
51046;11;11;11030721;2019;7;22;7;3;5;2;2;1;1;0;0;0;0;1;804236,394;5827518,617;13,48425;52,51269