OBJECTID;LAND;BEZ;LOR;UJAHR;UMONAT;USTUNDE;UWOCHENTAG;UKATEGORIE;UART;UTYP1;ULICHTVERH;IstRad;IstPKW;IstFuss;IstKrad;IstGkfz;IstSonstige;USTRZUSTAND;LINREFX;LINREFY;XGCSWGS84;YGCSWGS84
51279;11;3;3040818;2019;8;17;3;3;2;6;0;0;1;0;0;0;0;0;800046,5772;5833714,748;13,42829;52,57055
51281;11;4;4010101;2019;5;7;2;3;2;6;0;0;1;0;0;1;0;0;790679,3432;5828859,441;13,28622;52,5321
51282;11;1;1033203;2019;7;21;6;3;5;3;1;0;1;0;0;0;0;0;796248,2138;5829982,307;13,36908;52,53917
51283;11;3;3061131;2019;4;18;5;3;3;6;0;1;0;0;0;0;0;0;799162,5329;5830671,427;13,41254;52,54375
51284;11;7;7050501;2019;6;13;6;3;6;7;0;0;1;1;0;0;0;0;797898,4907;5820269,106;13,38466;52,4512
51285;11;2;2040703;2019;8;15;3;3;3;6;0;1;0;0;0;0;1;0;801833,7485;5826409,226;13,44795;52,50408
51286;11;3;3061332;2019;12;2;7;3;0;1;2;0;0;0;1;0;0;1;799256,9428;5830346,139;13,41364;52,54079
51287;11;9;9010302;2019;5;7;2;3;0;7;0;0;0;0;0;0;1;0;803176,3054;5820757,156;13,46253;52,45268
51288;11;7;7020203;2019;7;20;6;3;0;7;1;1;1;0;0;0;0;0;795900,4905;5824346,081;13,35896;52,48883
51289;11;3;3071638;2019;4;15;5;2;2;2;0;1;0;0;1;0;0;0;800032,5132;5828977,109;13,4238;52,52809
51290;11;4;4041137;2019;11;12;1;3;0;7;0;0;0;0;1;0;0;1;791423,6509;5824487,905;13,29333;52,49251
51291;11;1;1011201;2019;7;18;6;3;4;7;0;1;0;0;0;0;1;0;796947,9663;5826723,715;13,37646;52,50958
51292;11;1;1011102;2019;4;15;5;3;0;1;0;1;0;0;0;0;0;0;794461,4601;5827039,688;13,34021;52,51376
51293;11;6;6030503;2019;10;0;7;2;5;2;2;1;1;0;0;0;0;0;791047,9857;5818810,087;13,28286;52,44181
51294;11;3;3061429;2019;8;13;3;3;6;4;0;1;0;1;0;0;0;0;800964,8492;5830471,871;13,43886;52,54097
51296;11;1;1033203;2019;5;9;2;3;2;6;0;0;1;0;1;0;0;0;796209,4331;5830216,175;13,36872;52,54129
51297;11;4;4051656;2019;7;13;6;3;2;6;0;0;1;0;0;0;0;0;793657,8858;5822996,356;13,32483;52,47795
51298;11;4;4020314;2019;4;10;5;3;3;6;0;0;1;0;0;0;0;0;790524,9899;5825555,495;13,28107;52,50256
51299;11;10;10040933;2019;11;16;2;3;6;2;1;0;1;1;0;0;0;1;813535,5481;5827175,354;13,62051;52,50435
51300;11;6;6030605;2019;6;18;3;3;2;6;0;0;1;0;1;0;0;0;791486,9933;5819087,176;13,28955;52,44406
51301;11;4;4030417;2019;8;8;3;3;6;4;0;0;0;1;0;0;1;0;791225,584;5826509,518;13,29219;52,51074
51302;11;4;4041239;2019;12;21;6;3;3;6;2;0;1;0;0;1;0;1;792322,6885;5823565,338;13,30573;52,48376
51303;11;8;8010510;2019;7;13;6;3;2;6;0;0;1;0;1;0;0;1;802701,2285;5821622,715;13,45634;52,4607
51304;11;6;6040701;2019;4;17;4;3;5;7;0;0;1;0;1;0;0;0;782691,7981;5815809,605;13,15772;52,41929
51305;11;7;7020203;2019;10;22;2;3;1;5;2;1;1;0;0;0;0;0;795609,6256;5823904,827;13,35429;52,48504
51306;11;9;9020601;2019;8;8;3;3;5;2;0;1;0;0;0;1;0;0;806755,264;5821005,241;13,51526;52,4529
51307;11;4;4030622;2019;7;12;6;3;0;6;0;0;1;0;1;0;0;1;792307,2882;5826690,76;13,30825;52,51179
51308;11;9;9010402;2019;4;16;4;3;2;6;0;0;1;0;0;0;0;0;806237,1678;5818433,814;13,5053;52,43015
51309;11;4;4041137;2019;10;7;1;3;2;6;0;0;1;0;0;0;0;0;791554,328;5824359,977;13,29514;52,4913
51310;11;5;5040936;2019;6;10;7;3;0;3;0;1;1;0;0;0;0;0;780179,2403;5822276,784;13,1263;52,47858
51311;11;7;7030303;2019;8;19;3;2;0;6;0;0;1;0;1;0;0;0;795295,7511;5822728,085;13,34864;52,47466
51313;11;3;3061126;2019;5;9;2;3;5;2;0;1;1;0;0;0;0;0;799197,1111;5831455,217;13,41376;52,55076
51314;11;1;1022202;2019;4;16;4;3;2;6;0;0;1;0;0;0;0;0;796186,446;5829111,311;13,3674;52,5314
51315;11;1;1011304;2019;11;9;4;3;5;3;0;1;1;0;0;0;0;0;800017,9531;5828097,722;13,4228;52,52022
51316;11;2;2050602;2019;5;13;1;3;5;3;0;0;1;0;1;0;0;0;802179,5497;5827722,558;13,45422;52,51566
51317;11;11;11041022;2019;12;8;2;3;2;6;1;0;1;0;0;0;1;0;806222,5356;5827368,213;13,51329;52,51023
51318;11;1;1011303;2019;7;16;6;3;1;5;0;1;1;0;0;0;0;0;799641,7331;5828421,185;13,41756;52,52332
51319;11;3;3071638;2019;4;8;4;3;5;2;0;1;1;0;0;0;0;0;800024,0305;5829000,649;13,4237;52,52831
51320;11;4;4041134;2019;10;19;3;3;9;1;2;0;1;0;0;0;0;0;790984,3289;5824647,066;13,28702;52,49418
51321;11;1;1011303;2019;8;12;3;3;2;2;0;1;0;0;0;1;0;0;799552,2964;5828281,397;13,41612;52,52212
51323;11;1;1011202;2019;7;9;6;3;0;7;0;0;1;0;1;0;0;1;796932,0132;5827450,009;13,37687;52,5161
51324;11;3;3020209;2019;4;8;4;3;5;3;0;0;1;0;0;0;0;0;798165,6306;5836121,299;13,40279;52,59315
51325;11;4;4041342;2019;9;16;7;3;0;6;0;0;0;0;1;1;0;1;792468,6074;5822720,802;13,30713;52,47611
51326;11;2;2050602;2019;6;16;3;3;2;6;0;1;1;0;0;0;0;0;803173,4013;5827625,779;13,46873;52,51424
51327;11;9;9020601;2019;8;15;2;3;3;6;0;0;1;0;0;0;0;0;806704,6885;5821033,604;13,51454;52,45319
51328;11;3;3040513;2019;12;16;6;3;5;3;2;0;1;0;0;0;1;1;798042,2336;5833911,476;13,39898;52,57341
51329;11;4;4030622;2019;5;11;1;2;1;5;0;1;1;0;0;0;0;0;792532,2514;5826707,05;13,31157;52,51182
51330;11;3;3051017;2019;7;8;6;3;2;6;0;0;1;0;0;0;0;1;802794,5225;5832859,632;13,46793;52,56136
51331;11;6;6040701;2019;4;17;3;2;5;7;0;0;1;0;1;0;0;0;783794,359;5815996,405;13,17405;52,4204
51332;11;10;10040933;2019;11;8;5;3;2;6;0;0;1;0;0;0;0;1;813259,4902;5827202,624;13,61648;52,50475
51333;11;5;5020629;2019;11;7;2;3;2;6;0;0;1;0;0;0;0;1;785343,595;5826226,064;13,20552;52,51131
51334;11;4;4020311;2019;7;7;6;3;5;2;0;1;0;0;0;0;1;1;790174,4191;5826317,71;13,27658;52,50958
51335;11;4;4010101;2019;4;20;3;3;2;6;2;0;1;0;0;0;0;0;791186,979;5829532,788;13,29427;52,53787
51336;11;1;1011303;2019;10;12;4;3;5;5;0;0;1;0;0;0;0;1;799212,98;5827854,357;13,41075;52,51848
51337;11;1;1011201;2019;8;15;2;3;2;6;0;1;0;0;0;0;0;0;797174,2038;5826753,806;13,37981;52,50973
51339;11;7;7050501;2019;5;5;1;2;1;5;0;0;1;0;0;0;0;0;797932,7636;5820079,213;13,38499;52,44948
51340;11;2;2050601;2019;7;7;6;3;5;2;0;1;1;0;0;0;0;1;801682,241;5828879,222;13,44796;52,5263
51341;11;10;10030726;2019;4;12;3;3;2;6;0;0;1;0;0;1;0;0;809332,2605;5827392,717;13,55899;52,50869
51342;11;2;2050801;2019;6;1;5;3;5;2;2;1;1;0;0;0;0;1;802133,7895;5827644,818;13,45347;52,51499
51343;11;1;1033203;2019;8;11;2;3;5;3;0;1;0;0;0;0;1;0;796274,416;5830256,427;13,36971;52,54161
51344;11;1;1044201;2019;12;5;5;3;6;2;2;0;1;1;0;0;0;1;796043,6175;5831374,859;13,36731;52,55176
51345;11;3;3061434;2019;5;11;7;3;5;2;0;1;1;0;0;0;0;0;800595,6041;5829932,516;13,43294;52,53634
51346;11;7;7070706;2019;7;7;6;3;5;3;0;1;1;0;0;0;0;1;800561,6158;5812278,851;13,41655;52,37812
51347;11;12;12103218;2019;11;5;6;3;4;6;2;1;0;0;0;0;0;1;794558,9856;5833829,694;13,34766;52,57457
51348;11;1;1011303;2019;7;8;5;3;2;6;0;0;1;0;1;0;0;0;799237,7602;5827883,755;13,41114;52,51873
51349;11;9;9020601;2019;9;9;5;3;5;3;0;0;1;0;0;0;1;0;806532,0724;5821202,867;13,51216;52,4548
51350;11;7;7050502;2019;4;13;3;2;6;6;0;1;0;1;0;0;0;0;798584,3007;5817877,349;13,39258;52,42939
51351;11;2;2040703;2019;10;16;5;3;2;7;0;0;1;0;0;0;0;1;801809,1373;5826348,958;13,44753;52,50355
51352;11;3;3040614;2019;8;14;1;3;2;6;0;0;1;0;0;0;0;0;798391,1729;5833449,226;13,4037;52,56908
51354;11;11;11030721;2019;5;8;7;3;2;6;0;0;1;0;0;0;1;0;803800,1154;5827578,717;13,47789;52,51347
51355;11;1;1044203;2019;7;15;5;3;1;5;0;0;1;0;1;0;0;0;795924,2845;5831801,751;13,36594;52,55566
51356;11;9;9010102;2019;4;13;3;3;6;4;0;0;1;1;0;0;0;0;802700,8143;5825200,141;13,45958;52,49276
51357;11;3;3010104;2019;11;17;1;3;2;6;2;0;1;0;0;0;0;1;800237,7009;5839241,911;13,43611;52,61998
51358;11;2;2050602;2019;6;8;7;3;6;4;0;0;1;1;0;0;0;0;802144,717;5827753,619;13,45373;52,51596
51359;11;7;7040405;2019;12;18;5;3;3;6;2;0;1;0;0;0;0;0;798497,3262;5822081,566;13,39506;52,46712
51360;11;4;4020314;2019;7;12;5;2;0;1;0;0;0;0;1;0;0;0;790317,0999;5825487,61;13,27795;52,50207
51361;11;4;4041239;2019;4;14;3;3;2;6;0;0;1;0;0;0;0;0;792039,8018;5823881,19;13,30185;52,48675
51362;11;4;4020311;2019;10;14;7;2;0;7;0;0;1;0;0;0;1;0;790132,9854;5826310,584;13,27597;52,50954
51363;11;3;3010104;2019;8;13;1;3;2;6;0;0;1;0;0;0;0;0;801012,9513;5838518,953;13,44687;52,61307
51364;11;12;12304314;2019;7;17;4;3;8;7;0;0;1;0;0;0;0;0;790150,9857;5836038,866;13,28473;52,59675
51365;11;4;4051549;2019;4;15;3;3;2;6;0;0;1;0;0;0;0;0;792410,7762;5823666,625;13,30711;52,48462
51366;11;1;1011303;2019;10;6;4;3;2;7;2;0;1;0;0;0;0;1;798966,7557;5827456,048;13,40677;52,51504
51367;11;5;5020628;2019;6;9;6;3;0;2;0;1;1;0;0;0;0;0;784031,2901;5826577,032;13,18653;52,51514
51368;11;7;7030303;2019;8;18;1;2;8;1;0;0;1;0;0;0;0;0;795191,3942;5822938,705;13,3473;52,4766
51369;11;4;4041137;2019;12;19;7;3;9;1;2;0;1;0;0;0;0;0;791266,228;5824629,16;13,29115;52,49386
51370;11;4;4041137;2019;5;19;7;3;2;6;0;0;1;0;0;0;0;0;791494,5128;5824411,124;13,29431;52,49179
51371;11;8;8020619;2019;4;15;3;3;2;6;0;0;1;0;0;0;0;0;802014,8972;5821840,852;13,44647;52,46303
51372;11;4;4020310;2019;11;12;2;3;2;6;0;0;1;0;0;0;0;0;790489,1603;5828482,852;13,2831;52,52883
51373;11;12;12214125;2019;5;12;7;3;2;6;0;0;1;0;0;0;0;0;791694,8021;5831013,691;13,30304;52,55087
51374;11;9;9010301;2019;11;18;7;2;6;4;2;0;1;1;0;0;0;0;804561,1628;5823160,994;13,48504;52,47345
51375;11;4;4041239;2019;7;14;4;3;2;6;0;0;1;0;0;0;0;0;792184,6624;5823724,169;13,30384;52,48526
51376;11;7;7060604;2019;4;7;3;3;6;7;0;0;1;1;0;0;0;0;796421,9484;5815395,23;13,35867;52,40831
51377;11;4;4051656;2019;7;17;4;3;2;6;0;0;1;0;0;0;0;0;793771,1756;5822989,036;13,32649;52,47782
51378;11;9;9010101;2019;4;7;3;3;6;4;0;0;0;1;1;0;0;0;802773,5847;5825330,393;13,46077;52,49389
51379;11;12;12103115;2019;11;20;2;3;5;2;2;0;1;0;0;0;0;1;795336,6393;5833744,819;13,35903;52,57339
51380;11;7;7030303;2019;6;11;2;2;0;1;0;0;0;0;1;0;0;0;796165,5893;5822721,456;13,36141;52,47413
51381;11;4;4010103;2019;8;16;7;3;2;6;0;0;1;0;0;0;0;0;791133,3228;5829052,233;13,29306;52,53359
51382;11;12;4010101;2019;12;14;6;3;2;6;0;0;1;0;0;0;0;1;791510,3154;5830620,069;13,29998;52,54744
51383;11;3;3020209;2019;7;6;4;3;5;2;0;1;0;0;0;0;1;0;798224,7278;5835174,746;13,4028;52,58463
51384;11;3;3061434;2019;4;7;2;3;0;2;0;1;1;0;0;0;1;1;800623,1587;5829919,632;13,43334;52,53621
51385;11;11;11030721;2019;10;7;2;3;0;2;0;1;1;0;0;0;0;0;803768,2272;5827581,81;13,47743;52,51352
51386;11;10;10030726;2019;8;14;7;3;2;6;0;0;1;0;0;0;0;0;809541,719;5827393,515;13,56206;52,50858
51387;11;1;1011102;2019;7;6;4;3;3;6;0;0;1;0;0;1;0;0;796573,9925;5827397,241;13,37156;52,51582
51388;11;8;8020619;2019;4;6;2;3;5;3;2;0;1;0;0;1;0;0;801657,3445;5821809,108;13,44119;52,46294
51389;11;4;4041134;2019;10;23;6;2;8;1;2;0;1;0;0;0;0;1;790869,128;5824710,147;13,28538;52,4948
51390;11;1;1011303;2019;6;16;6;3;5;3;0;1;0;0;0;0;1;0;798866,1933;5828077,049;13,40585;52,52066
51391;11;12;12103219;2019;8;13;7;3;5;2;0;1;1;0;0;0;0;0;795677,4113;5832895,943;13,36328;52,5656
51393;11;7;7050502;2019;5;12;7;3;4;6;0;1;0;0;0;0;0;0;797552,3199;5818313,943;13,37784;52,43387
51394;11;3;3061434;2019;4;5;2;3;5;3;2;0;1;0;0;0;0;0;800602,7939;5829929,261;13,43305;52,53631
51395;11;3;3061332;2019;11;15;3;3;6;2;0;0;1;1;0;0;0;0;799998,6611;5830219,686;13,42443;52,53925
51396;11;10;10040933;2019;5;14;7;3;2;6;0;0;1;0;0;0;0;0;813572,5681;5827170,599;13,62105;52,50428
51397;11;12;12214422;2019;11;12;7;3;5;3;0;0;1;0;0;0;0;0;792144,2362;5832837,337;13,31125;52,56698
51398;11;6;6040703;2019;7;10;3;3;1;5;0;0;1;0;0;0;0;0;785784,9525;5816470,24;13,20364;52,42361
51399;11;4;4020310;2019;4;16;2;3;2;6;0;0;1;0;0;1;0;0;790481,4;5828460,969;13,28296;52,52864
51400;11;6;6040701;2019;10;16;3;2;5;2;0;1;1;0;0;0;0;0;782755,7163;5815836,874;13,15868;52,4195
51401;11;3;3050925;2019;8;11;7;3;1;5;0;0;1;0;0;0;0;0;802151,4035;5831524,76;13,45726;52,54975
51403;11;1;1011105;2019;7;17;3;3;2;6;0;0;1;0;0;0;0;0;796454,613;5826462,212;13,36898;52,5075
51404;11;9;9010101;2019;4;14;2;3;2;6;0;0;1;0;0;0;0;0;802727,9201;5825296,267;13,46007;52,49361
51405;11;1;1044201;2019;9;0;7;3;5;3;2;0;1;0;0;0;0;0;796045,4376;5831343,744;13,36731;52,55148
51406;11;4;4041137;2019;6;20;2;3;2;6;0;0;1;0;0;0;1;0;791502,6085;5824421,034;13,29443;52,49187
51407;11;10;10040933;2019;8;7;7;3;2;6;0;0;1;0;0;0;0;0;813515,2205;5827163,884;13,6202;52,50426
51408;11;4;4010101;2019;12;13;4;3;2;6;0;0;1;0;0;0;0;0;791158,9011;5829478,011;13,29381;52,53739
51409;11;4;4041137;2019;5;14;7;2;2;6;0;0;1;0;0;0;0;0;791886,4089;5824043,306;13,29974;52,48828
51410;11;4;4020310;2019;7;9;3;3;2;6;0;0;1;0;0;0;1;0;790425,3226;5827781,591;13,28154;52,52257
51411;11;7;7070701;2019;4;13;2;3;1;1;0;0;1;0;0;0;0;0;799736,3266;5814353,283;13,40632;52,39717
51412;11;4;4041137;2019;11;20;4;3;5;3;2;0;1;0;0;0;0;1;791588,4152;5824351,903;13,29563;52,49121
51413;11;2;2010101;2019;11;18;7;3;5;3;2;0;1;0;0;0;0;0;797886,5844;5825489,42;13,38914;52,498
51414;11;2;2020201;2019;7;22;3;3;5;3;2;1;1;0;0;0;0;0;797059,1214;5825704,89;13,37718;52,50039
51415;11;9;9010101;2019;4;10;2;3;5;2;0;1;1;0;0;0;0;0;802847,2224;5825474,971;13,46198;52,49514
51416;11;4;4030417;2019;10;10;3;3;3;6;0;0;1;0;0;0;1;0;791543,8409;5826562,29;13,29692;52,51105
51417;11;4;4020310;2019;8;12;6;2;2;6;0;0;1;0;0;0;0;0;790548,0436;5827364,124;13,28298;52,51877
51419;11;7;7050501;2019;5;16;7;3;2;2;0;0;1;0;1;0;0;0;797709,9631;5818788,603;13,38057;52,43803
51420;11;7;7050502;2019;7;19;3;3;5;3;0;0;0;0;1;0;1;0;798179,1195;5818923,907;13,38757;52,43899
51421;11;3;3071639;2019;4;9;2;3;3;6;0;1;1;0;0;0;0;0;800195,797;5829281,623;13,42648;52,53073
51422;11;4;4010101;2019;11;11;6;3;2;6;0;0;1;0;0;0;0;0;791233,4681;5829753,536;13,29515;52,53982
51423;11;2;2050802;2019;6;7;5;3;3;6;0;0;1;0;1;0;0;1;802065,5557;5827317,548;13,45218;52,51209
51424;11;7;7040403;2019;8;18;6;3;1;5;0;1;1;0;0;0;0;0;797819,0532;5821087,593;13,38422;52,45858
51425;11;11;11030721;2019;12;8;3;3;5;2;0;1;1;0;0;0;0;1;803718,5201;5827570,413;13,47669;52,51344
51426;11;3;3061332;2019;5;23;6;2;6;4;2;0;1;1;0;0;0;0;799989,7991;5830222,484;13,4243;52,53928
51427;11;2;2020202;2019;7;19;2;3;2;6;0;0;1;0;0;0;0;0;797854,2235;5825450,756;13,38863;52,49767
51428;11;6;6040701;2019;10;14;5;3;5;5;0;0;1;0;0;0;0;0;778592,6746;5814901,627;13,09684;52,41325
51429;11;6;6030605;2019;7;22;2;3;0;1;2;1;0;0;0;0;0;0;791863,7567;5819374,803;13,29532;52,44644
51430;11;7;7020203;2019;9;20;5;3;2;6;2;0;1;0;1;0;0;0;795896,5294;5824376,515;13,35892;52,48911
51431;11;4;4030417;2019;4;9;2;3;5;3;0;0;1;0;1;0;0;0;791868,1615;5826595,799;13,30171;52,51117
51432;11;1;1011204;2019;10;22;4;3;2;6;2;0;1;0;0;0;0;0;798857,1799;5827294,573;13,40502;52,51365
51433;11;7;7040401;2019;8;18;6;3;0;7;0;1;0;0;0;0;0;0;797773,6971;5823585,857;13,38578;52,481
51435;11;2;2050803;2019;5;23;6;3;2;6;2;0;1;0;0;0;0;0;802886,2374;5825795,881;13,46285;52,498
51436;11;7;7020202;2019;7;14;2;2;0;1;0;0;0;0;1;0;0;1;794682,5657;5823146,431;13,34001;52,47874
51437;11;1;1033203;2019;4;8;2;3;5;3;0;1;1;0;0;0;0;0;796195,046;5830185,826;13,36848;52,54102
51438;11;7;7060604;2019;11;16;7;3;0;3;1;1;1;0;0;0;0;0;796409,5789;5815365,159;13,35846;52,40805
51439;11;4;4030622;2019;6;19;7;3;2;6;0;0;1;0;0;0;0;0;792124,1239;5826638,825;13,30551;52,51142
51440;11;1;1022202;2019;12;11;4;3;5;3;0;0;1;0;0;0;0;0;795868,3151;5829573,989;13,36313;52,53572
51441;11;2;2020202;2019;7;19;1;3;0;2;0;1;1;0;0;0;0;0;797898,7256;5825430,732;13,38927;52,49747
51442;11;3;3020209;2019;4;7;2;2;0;7;0;0;1;0;0;0;0;0;797962,5067;5834549,117;13,39838;52,57917
51443;11;7;7040402;2019;10;19;6;3;2;6;2;0;1;0;1;0;0;0;796518,8001;5822544,205;13,36643;52,47235
51444;11;9;9020601;2019;8;17;6;2;5;3;0;1;1;0;0;0;0;0;806541,9758;5821193,156;13,5123;52,45471
51445;11;7;7010104;2019;7;23;1;3;0;6;2;0;1;0;0;0;1;0;796007,6436;5824786,695;13,36092;52,49273
51446;11;2;2050602;2019;3;16;1;3;5;3;0;1;0;0;1;0;0;0;803481,8982;5827610,397;13,47325;52,51393
51447;11;1;1011303;2019;10;8;4;2;5;2;0;0;1;0;0;0;0;1;799808,1669;5828638,057;13,4202;52,52517
51448;11;7;7040403;2019;6;19;5;3;2;6;0;0;1;0;0;0;0;0;797853,916;5820519,74;13,38422;52,45347
51449;11;2;2020203;2019;8;23;6;3;1;5;2;1;1;0;0;0;1;0;797754,3318;5824624,964;13,38643;52,49033
51450;11;2;2050601;2019;12;19;6;3;6;4;1;0;1;1;0;0;0;1;802063,957;5828101,286;13,45286;52,51912
51451;11;1;1022202;2019;5;17;6;3;2;6;0;0;1;0;0;0;0;0;796044,9139;5829317,457;13,3655;52,53332
51452;11;12;12231101;2019;3;19;1;3;0;1;1;0;0;0;1;0;0;0;792115,5557;5837979,475;13,31537;52,61309
51453;11;2;2050602;2019;11;6;1;3;9;1;2;0;1;0;0;0;0;0;802110,7627;5828008,353;13,45347;52,51826
51454;11;3;3020209;2019;5;10;6;3;3;1;0;1;1;0;0;0;0;0;798175,9465;5836260,259;13,40306;52,59439
51455;11;3;3050925;2019;11;18;5;3;6;2;2;0;1;1;0;0;0;1;801537,831;5831187,986;13,44793;52,54708
51456;11;1;1044201;2019;7;6;1;3;5;2;0;0;1;0;0;0;0;0;796045,1976;5831344,253;13,36731;52,55149
51457;11;4;4010102;2019;3;16;1;2;3;6;0;0;1;0;1;0;0;0;793439,9447;5829759,957;13,3276;52,5387
51458;11;1;1033203;2019;10;1;1;2;5;2;2;0;1;0;0;0;0;0;796186,9463;5830196,828;13,36837;52,54113
51459;11;7;7040403;2019;8;16;6;3;2;6;0;0;1;0;0;0;0;0;797486,7194;5822327,298;13,38045;52,46988
51461;11;4;4020314;2019;5;16;6;3;3;6;0;0;1;0;0;0;0;0;790489,8396;5825304,797;13,28033;52,50034
51462;11;9;9020601;2019;7;23;7;3;0;4;2;0;0;1;1;0;0;1;806683,3343;5821054,544;13,51425;52,45338
51463;11;1;1011303;2019;3;12;7;3;6;4;0;0;1;1;0;0;0;0;799806,0638;5828634,703;13,42017;52,52514
51464;11;7;7020203;2019;6;23;7;3;1;5;2;1;1;0;0;0;0;0;795571,8602;5823898,223;13,35373;52,485
51465;11;3;3061126;2019;8;15;6;2;5;2;0;1;0;0;0;0;1;0;799220,4889;5832049,473;13,41464;52,55607
51466;11;6;6040703;2019;12;13;2;3;5;2;0;0;1;0;0;0;0;1;786509,8468;5816949,624;13,21469;52,42753
51467;11;1;1011303;2019;5;9;6;3;5;2;0;1;1;0;0;0;0;0;799762,1684;5828627,712;13,41952;52,52511
51468;11;7;7060604;2019;7;16;7;2;5;3;0;0;1;0;0;0;0;0;796422,3304;5815396,159;13,35868;52,40832
51469;11;3;3010104;2019;3;10;6;3;2;6;0;0;1;0;0;0;0;0;799513,9369;5840900,093;13,42696;52,63524
51470;11;9;9010402;2019;11;17;2;3;2;6;2;0;1;0;0;1;0;0;806610,809;5818274,52;13,51063;52,42851
51471;11;12;12231101;2019;7;15;7;3;5;3;0;1;1;0;0;0;0;0;791923,4792;5838850,577;13,31331;52,621
51472;11;3;3010102;2019;3;16;6;2;2;6;0;0;1;0;0;0;0;0;804494,6454;5839633,59;13,49916;52,62112
51473;11;3;3061332;2019;10;19;1;3;5;7;2;1;0;0;0;0;1;1;799432,6979;5830328,934;13,41621;52,54054
51474;11;8;8020619;2019;8;15;6;3;2;6;0;0;1;0;0;0;0;0;801666,936;5821775,719;13,4413;52,46264
51476;11;7;7040401;2019;5;12;6;3;2;7;0;0;1;0;0;0;0;0;797772,5656;5823910,849;13,38606;52,48392
51477;11;7;7050502;2019;7;13;7;3;2;2;0;0;1;0;1;0;0;0;797549,084;5818299,703;13,37778;52,43374
51478;11;4;4030621;2019;3;19;6;3;0;1;2;1;0;0;0;0;0;0;794100,7637;5826993,959;13,33487;52,51354
51479;11;12;12231101;2019;11;13;4;2;6;2;0;0;1;1;0;0;0;0;792117,8192;5837988,879;13,31541;52,61318
51480;11;3;3071633;2019;10;14;2;3;6;4;0;1;0;1;0;0;0;0;800003,4076;5830309,045;13,42458;52,54004
51481;11;11;11010101;2019;8;11;6;3;5;3;0;1;1;0;0;0;0;0;803673,6053;5835100,264;13,48291;52,58095
51483;11;7;7040403;2019;5;9;6;2;0;7;0;0;1;0;0;0;0;0;797404,3296;5822340,112;13,37925;52,47004
51484;11;7;7050502;2019;7;12;7;3;2;3;0;0;1;0;0;0;0;0;797550,5914;5818306,355;13,3778;52,4338
51485;11;9;9010101;2019;3;11;5;3;5;3;0;0;1;0;0;0;1;1;802581,7667;5825080,814;13,45773;52,49176
51486;11;6;6030605;2019;6;12;2;3;5;2;0;0;0;0;1;0;0;0;792443,58;5819762,086;13,30417;52,4496
51487;11;4;4030623;2019;8;12;6;3;2;6;0;0;1;0;1;0;0;0;793155,158;5826843,21;13,32084;52,5127
51488;11;12;12301205;2019;12;17;2;3;6;2;2;0;0;1;0;0;1;0;792710,759;5837441,599;13,32366;52,60795
51489;11;7;7020202;2019;5;12;5;3;0;7;0;1;0;0;0;0;1;1;795512,2076;5823337,19;13,35236;52,48
51490;11;1;1044201;2019;7;9;6;2;5;2;0;1;0;0;0;1;0;0;796050,878;5831331,178;13,36738;52,55137
51491;11;4;4041137;2019;3;15;5;3;2;6;0;0;1;0;0;0;1;0;791565,0842;5824367,873;13,29531;52,49136
51492;11;7;7050502;2019;11;16;3;3;0;6;1;0;1;0;0;0;1;0;797569,5101;5818389,405;13,37815;52,43453
51493;11;3;3061434;2019;11;18;6;3;2;6;2;0;1;0;0;0;0;0;800862,173;5829753,835;13,4367;52,53459
51494;11;7;7040403;2019;7;21;6;3;5;2;2;0;1;0;1;0;0;0;797827,961;5822395,493;13,38552;52,4703
51495;11;4;4020313;2019;3;19;5;3;3;6;2;0;1;0;0;0;0;1;790659,6911;5826398,916;13,28378;52,51005
51496;11;1;1011303;2019;10;20;2;3;3;2;2;1;1;0;0;0;0;0;799552,1887;5828281,464;13,41612;52,52212
51497;11;3;3061126;2019;8;7;6;3;3;6;0;0;1;0;1;0;0;0;799238,9993;5831928,662;13,4148;52,55498
51499;11;12;12103218;2019;5;10;5;3;0;3;0;1;1;0;0;0;0;1;794392,4571;5834475,202;13,34578;52,58045
51500;11;2;2040701;2019;7;18;6;3;3;2;0;0;1;0;1;0;0;0;800385,825;5827977,207;13,42809;52,51893
51501;11;1;1033203;2019;3;8;4;3;5;2;0;1;1;0;0;0;0;0;796195,9944;5830184,968;13,36849;52,54101
51502;11;4;4030417;2019;11;16;4;3;6;4;2;0;1;1;0;0;0;0;791841,6245;5826612,675;13,30133;52,51134
51503;11;10;10040830;2019;6;16;4;2;2;6;0;0;0;0;1;0;1;0;811559,1867;5827117,913;13,59144;52,50496
51504;11;1;1011303;2019;8;0;6;3;0;7;2;0;0;0;0;0;1;0;798793,3887;5827981,826;13,4047;52,51985
51505;11;3;3071633;2019;12;5;2;3;5;3;2;1;1;0;0;0;0;0;800283,87;5830084,748;13,4285;52,53788
51506;11;12;12103218;2019;7;12;6;3;0;2;0;1;1;0;0;0;0;0;794572,2536;5833815,936;13,34784;52,57444
51507;11;4;4020313;2019;9;17;5;3;0;5;0;0;1;0;1;0;0;0;790317,511;5826341,942;13,2787;52,50973
51508;11;10;10010204;2019;10;22;4;3;2;6;2;0;1;0;0;0;0;0;808924,2425;5833401,136;13,55858;52,56277
51509;11;4;4030417;2019;8;18;5;2;5;2;0;1;1;0;0;0;0;0;791847,9988;5826592,407;13,30141;52,51115
51510;11;4;4041137;2019;7;10;6;3;0;7;0;0;0;0;1;0;0;1;791928,8666;5824014,613;13,30034;52,488