OBJECTID;LAND;BEZ;LOR;UJAHR;UMONAT;USTUNDE;UWOCHENTAG;UKATEGORIE;UART;UTYP1;ULICHTVERH;IstRad;IstPKW;IstFuss;IstKrad;IstGkfz;IstSonstige;USTRZUSTAND;LINREFX;LINREFY;XGCSWGS84;YGCSWGS84
192130;11;8;8030831;2019;2;20;5;3;6;7;2;0;1;1;0;0;0;0;804466,7151;5817327,581;13,47833;52,42122
192131;11;1;1011303;2019;2;16;4;3;0;4;1;0;0;1;0;0;1;1;798708,3547;5828099,497;13,40355;52,52095
192132;11;12;12214424;2019;2;11;4;3;2;6;0;0;1;0;0;0;0;0;793253,4511;5832493,085;13,32727;52,5633
192133;11;12;12214421;2019;2;10;4;3;2;6;0;0;1;0;0;0;0;0;793399,0883;5833874,861;13,33063;52,57561
192134;11;8;8020728;2019;2;16;4;2;5;2;0;0;1;0;1;0;0;0;801904,5254;5817559,085;13,44098;52,42471
192135;11;3;3030406;2019;2;12;4;3;5;3;0;0;1;0;0;0;0;1;802871,6113;5838289,472;13,47403;52,60998
192136;11;2;2040701;2019;2;22;4;3;6;4;2;1;0;1;0;0;0;0;800559,2991;5826963,051;13,42973;52,50975
192137;11;3;3050920;2019;2;15;4;3;2;2;0;0;1;0;0;0;0;0;802826,5142;5832019,742;13,46764;52,55382
192138;11;12;12302107;2019;2;15;4;3;6;7;0;0;1;1;0;0;0;0;794932,9682;5836130,942;13,35521;52,595
192139;11;6;6030605;2019;2;16;5;3;5;3;0;0;1;0;0;0;0;0;792041,9339;5819964,413;13,29845;52,45163
192140;11;11;11020515;2019;2;15;4;2;5;3;0;1;1;0;0;0;0;0;805027,2157;5830385,34;13,4985;52,53794
192141;11;10;10020413;2019;2;14;4;3;5;3;0;0;1;0;0;0;0;0;811303,3594;5831186,992;13,59149;52,54157
192142;11;5;5030731;2019;2;12;4;3;1;5;0;0;1;0;0;1;0;0;787525,192;5829440,068;13,24035;52,53898
192143;11;1;1022103;2019;2;13;6;3;2;2;0;0;1;0;0;0;1;0;794657,2987;5829475,99;13,34524;52,53549
192144;11;3;3030715;2019;2;14;4;3;2;7;0;0;1;0;0;0;0;0;800604,8596;5833192,001;13,43603;52,56555
192145;11;1;1044101;2019;2;14;4;2;5;2;0;0;1;0;0;0;0;0;794526,517;5831568,974;13,34518;52,55433
192146;11;9;9010401;2019;2;11;4;3;9;1;0;0;1;0;0;0;0;0;806259,9309;5820697,1;13,50771;52,45042
192147;11;1;1011302;2019;2;13;4;3;6;7;0;0;1;1;0;0;0;0;797652,2784;5828603,876;13,38849;52,52605
192148;11;7;7040405;2019;2;13;4;3;6;4;0;0;1;1;0;0;0;0;798056,22;5820875,912;13,38751;52,45656
192149;11;3;3061126;2019;2;20;4;3;6;2;2;0;1;1;0;0;0;1;799237,371;5831804,684;13,41466;52,55387
192150;11;11;11040925;2019;2;11;4;3;1;5;0;1;0;0;0;1;1;0;803498,8171;5826482,979;13,47247;52,50382
192151;11;7;7060604;2019;2;10;4;3;5;3;0;0;1;0;0;0;1;1;797970,7948;5815787,009;13,38172;52,41099
192152;11;12;12301203;2019;2;9;4;2;9;1;0;0;1;0;0;0;0;1;792877,8476;5835184,738;13,32412;52,58763
192153;11;6;6030607;2019;2;19;5;3;2;6;2;0;1;0;0;0;0;0;792387,9439;5816554,827;13,30055;52,42088
192154;11;3;3050923;2019;2;9;4;3;5;3;0;0;1;0;0;0;0;0;800442,9614;5832251,836;13,4328;52,55722
192155;11;8;8010404;2019;2;8;4;3;9;1;0;1;0;0;0;0;0;0;802125,2209;5823032,897;13,44917;52,47366
192156;11;12;12214126;2019;2;7;4;3;0;5;0;0;1;0;0;1;0;0;790261,5941;5833872,885;13,28446;52,57727
192157;11;1;1044203;2019;2;5;4;3;6;4;2;0;1;1;0;0;0;1;795453,7285;5831564,999;13,35881;52,55379
192158;11;12;12224230;2019;2;7;4;2;5;2;0;1;1;0;0;0;0;0;787096,0223;5838199,536;13,24163;52,61774
192159;11;2;2040702;2019;2;19;4;3;1;5;2;1;1;0;0;0;0;0;801566,4738;5827330,162;13,44485;52,51248
192160;11;1;1011304;2019;2;19;4;3;0;6;1;0;1;0;0;0;1;0;799653,1859;5827919,744;13,41728;52,51882
192161;11;4;4030621;2019;2;18;4;3;0;1;2;1;0;0;0;0;0;0;793610,4486;5827882,981;13,32845;52,52178
192162;11;5;5020625;2019;2;16;4;3;0;2;0;0;0;0;0;0;1;0;784396,8559;5828679,317;13,1937;52,5338
192163;11;10;10040933;2019;2;6;4;3;5;2;2;0;1;0;0;0;1;1;812396,179;5824671,618;13,60143;52,48256
192164;11;6;6040807;2019;2;8;3;3;5;3;0;1;1;0;0;0;0;1;790013,4944;5819151,53;13,26798;52,44542
192165;11;2;2030401;2019;2;15;3;3;5;3;0;0;1;0;0;0;0;0;800637,657;5825688,154;13,42973;52,49828
192166;11;2;2040703;2019;2;11;3;3;5;2;0;0;1;0;0;0;0;0;801757,6509;5826260,779;13,44669;52,50279
192167;11;3;3030405;2019;2;16;5;3;5;3;1;0;1;0;0;0;0;1;803587,7072;5839229,695;13,48544;52,61801
192168;11;7;7040404;2019;2;10;3;3;5;2;0;1;1;0;0;0;0;1;797422,4198;5820393,217;13,37778;52,45257
192169;11;2;2050803;2019;2;5;3;2;5;3;2;0;1;0;0;0;0;0;802111,4779;5826366,238;13,45199;52,50354
192170;11;6;6010103;2019;2;11;3;3;5;3;0;0;1;0;1;0;0;1;793687,5936;5821581,32;13,32402;52,46524
192171;11;1;1011402;2019;2;20;4;2;5;3;2;0;1;0;0;0;0;1;798241,4728;5829623,932;13,39806;52,53487
192172;11;2;2010103;2019;2;12;3;3;6;4;0;0;1;1;0;0;0;1;799018,049;5826320,055;13,40651;52,50483
192173;11;1;1011302;2019;2;15;3;3;2;6;0;0;1;0;0;0;0;0;799038,4561;5828988,894;13,40921;52,52874
192174;11;4;4030930;2019;2;7;3;3;5;3;0;0;1;0;0;0;0;1;792848,3924;5825749,952;13,31537;52,50307
192175;11;2;2010103;2019;2;17;3;3;6;7;2;0;1;1;0;0;0;0;799741,7141;5825777,783;13,41665;52,49957
192176;11;9;9020801;2019;2;20;3;3;2;6;2;0;1;0;0;0;0;1;809764,5334;5820697,408;13,55912;52,44845
192177;11;12;12214423;2019;2;22;3;3;6;2;2;0;1;1;0;0;0;0;792609,8449;5833525,293;13,31871;52,5729
192178;11;1;1011301;2019;2;6;4;3;6;2;1;0;1;1;0;0;0;1;797014,7613;5828941,125;13,37942;52,52942
192179;11;1;1011301;2019;2;22;3;3;5;2;2;0;1;0;0;0;0;0;796929,4628;5828125,601;13,37744;52,52216
192180;11;7;7010104;2019;2;22;3;3;0;2;2;0;1;0;1;0;0;0;796330,8975;5824892,001;13,36576;52,49349
192181;11;12;12301203;2019;2;21;3;3;5;2;2;0;1;0;0;0;0;0;792355,1708;5834061,072;13,31544;52,57784
192182;11;4;4030417;2019;2;11;3;2;5;2;0;1;1;0;0;0;0;1;791560,0264;5826642,134;13,29722;52,51175
192183;11;10;10040932;2019;2;15;5;3;5;2;0;1;1;0;0;0;0;0;813011,8913;5827626,667;13,61325;52,50869
192184;11;8;8010301;2019;2;17;3;2;5;2;2;0;1;0;1;0;0;1;801055,713;5824924,693;13,43518;52,4912
192185;11;4;4010102;2019;2;11;3;2;4;6;0;0;1;0;0;0;1;0;793287,5387;5830042,661;13,32561;52,54131
192186;11;7;7040405;2019;2;13;3;2;2;6;0;0;1;0;0;0;0;1;799484,3535;5820546,542;13,40817;52,45282
192187;11;6;6020409;2019;2;18;4;3;2;6;2;0;1;0;0;0;0;1;793240,3023;5817305,74;13,31371;52,42716
192188;11;5;5030730;2019;2;17;3;3;1;6;2;0;1;0;0;0;0;1;786865,3092;5829335,003;13,23056;52,53839
192189;11;5;5010314;2019;2;12;3;2;1;5;0;1;1;0;0;0;0;1;785310,6049;5829242,089;13,20762;52,53837
192190;11;8;8010303;2019;2;21;3;3;0;1;2;1;0;0;0;0;0;1;801356,3858;5823847,435;13,43862;52,48138
192191;11;4;4051549;2019;2;10;6;3;6;2;0;0;1;1;0;0;0;0;792853,1066;5823931,143;13,31384;52,48676
192192;11;7;7020204;2019;2;14;3;3;8;1;0;0;1;0;0;0;0;0;796299,5622;5822819,037;13,36346;52,47493
192193;11;12;12214424;2019;2;9;2;3;5;3;0;1;1;0;0;0;0;1;792531,7395;5833071,019;13,31716;52,56887
192194;11;9;9030901;2019;2;18;4;2;6;2;2;0;1;1;0;0;0;1;808678,5448;5817094,416;13,53986;52,41677
192195;11;4;4030725;2019;2;21;2;3;0;7;2;0;0;0;1;0;0;1;791699,8457;5826093,318;13,2988;52,50676
192196;11;3;3030405;2019;2;20;2;3;5;3;2;0;1;0;0;0;0;1;804120,4596;5838852,263;13,49293;52,61433
192197;11;9;9010302;2019;2;6;4;3;2;6;1;0;1;0;0;0;0;1;804482,9147;5820692,942;13,48164;52,45137
192198;11;8;8010211;2019;2;20;2;3;1;5;2;1;1;0;0;0;0;0;800914,0412;5823851,266;13,43213;52,48166
192199;11;1;1011201;2019;2;20;2;3;5;3;2;0;1;0;0;0;0;0;797000,5257;5826615,313;13,37713;52,50858
192200;11;4;4041137;2019;2;20;2;3;5;2;2;0;1;0;0;0;0;0;791265,2527;5823330,781;13,29;52,48223
192201;11;4;4030519;2019;2;9;4;3;0;1;0;0;0;0;1;0;0;1;792537,9798;5828264,255;13,31302;52,52577
192202;11;8;8010404;2019;2;19;2;3;2;6;2;0;1;0;0;0;0;1;802603,269;5823076,336;13,45622;52,47378
192203;11;3;3061430;2019;2;18;2;3;2;6;2;0;1;0;0;0;0;0;802343,9706;5829202,478;13,45798;52,52883
192204;11;8;8010117;2019;2;18;2;2;6;4;2;0;1;1;0;0;0;0;800627,9945;5823100,149;13,42725;52,47508
192205;11;10;10010310;2019;2;15;6;2;5;3;0;0;1;0;0;0;1;0;809930,8183;5831620,646;13,57172;52,54624
192206;11;5;5020626;2019;2;17;2;2;6;4;2;0;1;1;0;0;0;0;784767,1778;5827118,882;13,19781;52,51962
192207;11;2;2010103;2019;2;17;2;2;6;4;2;0;1;1;0;0;0;0;799223,1856;5826241,246;13,40945;52,50401
192208;11;6;6020409;2019;2;7;4;3;3;2;0;1;0;0;0;1;0;0;793124,3811;5817647,948;13,31231;52,43029
192209;11;6;6020409;2019;2;15;2;3;2;6;0;0;1;0;0;0;1;0;793139,3831;5816699,821;13,31169;52,42178
192210;11;4;4030620;2019;2;14;2;3;5;3;0;1;1;0;0;0;0;0;792763,0149;5827047,864;13,31526;52,51475
192211;11;7;7020201;2019;2;8;4;3;5;3;0;0;1;0;0;0;0;1;794956,7293;5824450,027;13,34519;52,49028
192212;11;4;4030620;2019;2;14;2;3;9;1;0;0;1;0;0;0;0;0;792753,045;5827026,452;13,31509;52,51456
192213;11;5;5010314;2019;2;14;2;3;6;4;0;0;1;1;0;0;0;0;784490,5145;5828862,284;13,19523;52,53539
192214;11;2;2040701;2019;2;13;2;3;5;3;0;1;1;0;0;0;0;0;800634,0631;5827321,169;13,43115;52,51292
192215;11;7;7010104;2019;2;19;5;3;5;2;2;0;1;0;0;0;1;0;796016,4629;5824955,115;13,3612;52,49423
192216;11;2;2040701;2019;2;13;2;3;6;2;0;0;1;1;0;0;0;0;800330,303;5827622,638;13,42696;52,51578
192217;11;3;3061126;2019;2;11;2;3;0;7;0;0;1;0;0;0;1;1;799213,9062;5831774,133;13,41429;52,55361
192218;11;5;5030832;2019;2;5;2;3;6;2;2;0;1;1;0;0;0;1;789803,5107;5829252,895;13,27369;52,5361
192219;11;11;11030721;2019;2;20;5;3;6;2;2;0;1;1;0;0;0;0;805176,067;5827915,1;13,49842;52,51572
192220;11;12;12214527;2019;2;6;2;3;6;4;1;0;1;1;0;0;0;1;789944,8512;5834936,864;13,28073;52,58698
192221;11;3;3040818;2019;2;6;2;3;2;2;2;0;1;0;0;0;1;1;799535,3767;5833302,102;13,4204;52,56713
192222;11;4;4051549;2019;2;7;2;3;5;3;0;1;1;0;0;0;0;1;792466,3168;5824018,55;13,30824;52,48775
192223;11;9;9051702;2019;2;8;4;3;0;1;0;1;0;0;0;0;0;1;813657,6686;5821703,477;13,61716;52,45524
192224;11;6;6040809;2019;2;7;2;3;6;2;0;0;1;1;0;0;0;1;792338,0771;5820744,487;13,30348;52,45847
192225;11;4;4041344;2019;2;8;2;3;6;2;0;0;1;1;0;0;0;1;793397,8816;5821769,754;13,31994;52,46709
192226;11;12;12214421;2019;2;9;2;3;2;6;0;0;1;0;0;0;0;1;793391,7255;5833197,66;13,32993;52,56954
192227;11;1;1011204;2019;2;18;4;3;5;3;2;0;1;0;0;0;0;1;798483,9722;5826666,626;13,39897;52,50823
192228;11;2;2020203;2019;2;12;2;3;2;6;0;0;1;0;0;0;0;1;797108,4274;5824295,441;13,37665;52,48772
192229;11;11;11010207;2019;2;12;2;3;0;3;0;0;1;0;0;0;1;0;805501,3025;5834600,412;13,50934;52,57545
192230;11;12;12103115;2019;2;11;1;3;5;2;0;0;1;0;0;0;0;1;795480,04;5833415,007;13,36084;52,57036
192231;11;3;3020307;2019;2;16;5;2;6;4;0;0;1;1;0;0;0;0;799990,6231;5838623,79;13,43191;52,61458
192232;11;2;2010103;2019;2;4;1;3;5;3;2;0;1;0;0;0;0;0;799031,3183;5826071,755;13,40648;52,5026
192233;11;8;8010213;2019;2;1;1;3;5;3;2;0;1;0;0;0;0;1;801212,6569;5822539,809;13,43533;52,46974
192234;11;4;4020207;2019;2;15;1;3;5;3;0;0;1;0;1;0;0;1;787784,9179;5826169,529;13,24134;52,50952
192235;11;4;4030726;2019;2;18;4;3;6;2;2;0;1;1;0;0;0;1;792116,5437;5825765,879;13,30463;52,5036
192236;11;4;4041344;2019;2;15;1;3;6;2;0;0;1;1;0;0;0;0;792819,4825;5821878,463;13,31154;52,46837
192237;11;1;1011402;2019;2;16;1;3;5;3;1;0;1;0;0;0;0;0;798674,2573;5829452,209;13,40427;52,53309
192238;11;1;1011101;2019;2;17;1;3;6;4;1;1;0;1;0;0;0;0;794816,8792;5825999,64;13,34451;52,50424
192239;11;10;10020413;2019;2;19;1;3;5;2;2;0;1;0;0;0;0;1;811286,4024;5831546,593;13,59157;52,54481
192240;11;6;6020303;2019;2;7;4;3;6;4;0;0;1;1;0;0;0;0;795223,7334;5818696,699;13,34402;52,43856
192241;11;11;11030619;2019;2;13;1;3;5;3;0;0;1;0;0;0;0;1;803704,7389;5829526,333;13,47827;52,53098
192242;11;8;8010303;2019;2;23;7;3;6;4;2;0;1;1;0;0;0;1;801042,3269;5823879,037;13,43404;52,48184
192243;11;4;4030621;2019;2;21;7;3;5;2;2;0;1;0;0;0;0;1;793606,683;5827940,495;13,32844;52,5223
192244;11;9;9020701;2019;2;20;7;3;5;2;2;0;1;0;0;0;0;1;808978,8515;5818114,138;13,5452;52,42574
192245;11;4;4051653;2019;2;18;7;2;5;3;2;0;1;0;0;0;0;1;793966,0989;5824598,156;13,33077;52,49214
192246;11;3;3030716;2019;2;14;5;3;2;6;0;0;1;0;0;0;1;0;802785,6451;5833529,74;13,46841;52,56737
192247;11;4;4020310;2019;2;20;7;3;2;6;2;0;1;0;0;0;0;1;788940,628;5827609,299;13,25957;52,52182
192248;11;3;3030405;2019;2;18;7;3;5;3;2;0;1;0;0;0;0;1;803640,8822;5839002,322;13,48601;52,61594
192249;11;1;1011304;2019;2;17;7;3;5;2;2;0;1;0;0;0;0;1;799730,882;5827547,138;13,41808;52,51544
192250;11;10;10010204;2019;2;17;4;2;6;4;1;0;1;1;0;0;0;1;809304,0654;5833251,096;13,56402;52,56121
192251;11;7;7050504;2019;2;16;7;3;3;2;2;0;1;0;0;0;1;1;800050,5856;5820446,349;13,41639;52,45161
192252;11;1;1033203;2019;2;16;7;3;5;3;1;0;1;0;0;0;0;1;796805,276;5831272,527;13,37842;52,55043
192253;11;11;11030721;2019;2;16;7;3;5;3;1;0;1;0;0;0;0;1;804531,1334;5827753,191;13,48879;52,51463
192254;11;1;1022101;2019;2;14;6;3;2;6;0;0;1;0;0;0;0;0;793308,2499;5828260,773;13,32434;52,52533
192255;11;7;7010102;2019;2;15;7;3;5;3;0;1;1;0;0;0;0;1;795226,77;5825154,604;13,34978;52,49645
192256;11;6;6040810;2019;2;15;7;3;5;2;0;0;1;0;0;0;0;2;790385,2272;5820847,328;13,27491;52,46043
192257;11;5;5010208;2019;2;15;7;3;2;6;0;0;1;0;0;0;0;1;783959,8415;5830098,802;13,18849;52,54676
192258;11;9;9010302;2019;2;15;7;3;5;3;0;0;1;0;0;0;0;1;803063,207;5820926,183;13,46102;52,45425
192259;11;4;4020204;2019;2;11;6;3;5;2;0;0;1;0;0;0;0;0;787712,0896;5826435,547;13,2405;52,51195
192260;11;2;2010103;2019;2;12;7;3;1;5;0;1;1;0;0;0;0;0;799776,1131;5825763,986;13,41714;52,49943
192261;11;12;12301203;2019;2;9;7;3;2;2;0;0;1;0;0;0;0;1;792653,6771;5834699,95;13,32039;52,5834
192262;11;8;8020622;2019;2;17;4;3;5;3;1;1;1;0;0;0;0;0;801264,7116;5819705,65;13,43353;52,44431
192263;11;4;7010101;2019;2;19;6;3;2;6;2;0;1;0;0;0;0;0;794409,0856;5824886,859;13,33753;52,49449
192264;11;5;5010314;2019;2;10;6;3;3;6;0;0;1;0;0;0;0;0;784977,3416;5829485,951;13,20293;52,54073
192265;11;1;1022104;2019;2;12;6;3;2;6;0;0;1;0;0;0;0;1;794435,337;5828436,611;13,34106;52,5263
192266;11;2;2040703;2019;2;7;4;3;2;2;0;0;1;0;0;0;0;1;800907,1112;5826859,872;13,43474;52,50863
192267;11;1;1033102;2019;2;17;6;3;1;5;1;0;1;0;0;0;0;0;797135,1728;5831845,568;13,38379;52,55539
192268;11;4;4030931;2019;2;20;6;3;5;2;2;0;1;0;0;0;1;0;793941,2539;5825913,463;13,33157;52,50394
192269;11;5;5020628;2019;2;19;6;3;5;2;2;0;1;0;0;0;0;1;784745,2903;5826390,162;13,19686;52,5131
192270;11;11;11030619;2019;2;18;5;3;2;6;2;0;1;0;0;0;0;0;804118,3111;5829847,095;13,48464;52,53362
192271;11;9;9020802;2019;2;17;6;3;2;6;2;0;1;0;0;0;0;1;810485,6933;5820185,744;13,56922;52,44345
192272;11;6;6020305;2019;2;15;6;3;5;3;0;0;1;0;0;0;0;1;795854,8151;5817511,041;13,35223;52,42759
192273;11;5;5010206;2019;2;16;4;2;6;4;1;0;1;1;0;0;0;1;782130,8557;5830499,635;13,16193;52,5513
192274;11;3;3061430;2019;2;23;6;2;6;4;2;0;1;1;0;0;0;1;802304,9395;5829214,379;13,45742;52,52896
192275;11;3;3040818;2019;2;8;6;3;5;3;0;1;1;0;0;0;0;1;799662,4868;5832816,658;13,42183;52,56271
192276;11;3;3020209;2019;2;7;4;3;3;2;0;0;1;0;0;1;0;0;798342,175;5834830,075;13,40422;52,58148
192277;11;7;7030301;2019;2;16;6;3;2;6;1;0;1;0;0;0;0;0;794214,2832;5821987,664;13,33211;52,4686
192278;11;1;1011201;2019;2;17;6;3;1;5;1;1;1;0;0;0;0;0;797052,008;5826872,147;13,37812;52,51085
192279;11;3;3040614;2019;2;10;6;3;0;2;0;0;1;0;0;0;1;0;799997,1797;5834946,167;13,42868;52,58161
192280;11;2;2020204;2019;2;7;4;3;2;6;0;0;1;0;0;0;1;0;798449,8765;5824770,584;13,39677;52,49125
192281;11;4;4030930;2019;2;10;6;3;0;5;0;0;1;0;1;0;0;0;792936,7652;5825758,069;13,31667;52,50309
192282;11;4;4030725;2019;2;9;6;2;1;5;0;1;1;0;0;0;1;0;791762,1648;5825979,742;13,29961;52,50571
192283;11;4;4030931;2019;2;9;6;3;1;5;0;0;1;0;1;0;0;0;794377,0211;5825896,412;13,33795;52,50356
192284;11;2;2030302;2019;2;19;5;3;1;5;2;1;1;0;0;0;0;0;800335,1607;5825815,873;13,4254;52,49959
192285;11;6;6040804;2019;2;7;6;3;5;2;1;1;1;0;0;0;0;1;788136,3651;5818749,989;13,24009;52,44282
192286;11;1;1044201;2019;2;7;6;3;5;3;1;0;1;0;0;0;0;0;796217,505;5831516,042;13,37;52,55293
192287;11;8;8041036;2019;2;7;6;3;5;3;1;0;1;0;0;0;0;0;804478,8534;5816941,643;13,47816;52,41775
192288;11;1;2040701;2019;2;9;3;3;2;6;0;0;1;0;0;0;0;0;800213,3546;5827482,282;13,42511;52,51459
192289;11;2;2010104;2019;2;7;6;3;5;3;1;1;1;0;0;0;0;1;799444,1273;5825668,013;13,41218;52,49875
192290;11;2;2020206;2019;2;6;6;3;6;4;2;0;1;1;0;0;0;1;799546,8981;5824913,747;13,41301;52,49193
192291;11;2;2010101;2019;2;20;1;3;5;3;2;0;1;0;1;0;0;0;797704,579;5825813,425;13,38676;52,50101
192292;11;1;1011402;2019;2;12;4;3;6;4;0;1;0;1;0;0;0;0;798558,2973;5829218,511;13,40235;52,53106
192293;11;9;9031001;2019;2;14;1;3;5;3;0;0;1;0;1;0;0;0;811334,012;5815651,485;13,57744;52,40234
192294;11;12;12302108;2019;2;13;1;3;6;4;0;0;1;1;0;0;0;0;794439,0667;5837013,148;13,34872;52,60318
192295;11;12;12231101;2019;2;7;4;3;5;2;0;1;1;0;0;0;0;0;791310,7822;5838652,615;13,30411;52,61956
192296;11;3;3061227;2019;2;12;1;3;5;3;0;0;1;0;0;0;0;0;799967,0901;5831076,006;13,42474;52,54694
192297;11;4;4031032;2019;2;0;1;3;2;6;2;0;1;0;0;0;0;0;791562,1443;5825090,526;13,2959;52,49784
192298;11;2;2020202;2019;2;0;1;3;5;3;2;0;1;0;0;0;0;0;797574,5628;5825331,774;13,38442;52,49676
192299;11;1;1011204;2019;2;22;4;3;5;3;2;0;1;0;0;0;0;0;798022,5701;5826590,182;13,39213;52,5078
192300;11;2;2030401;2019;2;5;7;3;5;3;1;0;1;0;0;0;0;0;800634,705;5825682,868;13,42968;52,49823
192301;11;10;10030727;2019;2;13;7;3;6;4;0;0;1;1;0;0;0;0;809554,5342;5826617,183;13,56153;52,50162
192302;11;10;10010204;2019;2;19;7;2;6;4;2;0;0;1;0;0;1;0;808987,9101;5832688,382;13,55885;52,55635
192303;11;2;2030302;2019;2;20;7;3;5;3;2;1;1;0;0;0;0;0;800462,3464;5825770,043;13,42723;52,49911
192304;11;11;11010103;2019;2;20;7;3;2;6;2;0;1;0;0;0;0;0;808672,2621;5834214,375;13,55563;52,5702
192305;11;12;12304313;2019;2;19;7;3;5;2;2;0;1;0;0;0;0;0;791910,2282;5834712,377;13,30946;52,58391
192306;11;4;4041137;2019;2;19;7;3;3;6;2;0;1;0;0;0;0;0;791886,114;5823940,008;13,29965;52,48736
192307;11;5;5010314;2019;2;21;7;2;0;1;2;0;1;0;0;0;0;0;785011,6404;5829499,892;13,20344;52,54084
192308;11;4;4051550;2019;2;8;7;3;1;5;0;1;1;0;0;0;0;0;793208,3652;5824022,875;13,31914;52,48739
192309;11;6;6030607;2019;2;20;4;3;1;5;2;0;1;0;0;0;0;0;791585,8215;5816212,847;13,28849;52,41824
192310;11;5;5010101;2019;2;13;7;3;0;7;0;0;1;0;0;0;0;0;784449,1502;5832411,707;13,19767;52,56724
192311;11;4;4030725;2019;2;20;4;3;5;3;2;1;1;0;0;0;0;0;791802,0499;5826224,883;13,30041;52,50788
192312;11;3;3071537;2019;2;12;7;3;2;6;0;0;1;0;0;0;0;0;799800,784;5829552,663;13,42092;52,53338
192313;11;7;7050505;2019;2;12;7;2;6;4;0;0;1;1;0;0;0;0;799270,2078;5819056,232;13,40369;52,43958
192314;11;11;11010310;2019;2;12;7;3;6;4;0;1;0;1;0;0;0;0;805279,8212;5833243,439;13,50484;52,56341
192315;11;4;4041136;2019;2;19;4;3;3;6;2;0;1;0;0;0;0;0;790705,325;5822726,526;13,28125;52,47711
192316;11;4;4030725;2019;2;11;7;3;0;1;0;0;0;0;1;0;0;0;791925,5389;5826104,735;13,30212;52,50674
192317;11;9;9010301;2019;2;11;7;3;5;2;0;1;1;0;0;0;0;0;805012,4605;5822697,024;13,49124;52,46904
192318;11;4;4020314;2019;2;11;7;3;5;2;0;1;1;0;0;0;0;0;790025,389;5825236,385;13,27345;52,49997
192319;11;12;12214527;2019;2;19;4;2;6;4;2;0;1;1;0;0;0;0;789989,7629;5835723,329;13,28208;52,594
192320;11;10;10010308;2019;2;10;7;3;2;6;0;0;1;0;0;0;0;0;806488,4565;5829476,172;13,51913;52,52897
192321;11;2;2030302;2019;2;1;7;3;1;5;2;1;1;0;0;0;0;0;800771,8637;5826179,869;13,43214;52,50261
192322;11;1;1011201;2019;2;19;4;3;5;2;2;1;0;0;0;0;1;0;797575,1544;5826531,775;13,3855;52,50752
192323;11;9;9010101;2019;2;3;7;2;5;3;2;0;1;0;0;0;0;0;802327,3725;5825309,699;13,4542;52,49395
192324;11;5;5010313;2019;2;9;7;3;5;2;0;0;1;0;0;0;0;0;784358,9034;5830001,294;13,19427;52,54567
192325;11;12;12302109;2019;2;10;7;3;6;7;0;0;1;1;0;0;0;0;795476,7293;5836835,832;13,36384;52,60102
192326;11;8;8040933;2019;2;19;4;3;6;2;2;0;1;1;0;0;0;0;803211,5228;5818470,739;13,46097;52,43216
192327;11;1;1022104;2019;2;10;7;3;2;6;0;0;1;0;0;0;0;0;794326,216;5828450,461;13,33947;52,52648
192328;11;11;11040925;2019;2;19;5;2;0;1;2;1;0;0;0;0;0;0;803470,5022;5826533,652;13,4721;52,50429
192329;11;1;1011303;2019;2;19;7;3;2;6;2;0;1;0;0;0;0;0;799530,0633;5828814,673;13,41627;52,52691
192330;11;12;12304313;2019;2;17;7;3;5;3;1;0;1;0;0;0;1;0;791932,6746;5834136,109;13,30929;52,57874
192331;11;4;4030827;2019;2;18;4;3;1;5;1;1;1;0;0;0;0;0;792610,8122;5826113,386;13,3122;52,50645
192332;11;1;1011301;2019;2;10;5;3;1;5;0;1;1;0;0;0;0;0;797086,9012;5828187,321;13,37981;52,52262
192333;11;3;3061228;2019;2;17;7;3;2;6;2;0;1;0;0;0;0;0;800374,4999;5831549,874;13,43116;52,55096
192334;11;1;1011301;2019;2;16;7;3;5;3;0;1;1;0;0;0;0;0;796679,9247;5828759,818;13,37434;52,52798
192335;11;7;7060603;2019;2;18;4;3;5;3;2;0;1;0;0;0;0;0;798131,0863;5816687,783;13,38487;52,41897
192336;11;3;3050925;2019;2;15;7;3;5;3;0;0;1;0;0;0;0;0;802542,7867;5831446,868;13,46294;52,54884
192337;11;1;1011303;2019;2;13;7;3;6;7;0;0;1;1;0;0;0;0;799348,8505;5828110,555;13,41298;52,5207
192338;11;3;3071537;2019;2;17;4;3;2;7;1;1;1;0;0;0;0;0;799375,2612;5829512,726;13,41463;52,53325
192339;11;12;12103115;2019;2;13;7;2;6;7;0;0;0;1;0;0;1;0;795953,6469;5833850,933;13,3682;52,57401
192340;11;4;4051446;2019;2;9;6;3;0;5;0;0;1;0;1;0;0;0;792439,1893;5824962,534;13,30867;52,49623
192341;11;3;3061441;2019;2;18;4;3;5;3;1;1;0;0;0;0;0;0;802809,2767;5828610,776;13,46428;52,52327
192342;11;6;6020408;2019;2;18;6;3;3;2;2;1;1;0;0;0;0;1;792814,3417;5816211,41;13,3065;52,41757
192343;11;3;3061126;2019;2;13;4;3;5;2;0;1;1;0;0;0;0;0;799241,889;5831771,604;13,4147;52,55357
192344;11;6;6010208;2019;2;14;6;3;2;6;0;0;1;0;0;0;0;0;794320,591;5820488,998;13,33235;52,45511
192345;11;6;6030502;2019;2;8;6;3;2;6;0;0;1;0;0;0;1;0;790288,472;5814825,282;13,26826;52,40649