OBJECTID;LAND;BEZ;LOR;UJAHR;UMONAT;USTUNDE;UWOCHENTAG;UKATEGORIE;UART;UTYP1;ULICHTVERH;IstRad;IstPKW;IstFuss;IstKrad;IstGkfz;IstSonstige;USTRZUSTAND;LINREFX;LINREFY;XGCSWGS84;YGCSWGS84
192346;11;4;4051549;2019;2;17;4;3;5;2;0;1;1;0;0;0;0;0;793300,7336;5823601,729;13,32012;52,48356
192347;11;4;4031032;2019;2;21;6;3;5;2;2;1;1;0;0;0;0;0;791015,0738;5824859,226;13,28766;52,49606
192348;11;11;11010309;2019;2;13;6;3;6;4;0;0;1;1;0;0;0;0;804458,3787;5833718,008;13,49319;52,56813
192349;11;1;1044202;2019;2;12;6;3;5;2;0;1;0;0;0;1;0;0;794609,9111;5829869,148;13,34489;52,53904
192350;11;1;1033102;2019;2;16;4;3;2;6;1;0;1;0;0;0;1;0;797892,3584;5831860,907;13,39494;52,55511
192351;11;2;2040502;2019;2;13;6;3;6;2;0;0;1;1;0;0;0;0;800733,7418;5828103,081;13,43332;52,51987
192352;11;5;5010314;2019;2;13;6;3;6;4;0;0;1;1;0;0;0;0;784738,5872;5828820,988;13,19885;52,53489
192353;11;1;1044201;2019;2;14;6;3;2;2;0;1;1;0;0;0;0;0;796438,0222;5831976,239;13,37365;52,55694
192354;11;6;6030501;2019;2;17;4;3;2;6;2;1;1;0;0;0;0;0;787560,5137;5816401,839;13,22963;52,42207
192355;11;3;3071537;2019;2;13;6;3;0;3;0;1;0;0;1;0;0;0;799347,7782;5829466,363;13,41418;52,53285
192356;11;3;3010101;2019;2;14;6;3;2;6;0;0;1;0;0;0;0;0;802964,435;5841989,287;13,47879;52,64309
192357;11;2;2040502;2019;2;14;6;3;1;5;0;1;1;0;0;0;0;0;800728,6578;5828014,004;13,43316;52,51907
192358;11;8;8020727;2019;2;16;4;3;1;5;0;0;1;0;0;0;0;0;800849,8796;5816984,877;13,425;52,42015
192359;11;9;9020501;2019;2;14;6;3;6;4;0;0;1;1;0;0;0;0;806440,5494;5822605,249;13,51211;52,46742
192360;11;9;9020701;2019;2;10;4;3;2;6;0;0;1;0;0;0;0;0;807850,1717;5818113,884;13,52866;52,42637
192361;11;2;2040502;2019;2;7;6;3;6;7;0;0;1;1;0;0;0;0;801205,6662;5828639,855;13,44074;52,52442
192362;11;2;2040703;2019;2;15;6;3;5;3;0;1;1;0;0;0;0;0;801133,8827;5827231,312;13,43841;52,51183
192363;11;1;1033202;2019;2;15;4;3;5;3;0;0;1;0;0;0;0;0;797709,9351;5830185,727;13,39075;52,5402
192364;11;2;2020205;2019;2;12;6;3;5;7;0;1;1;0;0;0;0;0;799190,4857;5824229,189;13,40716;52,48599
192365;11;7;7030301;2019;2;5;6;3;0;5;2;0;0;0;0;0;1;0;793955,9366;5821925,13;13,32827;52,46818
192366;11;1;1011204;2019;2;16;6;3;5;3;0;0;1;0;0;0;0;0;798610,6365;5826916,806;13,40106;52,5104
192367;11;4;4030930;2019;2;15;4;3;1;5;0;1;1;0;0;0;0;0;792903,6719;5825521,565;13,31598;52,50099
192368;11;2;2030401;2019;2;11;6;3;5;5;0;0;1;0;1;0;0;0;800560,5567;5825711,508;13,42862;52,49853
192369;11;2;2040703;2019;2;16;6;3;1;5;0;1;1;0;0;0;1;0;801405,8562;5826415,337;13,44167;52,50437
192370;11;3;3050919;2019;2;11;6;3;5;2;0;0;0;0;1;1;0;1;801348,4282;5832471,114;13,44631;52,55868
192371;11;11;11020411;2019;2;16;6;3;2;7;0;0;1;0;0;0;0;0;805813,942;5832289,712;13,51181;52,55457
192372;11;8;8041037;2019;2;15;4;2;6;4;0;0;1;1;0;0;0;0;805563,5175;5817122,234;13,49423;52,41877
192373;11;4;4030518;2019;2;11;6;3;2;6;0;0;0;0;0;1;1;0;791654,1035;5827913,748;13,29972;52,5231
192374;11;4;4051446;2019;2;10;6;3;5;3;0;0;1;0;0;0;0;0;792609,9731;5824956,268;13,31117;52,49608
192375;11;1;1011302;2019;2;18;6;3;1;5;1;1;1;0;0;0;0;0;798480,2995;5828386,55;13,40046;52,52365
192376;11;5;5020625;2019;2;7;4;3;0;2;0;1;1;0;0;0;0;0;784509,2249;5828605,99;13,19529;52,53309
192377;11;3;3061131;2019;2;14;6;3;5;2;0;1;1;0;0;0;0;0;799177,295;5831110,598;13,41316;52,54768
192378;11;3;3061131;2019;2;19;6;3;2;6;2;0;1;0;1;0;0;0;798689,1868;5830905,619;13,40579;52,54611
192379;11;4;4030726;2019;2;5;4;3;6;4;2;0;1;1;0;0;0;0;792046,0916;5825849,916;13,30367;52,50439
192380;11;11;11030721;2019;2;10;6;3;5;2;0;1;1;0;0;0;0;0;803887,4877;5827939,284;13,47951;52,51665
192381;11;4;4051447;2019;2;19;6;3;6;7;2;0;1;1;0;0;0;0;793124,0917;5825215,575;13,31895;52,49813
192382;11;2;2050801;2019;2;20;6;3;5;3;2;1;1;0;0;0;0;0;802859,1831;5827477,993;13,46398;52,51309
192383;11;5;5010314;2019;2;7;3;3;2;6;0;0;1;0;0;0;0;0;785089,0971;5828965,438;13,20412;52,53601
192384;11;7;7070704;2019;2;20;6;3;6;4;2;1;0;1;0;0;0;0;800200,7118;5813333,434;13,41221;52,38777
192385;11;4;4051445;2019;2;21;6;3;5;2;2;0;1;0;0;0;0;0;792442,0155;5824101,776;13,30795;52,48851
192386;11;10;10040931;2019;2;11;6;2;5;3;0;1;1;0;0;0;0;0;813309,0097;5828734,39;13,61865;52,51845
192387;11;5;5010312;2019;2;13;3;3;5;3;0;0;1;0;0;0;0;0;784898,2895;5830497,355;13,20263;52,54984
192388;11;1;1044202;2019;2;9;6;3;2;6;0;0;1;0;0;0;1;0;795516,0151;5830722,595;13,35897;52,5462
192389;11;8;8020727;2019;2;14;6;3;5;2;0;0;1;0;0;0;1;0;800603,2608;5816867,031;13,42128;52,41923
192390;11;10;10010206;2019;2;7;3;3;5;3;0;0;1;0;0;0;1;0;809975,3127;5832061,819;13,57278;52,55017
192391;11;12;12214125;2019;2;16;6;2;3;6;0;1;1;0;0;0;0;0;788713,5851;5833359,048;13,26123;52,57349
192392;11;6;6020301;2019;2;20;6;3;0;1;2;0;0;0;1;0;0;0;796243,1388;5818611,039;13,3589;52,43724
192393;11;9;9051901;2019;2;16;6;2;0;1;0;0;0;0;1;0;0;0;811614,2722;5821150,041;13,58667;52,45145
192394;11;12;12214125;2019;2;12;3;3;6;4;0;0;1;1;0;0;0;0;791066,0399;5831166,862;13,29393;52,55258
192395;11;7;7020201;2019;2;16;5;3;3;6;0;0;1;0;0;0;0;0;794956,8088;5824448,003;13,34519;52,49026
192396;11;7;7040404;2019;2;15;5;3;5;2;0;0;1;0;0;0;1;0;796384,2203;5819736,513;13,36197;52,44725
192397;11;7;7020201;2019;2;18;5;2;6;2;2;0;1;1;0;0;0;1;794931,7147;5824662,007;13,34501;52,49219
192398;11;7;7070703;2019;2;15;3;3;5;3;0;0;1;0;0;0;0;0;799476,6099;5813653,464;13,40189;52,39104
192399;11;8;8010405;2019;2;16;5;3;1;5;0;0;1;0;0;0;0;1;802028,9323;5823591,062;13,44826;52,47871
192400;11;8;8010301;2019;2;20;5;3;6;2;2;0;1;1;0;0;0;0;801300,8819;5824010,038;13,43795;52,48287
192401;11;7;7030301;2019;2;11;5;3;2;6;0;0;1;0;0;0;0;1;793967,676;5821530,288;13,32809;52,46464
192402;11;4;4041241;2019;2;21;5;3;6;2;2;0;1;1;0;0;0;1;791348,8998;5822564,516;13,29055;52,47531
192403;11;10;10040933;2019;2;12;3;3;5;3;0;0;1;0;0;0;0;0;812386,0313;5824308,53;13,60094;52,47932
192404;11;1;1011105;2019;2;19;5;2;5;2;2;0;1;0;1;0;0;1;796640,2538;5826651,994;13,37187;52,5091
192405;11;2;2030301;2019;2;19;5;3;6;2;2;0;1;1;0;0;0;1;799899,918;5825981,922;13,41916;52,50132
192406;11;2;2030302;2019;2;9;3;3;3;6;0;1;0;0;0;1;0;0;801629,2853;5826033,857;13,4446;52,50083
192407;11;1;7010101;2019;2;19;5;3;5;3;2;1;1;0;0;0;0;1;794805,1802;5825990,495;13,34433;52,50417
192408;11;8;8010301;2019;2;19;5;3;5;2;2;0;0;0;1;0;1;1;800990,9392;5824209,697;13,43358;52,48483
192409;11;2;2040703;2019;2;9;3;3;5;2;0;1;1;0;0;0;0;0;801353,1441;5826456,898;13,44093;52,50477
192410;11;10;10040931;2019;2;19;5;2;6;2;2;0;1;1;0;0;0;1;813736,5301;5829980,558;13,62611;52,52937
192411;11;4;4020311;2019;2;13;4;3;6;2;0;0;1;1;0;0;0;0;789003,1923;5826971,668;13,25994;52,51607
192412;11;7;7050505;2019;2;18;5;3;5;2;1;0;1;0;1;0;0;1;798772,4223;5819086,06;13,39642;52,44012
192413;11;5;5030731;2019;2;17;5;3;5;7;2;0;1;0;1;0;0;1;787204,2461;5829743,85;13,2359;52,54187
192414;11;1;1011104;2019;2;8;3;3;5;2;0;1;1;0;0;0;0;0;796254,3824;5825960,306;13,36559;52,50311
192415;11;3;3061228;2019;2;17;5;3;5;3;2;1;1;0;0;0;0;1;800751,6117;5831291,354;13,43647;52,54844
192416;11;1;1011204;2019;2;15;4;3;2;6;0;0;1;0;0;0;0;0;798710,1789;5827548,942;13,40309;52,51601
192417;11;4;4030726;2019;2;16;5;3;5;7;0;0;1;0;0;0;0;1;792095,9804;5825760,877;13,30432;52,50357
192418;11;12;12214527;2019;2;16;5;3;0;2;0;1;1;0;0;0;0;1;789887,1936;5835695,449;13,28055;52,59381
192419;11;9;9010402;2019;2;6;3;3;3;6;0;0;1;0;0;0;0;0;806480,5448;5820668,366;13,51092;52,45004
192420;11;6;6030503;2019;2;10;5;3;0;7;0;0;1;0;0;0;0;1;789573,3644;5817322,888;13,25994;52,42926
192421;11;11;11051229;2019;2;8;5;3;2;2;0;0;1;0;0;0;0;1;803330,7841;5826304,542;13,46984;52,50231
192422;11;8;8020625;2019;2;8;5;3;5;2;0;0;1;0;0;0;1;1;801398,7122;5819151,832;13,435;52,43927
192423;11;11;11020412;2019;2;18;3;3;1;1;2;0;1;0;0;0;0;0;806187,3968;5831036,36;13,51615;52,54312
192424;11;1;1011202;2019;2;8;5;3;6;7;0;0;1;1;0;0;0;1;797475,435;5827934,947;13,38529;52,52015
192425;11;10;10030724;2019;2;7;5;3;5;2;0;0;1;0;0;0;1;0;808519,2092;5829496,472;13,54899;52,52801
192426;11;1;1033201;2019;2;6;5;3;6;2;0;0;1;1;0;0;0;1;798453,1284;5830193,634;13,40168;52,53986
192427;11;6;6030609;2019;2;8;4;3;5;7;0;0;1;0;0;0;0;0;792738,5799;5818746,761;13,30761;52,44034
192428;11;9;9020802;2019;2;6;5;2;5;2;0;1;1;0;0;0;0;1;810762,679;5818707,025;13,5719;52,43004
192429;11;1;1033102;2019;2;1;5;3;1;1;2;0;1;0;0;0;0;0;797452,0609;5831441,472;13,38808;52,55159
192430;11;3;3010102;2019;2;5;3;3;2;6;2;0;1;0;0;0;0;0;804242,5828;5841118,509;13,49682;52,63457
192431;11;4;4010103;2019;2;6;5;3;5;2;1;0;1;0;1;0;0;1;791134,9247;5829154,649;13,29318;52,53451
192432;11;1;1033202;2019;2;13;5;3;5;3;0;0;1;0;0;0;0;0;797153,9102;5830368,879;13,38274;52,54214
192433;11;2;2040503;2019;2;12;5;3;5;3;0;0;1;0;1;0;0;1;801432,1267;5827930,26;13,44342;52,51793
192434;11;1;1011202;2019;2;12;5;3;2;6;0;0;1;0;0;0;0;0;797637,3868;5827777,896;13,38753;52,51865
192435;11;4;4020206;2019;2;0;3;3;5;3;2;0;1;0;0;0;0;0;786443,6826;5826274,065;13,22172;52,51117
192436;11;10;10010308;2019;2;12;5;3;6;4;0;0;1;1;0;0;0;1;807543,4081;5829356,371;13,53453;52,5273
192437;11;5;5010339;2019;2;11;5;2;2;6;0;0;1;0;0;0;1;0;787321,272;5828088,266;13,23619;52,52697
192438;11;8;8020727;2019;2;11;5;2;6;2;0;0;0;1;0;0;1;1;800645,9369;5816184,696;13,42129;52,41309
192439;11;5;5030833;2019;2;16;3;2;5;2;0;0;1;0;0;0;0;0;789207,0025;5829280,489;13,26494;52,53666
192440;11;7;7040404;2019;2;9;5;3;0;6;0;1;1;0;0;0;0;0;796664,4067;5819994,134;13,3663;52,44941
192441;11;3;3030715;2019;2;11;5;2;6;3;0;0;1;1;0;0;0;0;801045,0747;5833837,806;13,44309;52,5711
192442;11;7;7030303;2019;2;10;5;3;5;3;0;0;1;0;0;0;0;1;795981,938;5822754,879;13,35874;52,47453
192443;11;1;1011302;2019;2;18;4;3;3;6;2;1;0;0;0;0;0;0;797986,6525;5828620,611;13,39342;52,52602
192444;11;10;10030724;2019;2;14;4;3;2;6;0;0;1;0;0;0;0;0;809651,2813;5829224,323;13,56538;52,52493
192445;11;12;12304313;2019;2;8;4;3;0;6;0;0;1;0;0;0;0;0;791309,0957;5834342,427;13,30029;52,58092
192446;11;1;1011105;2019;2;17;4;3;0;3;0;1;1;0;0;0;0;0;796095,7488;5826518,49;13,36375;52,5082
192447;11;11;11041022;2019;2;16;3;3;2;2;0;1;1;0;0;0;1;0;806134,3989;5827352,483;13,51198;52,51014
192448;11;6;6010205;2019;2;8;4;3;6;4;0;0;1;1;0;0;0;0;795829,5765;5819912,57;13,35398;52,44913
192449;11;3;3030406;2019;2;5;4;3;5;2;2;1;1;0;0;0;0;0;803364,375;5838249,928;13,48125;52,60935
192450;11;3;3020209;2019;2;7;4;3;5;3;0;0;1;0;0;0;0;0;798144,3824;5835472,386;13,40189;52,58735
192451;11;8;8020619;2019;2;11;3;2;0;1;0;0;0;0;1;0;0;0;801523,2708;5820742,659;13,43826;52,45346
192452;11;7;7070702;2019;2;7;4;3;5;3;0;1;1;0;0;0;0;0;800601,9005;5814440,635;13,41908;52,39748
192453;11;10;10020623;2019;2;11;5;3;5;3;0;0;1;0;0;0;0;0;811295,5899;5829144,974;13,58946;52,52328
192454;11;8;8010115;2019;2;12;4;3;2;6;0;0;1;0;0;0;0;0;799388,3523;5823787,521;13,40967;52,48193
192455;11;10;11020516;2019;2;13;4;3;0;3;0;0;1;0;0;0;1;0;806295,7303;5830208,072;13,51698;52,53564
192456;11;2;2020204;2019;2;16;3;3;3;6;0;1;1;0;0;0;0;0;798300,8306;5825395,944;13,39514;52,49694
192457;11;4;4030726;2019;2;10;4;3;6;2;0;0;1;1;0;0;0;0;792321,7636;5825370,853;13,3073;52,49995
192458;11;8;8010117;2019;2;11;4;3;0;2;0;0;1;0;1;0;0;0;800469,794;5823613,312;13,42539;52,47977
192459;11;1;1022104;2019;2;11;4;3;1;5;0;1;1;0;0;0;0;0;794179,5789;5828447,04;13,33731;52,52653
192460;11;5;5030730;2019;2;14;4;3;5;3;0;0;1;0;0;0;0;0;786319,4129;5829484,428;13,22266;52,54001
192461;11;1;1011304;2019;2;18;2;2;0;7;2;0;0;0;1;0;0;0;799828,2743;5828595,834;13,42046;52,52478
192462;11;1;1022204;2019;2;11;4;3;6;3;0;0;1;1;0;0;0;0;794798,8998;5828309,199;13,34629;52,52496
192463;11;1;1022204;2019;2;13;4;3;5;2;0;1;1;0;0;0;0;0;794789,0525;5828310,617;13,34615;52,52498
192464;11;8;8010302;2019;2;14;2;3;1;5;0;0;1;0;0;0;0;0;801815,6679;5824395,148;13,44586;52,48604
192465;11;2;2030302;2019;2;14;4;3;3;6;0;1;1;0;0;0;0;0;801401,1895;5825991,081;13,44121;52,50057
192466;11;4;4030931;2019;2;15;4;3;5;2;0;0;1;0;0;0;0;0;794098,993;5826355,638;13,33428;52,50782
192467;11;4;4030620;2019;2;10;4;3;0;1;0;0;0;0;1;0;0;0;792639,2038;5827102,855;13,31349;52,51531
192468;11;1;1022103;2019;2;8;2;3;2;6;0;0;0;0;0;1;1;0;793418,647;5829470,748;13,32703;52,53611
192469;11;5;5010207;2019;2;16;4;2;5;3;0;0;1;0;0;0;0;0;783705,5141;5830175,281;13,18481;52,54758
192470;11;7;7020201;2019;2;17;5;3;5;2;1;0;1;0;0;0;0;0;794938,7887;5824458,025;13,34493;52,49036
192471;11;3;3050925;2019;2;17;4;2;6;4;0;0;1;1;0;0;0;0;802056,4926;5831122,916;13,4555;52,5462
192472;11;8;8020622;2019;2;17;4;3;2;6;1;0;1;0;0;0;0;0;801299,0653;5819564,609;13,43391;52,44302
192473;11;10;10010309;2019;2;7;2;3;0;7;0;1;0;0;0;0;0;0;808415,5568;5830155,951;13,54808;52,53398
192474;11;3;3061228;2019;2;18;4;2;6;4;1;0;1;1;0;0;0;0;800705,5495;5830952,307;13,43548;52,54542
192475;11;2;2020202;2019;2;12;3;3;5;2;0;0;1;0;0;0;0;0;797921,6369;5825269,677;13,38946;52,49601
192476;11;6;6010103;2019;2;18;2;3;5;2;2;1;0;0;0;0;1;0;792725,5296;5821687,457;13,31;52,46671
192477;11;3;3030716;2019;2;17;2;3;1;5;1;1;0;0;0;1;0;0;802709,8518;5833896,351;13,46763;52,5707
192478;11;4;4030827;2019;2;8;3;3;0;4;0;1;0;1;0;0;0;0;792727,8912;5826154,674;13,31395;52,50676
192479;11;1;1011202;2019;2;10;3;3;5;7;0;0;1;0;0;0;0;0;797491,9149;5827805,893;13,38542;52,51898
192480;11;3;3040614;2019;2;17;2;2;6;4;0;0;1;1;0;0;0;0;797983,6505;5833064,797;13,39736;52,56585
192481;11;4;4030929;2019;2;16;3;3;1;5;0;1;1;0;0;0;0;0;792397,0114;5825405,983;13,30844;52,50022
192482;11;5;5010206;2019;2;15;3;3;5;7;0;0;1;0;1;0;0;0;782365,3183;5830496,712;13,16537;52,55115
192483;11;6;6030503;2019;2;16;2;3;0;2;0;1;0;0;0;0;1;0;790013,2327;5817494,83;13,26654;52,43057
192484;11;3;3050919;2019;2;14;3;3;4;7;0;0;1;0;0;0;0;0;801828,8222;5832464,965;13,45337;52,55836
192485;11;2;2020206;2019;2;12;4;3;2;6;0;0;1;0;0;0;0;0;800247,9484;5824392,539;13,42284;52,48688
192486;11;12;12214125;2019;2;12;3;3;5;3;0;0;1;0;0;0;1;0;791865,761;5831451,807;13,30594;52,55471
192487;11;12;12301203;2019;2;11;3;3;5;3;0;0;1;0;0;0;1;0;793837,8816;5835502,121;13,33853;52,58996
192488;11;2;2020205;2019;2;16;2;3;5;3;0;0;1;0;0;0;0;0;798333,3958;5824030,971;13,3944;52,48469
192489;11;6;6020303;2019;2;10;3;3;2;6;0;0;1;0;0;0;0;0;795220,5677;5818703,009;13,34398;52,43862
192490;11;11;11010310;2019;2;9;3;3;2;4;0;0;1;1;1;0;0;0;805317,0366;5833223,804;13,50537;52,56322
192491;11;9;9041302;2019;2;9;3;3;0;1;0;1;0;0;0;0;0;0;811933,3956;5817765,183;13,58819;52,42094
192492;11;12;12214125;2019;2;16;2;3;5;3;0;0;1;0;1;0;0;0;791865,761;5831451,807;13,30594;52,55471
192493;11;2;2050801;2019;2;8;3;3;5;7;0;1;1;0;0;0;0;0;802875,7712;5827547,56;13,46429;52,5137
192494;11;1;1044101;2019;2;8;3;3;5;3;0;1;1;0;0;0;0;0;793671,2883;5832250,352;13,3332;52,5609
192495;11;1;1022106;2019;2;8;3;3;5;2;0;1;1;0;0;0;0;0;794554,2804;5828334,351;13,34272;52,52532
192496;11;12;12214125;2019;2;7;3;3;6;4;0;1;0;1;0;0;0;0;790778,604;5833708,817;13,29193;52,57552
192497;11;1;1011105;2019;2;22;3;3;0;7;2;1;0;0;0;0;0;0;796843,4848;5826614,035;13,37482;52,50865
192498;11;8;8010118;2019;2;20;3;3;6;4;2;0;1;1;0;0;0;1;800999,4922;5822172,354;13,43187;52,46656
192499;11;8;8010301;2019;2;18;3;3;5;2;2;1;1;0;0;0;0;0;801413,1329;5824471,391;13,44001;52,48694
192500;11;6;6040804;2019;2;11;4;3;5;2;0;1;1;0;0;0;0;0;787637,2724;5818151,709;13,23226;52,43771
192501;11;12;12103117;2019;2;17;3;3;3;6;2;1;1;0;0;0;0;0;796680,5191;5832835,529;13,37799;52,56451
192502;11;1;1011304;2019;2;17;3;3;2;6;2;1;1;0;0;0;0;0;799728,0609;5827518,642;13,41802;52,51518
192503;11;12;12224229;2019;2;15;2;3;0;7;0;0;0;0;0;0;1;0;786293,6001;5834305,513;13,22644;52,58325
192504;11;1;1022101;2019;2;17;3;3;6;4;1;0;1;1;0;0;0;0;792715,4168;5828653,388;13,31597;52,52917
192505;11;9;9030901;2019;2;14;2;3;5;2;0;0;1;0;0;0;0;0;808413,9953;5816399,03;13,53534;52,41069
192506;11;8;8010212;2019;2;7;2;3;5;3;0;0;1;0;0;0;0;0;800868,416;5823468,136;13,43111;52,47825
192507;11;6;6030607;2019;2;15;2;3;2;6;0;0;1;0;0;0;1;0;793028,0288;5817691,867;13,31093;52,43073
192508;11;2;2040703;2019;2;19;2;3;1;5;2;1;1;0;0;0;1;0;800936,8971;5826812,131;13,43514;52,50819
192509;11;9;9051901;2019;2;13;2;2;6;4;0;1;0;1;0;0;0;0;810910,6548;5821522,799;13,57669;52,45519
192510;11;1;1011103;2019;2;21;2;3;5;3;2;1;1;0;0;0;0;0;795285,2039;5826174,141;13,35154;52,50556
192511;11;2;2010104;2019;2;19;2;3;3;6;2;0;1;0;1;0;0;0;799757,7232;5825709,097;13,41682;52,49895
192512;11;9;9020802;2019;2;17;2;3;2;7;2;0;1;0;0;0;0;0;810521,2926;5820047,026;13,56961;52,44219
192513;11;7;7010103;2019;2;17;2;3;6;4;1;1;0;1;0;0;0;0;795514,1771;5824888,461;13,35376;52,49391
192514;11;2;2020205;2019;2;15;2;3;4;5;0;1;0;0;0;0;0;0;797874,3608;5824585,651;13,38816;52,48991
192515;11;4;4030931;2019;2;17;2;2;0;6;0;0;1;0;0;0;1;0;794287,6269;5826077,127;13,3368;52,50522
192516;11;8;8010211;2019;2;17;2;3;6;4;0;0;1;1;0;0;0;0;800435,2469;5823749,38;13,42501;52,48101
192517;11;2;2010102;2019;2;9;4;2;5;3;0;0;1;0;0;0;0;0;798411,3574;5825782,726;13,39711;52,50035
192518;11;12;12103117;2019;2;14;2;3;5;3;0;1;1;0;0;0;0;0;796697,3218;5832997,761;13,37838;52,56596
192519;11;8;8010508;2019;2;14;2;3;5;3;0;0;1;0;0;0;0;0;803196,0866;5822714,976;13,4646;52,47021
192520;11;10;10020413;2019;2;14;2;3;2;6;0;0;1;0;0;0;0;0;811354,0532;5830674,874;13,59175;52,53696
192521;11;11;11020515;2019;2;12;2;3;5;3;0;1;0;0;0;0;1;0;805130,7888;5830018,512;13,49968;52,53459
192522;11;10;11030720;2019;2;11;2;3;3;6;0;0;1;0;0;0;0;0;806277,0998;5830169,314;13,51667;52,5353
192523;11;3;3020210;2019;2;11;2;3;0;5;0;1;1;0;0;0;0;0;798534,7146;5834962,637;13,40717;52,58256
192524;11;5;5010103;2019;2;14;2;3;3;6;0;1;1;0;0;0;0;0;783872,1397;5831072,024;13,18803;52,55553
192525;11;9;9041501;2019;2;11;2;2;0;1;0;1;0;0;0;0;0;0;811043,3091;5820355,65;13,57755;52,44466
192526;11;1;1044103;2019;2;10;2;3;2;6;0;0;1;0;0;0;0;0;795199,229;5830788,025;13,35437;52,54696
192527;11;4;4030417;2019;2;8;2;2;6;4;0;0;1;1;0;0;0;0;790987,4161;5826616,797;13,28879;52,51183
192528;11;8;8040933;2019;2;13;2;3;1;1;0;0;1;0;0;0;1;0;803331,781;5818555,602;13,46281;52,43286
192529;11;1;1011401;2019;2;17;2;3;5;3;0;0;1;0;1;0;0;0;798121,0449;5829344,503;13,39604;52,53243
192530;11;7;7020203;2019;2;16;2;3;5;2;0;1;0;0;0;0;0;0;795580,2492;5824152,73;13,35408;52,48728
192531;11;11;11020412;2019;2;13;2;2;6;4;0;0;1;1;0;0;0;0;804885,4468;5831343,153;13,49729;52,5466
192532;11;3;3020307;2019;2;16;2;3;5;2;0;1;1;0;0;0;0;0;800190,7875;5838470,161;13,43472;52,61309
192533;11;6;6030605;2019;2;16;2;3;5;2;0;0;1;0;0;0;0;0;791768,0201;5819273,767;13,29383;52,44559
192534;11;12;12214423;2019;2;13;2;3;2;6;0;0;1;0;1;0;0;0;792669,8015;5833873,39;13,3199;52,57599
192535;11;1;1011102;2019;2;15;2;3;3;2;0;0;1;0;1;0;0;0;795140,2766;5827072,352;13,35021;52,51369
192536;11;4;4041241;2019;2;15;5;2;5;3;0;0;1;0;0;0;0;0;791325,3971;5822055,741;13,28977;52,47076
192537;11;9;9020502;2019;2;14;2;3;5;3;0;1;1;0;0;0;0;0;808014,6846;5821569,908;13,53425;52,45726
192538;11;1;1022106;2019;2;14;2;3;5;5;0;0;1;0;1;0;0;0;794494,91;5828350,57;13,34186;52,52549
192539;11;9;9010301;2019;2;10;2;3;6;4;0;0;1;1;0;0;0;0;804577,0848;5822011,226;13,48422;52,46314
192540;11;3;3061429;2019;2;20;1;3;6;4;2;0;1;1;0;0;0;0;801088,47;5830429,067;13,44064;52,54052
192541;11;1;1011105;2019;2;23;5;3;5;2;2;0;1;0;0;0;0;0;796582,4773;5826872,612;13,37122;52,51111
192542;11;7;7020202;2019;2;13;1;3;1;5;0;1;1;0;0;0;0;0;794879,524;5823766,676;13,34345;52,48419
192543;11;8;8020726;2019;2;14;1;3;2;6;0;0;1;0;0;0;0;0;799590,3487;5816402,534;13,40601;52,41562
192544;11;3;3020210;2019;2;10;2;3;3;6;0;0;1;0;0;1;0;0;798447,2681;5835563,651;13,40643;52,588
192545;11;9;9010402;2019;2;9;1;3;3;6;0;1;0;0;0;0;1;0;806563,6326;5820533,629;13,51201;52,44878
192546;11;5;5010314;2019;2;18;1;2;2;4;2;0;1;1;0;0;0;0;784801,4051;5828809,465;13,19976;52,53476
192547;11;11;11041128;2019;2;10;2;3;6;2;0;0;1;1;0;0;0;0;806074,5454;5825804,404;13,50968;52,4963
192548;11;4;4041344;2019;2;16;1;3;1;5;0;1;1;0;0;0;0;0;793153,3339;5822082,197;13,31662;52,47002
192549;11;2;2010101;2019;2;21;1;2;6;2;2;0;1;1;0;0;0;0;797655,7674;5826290,578;13,38647;52,50531
192550;11;1;1011202;2019;2;9;2;3;0;7;0;0;1;0;1;0;0;0;797652,8953;5828104,128;13,38805;52,52157
192551;11;2;2040502;2019;2;21;1;2;5;2;2;0;1;0;1;0;0;0;801248,424;5827823,23;13,44063;52,51708
192552;11;11;11030618;2019;2;13;4;3;5;2;0;1;1;0;0;0;0;0;803064,9756;5829527,675;13,46887;52,53135
192553;11;1;1011204;2019;2;17;1;3;5;2;1;1;1;0;0;0;0;0;798616,2254;5827001,398;13,40122;52,51116
192554;11;9;9041501;2019;2;15;1;3;6;4;0;1;0;1;0;0;0;0;811237,9291;5820211,94;13,58027;52,44326
192555;11;4;4051445;2019;2;9;2;3;5;7;0;0;1;0;0;0;1;0;792436,6005;5824117,499;13,30789;52,48865
192556;11;1;1033102;2019;2;15;1;3;6;2;0;0;1;1;0;0;0;0;797156,002;5831919,612;13,38416;52,55604
192557;11;2;2030402;2019;2;15;1;3;2;6;0;1;1;0;0;0;0;0;801649,9852;5825897,593;13,44478;52,49959
192558;11;11;11030619;2019;2;14;1;3;5;3;0;0;1;0;0;0;0;0;803533,9787;5829749,778;13,47597;52,53308
192559;11;12;12231101;2019;2;8;2;3;2;6;0;0;1;0;0;0;0;0;790778,7847;5837599,266;13,29535;52,6104
192560;11;1;1044202;2019;2;14;1;3;2;1;0;1;1;0;0;0;0;0;795358,3226;5830249,227;13,35623;52,54205