OBJECTID;LAND;BEZ;LOR;UJAHR;UMONAT;USTUNDE;UWOCHENTAG;UKATEGORIE;UART;UTYP1;ULICHTVERH;IstRad;IstPKW;IstFuss;IstKrad;IstGkfz;IstSonstige;USTRZUSTAND;LINREFX;LINREFY;XGCSWGS84;YGCSWGS84
192994;11;8;8010117;2019;3;8;2;3;3;6;0;0;0;0;0;0;1;1;800471,8821;5823605,295;13,42541;52,4797
192995;11;2;2020206;2019;3;19;5;3;5;2;2;0;1;0;1;0;0;1;799966,9681;5824448,336;13,41876;52,48753
192996;11;10;10010309;2019;3;12;2;3;0;1;0;0;0;0;1;0;0;1;807850,7033;5829081,968;13,53879;52,52467
192997;11;1;1011302;2019;3;10;1;3;5;2;0;1;1;0;0;0;0;0;799060,3904;5829007,106;13,40954;52,52889
192998;11;2;2050802;2019;3;15;5;3;5;3;0;1;1;0;0;0;0;1;802478,9704;5827048,91;13,458;52,50946
192999;11;7;7010104;2019;3;20;1;2;0;1;2;0;0;0;1;0;0;0;796001,183;5825140,227;13,36114;52,4959
193000;11;9;9041402;2019;3;14;1;2;3;6;0;1;0;0;0;0;0;0;812479,6566;5820105,84;13,59838;52,4416
193001;11;1;1022104;2019;3;22;5;3;6;2;2;0;1;1;0;0;0;1;794559,7557;5828452,036;13,3429;52,52637
193002;11;9;9051801;2019;3;14;1;3;5;3;0;1;1;0;0;0;0;0;818885,3831;5820468,318;13,69266;52,44115
193003;11;5;5010312;2019;3;16;5;3;1;5;0;1;1;0;0;0;0;1;785183,4255;5829463,044;13,20594;52,54042
193004;11;11;11020516;2019;3;13;1;3;3;6;0;1;1;0;0;0;0;0;806095,2598;5830640,962;13,51443;52,53963
193005;11;8;8020625;2019;3;16;5;2;5;3;0;0;1;0;0;0;0;1;801488,0742;5817852,985;13,43514;52,42758
193006;11;7;7030301;2019;3;12;1;3;2;6;0;0;1;0;0;0;0;0;794301,1414;5822143,203;13,33352;52,46995
193007;11;1;1011301;2019;3;11;1;3;6;4;0;0;1;1;0;0;0;0;796998,4923;5828875,872;13,37912;52,52884
193008;11;1;3071537;2019;3;11;1;3;2;7;0;1;1;0;0;0;0;0;799502,4453;5828872,739;13,41592;52,52745
193009;11;7;7040401;2019;3;10;1;3;5;3;0;0;1;0;0;0;0;0;797018,1071;5823302,089;13,37444;52,47887
193010;11;6;6040810;2019;3;10;1;3;5;3;0;0;1;0;0;0;0;0;790404,9748;5820902,902;13,27525;52,46092
193011;11;8;8041036;2019;3;14;6;3;5;3;0;0;1;0;0;0;0;0;804621,3515;5816384,309;13,47974;52,41268
193012;11;4;4030931;2019;3;0;1;3;5;2;2;1;1;0;0;0;0;0;793915,4291;5825885,462;13,33116;52,50371
193013;11;12;12103218;2019;3;13;1;1;6;4;0;0;0;1;1;0;0;0;794621,4118;5832991,569;13,34783;52,56703
193014;11;4;4030620;2019;3;8;5;3;5;2;0;1;1;0;0;0;0;1;792692,1291;5827061,108;13,31423;52,5149
193015;11;10;10020622;2019;3;9;7;3;6;2;0;0;1;1;0;0;0;0;810877,1569;5828857,907;13,58304;52,52095
193016;11;5;5010101;2019;3;16;5;3;2;6;0;0;1;0;0;0;1;1;781568,1217;5835391,191;13,1578;52,59545
193017;11;1;1044101;2019;3;13;7;3;2;6;0;0;1;0;0;0;0;0;794315,3942;5830510,949;13,34113;52,54496
193018;11;10;10020412;2019;3;16;5;3;6;4;0;0;1;1;0;0;0;1;811313,7933;5831717,287;13,59214;52,54632
193019;11;2;2050803;2019;3;5;7;3;4;1;2;0;1;0;0;0;0;1;803133,2794;5826334,007;13,46696;52,50268
193020;11;6;6030610;2019;3;9;7;3;2;6;0;0;1;0;0;0;0;0;792525,3884;5817835,801;13,30369;52,43229
193021;11;1;1022203;2019;3;0;5;3;5;3;2;0;1;0;0;0;0;1;795147,5102;5828498,712;13,35158;52,52647
193022;11;5;5030730;2019;3;14;7;3;2;6;0;0;1;0;0;0;0;0;786922,8194;5829322,538;13,23139;52,53824
193023;11;8;8020622;2019;3;16;5;3;3;6;0;0;1;0;0;0;0;1;801284,1379;5819669,38;13,43379;52,44397
193024;11;5;5020629;2019;3;14;7;3;6;7;0;0;1;1;0;0;0;0;784174,3098;5825613,128;13,18781;52,50643
193025;11;7;7010102;2019;3;16;5;3;6;4;0;0;1;1;0;0;0;1;794949,7937;5825396,285;13,34592;52,49876
193026;11;5;5010209;2019;3;12;7;3;5;2;0;0;1;0;1;0;0;0;781905,9733;5829570,797;13,15783;52,54309
193027;11;8;8040933;2019;3;10;7;3;5;3;0;0;1;0;1;0;0;0;803289,7408;5818541,007;13,46218;52,43275
193028;11;5;5010314;2019;3;17;5;3;5;2;0;0;1;0;0;0;0;1;783600,9053;5829153,288;13,1824;52,53847
193029;11;5;5020524;2019;3;11;7;3;5;2;0;0;1;0;0;0;1;0;782888,4102;5826890,829;13,17;52,51855
193030;11;5;5020625;2019;3;12;7;3;0;6;0;0;0;0;1;0;1;0;784616,556;5828359,544;13,19666;52,53082
193031;11;7;7040403;2019;3;22;6;3;5;3;2;0;1;0;0;0;0;0;797852,4643;5822041,709;13,38556;52,46712
193032;11;11;11020514;2019;3;15;5;3;0;1;0;1;0;0;0;0;0;1;804557,4365;5831025,362;13,49218;52,54394
193033;11;2;2010103;2019;3;14;7;3;1;5;0;1;1;0;0;0;0;0;799384,8473;5826175,77;13,41176;52,50334
193034;11;6;6020302;2019;3;14;7;2;0;6;0;0;0;0;0;0;1;0;795055,636;5819037,914;13,34186;52,44171
193035;11;4;4051446;2019;3;12;5;3;2;6;0;0;1;0;0;0;0;0;792356,9457;5825264,208;13,30772;52,49897
193036;11;1;1011402;2019;3;14;7;3;1;5;0;1;1;0;0;0;0;0;798550,6965;5829201,427;13,40223;52,53091
193037;11;2;2020206;2019;3;18;5;3;0;5;1;0;1;0;1;0;0;1;799282,83;5824682,958;13,40893;52,49001
193038;11;5;5040934;2019;3;14;7;3;5;3;0;1;1;0;0;0;0;0;783789,7698;5824251,092;13,181;52,49441
193039;11;5;5010101;2019;3;12;5;2;9;1;0;0;1;0;0;0;0;1;782719,7042;5834603,061;13,17409;52,58779
193040;11;8;8020620;2019;3;15;7;3;1;5;0;1;1;0;0;0;0;0;801214,1233;5821546,789;13,43445;52,46084
193041;11;4;4031032;2019;3;15;7;3;6;7;0;0;1;1;0;0;0;0;791441,6298;5825070,642;13,29411;52,49773
193042;11;1;1011103;2019;3;18;5;3;5;3;0;1;1;0;0;0;0;0;795285,9032;5826173,714;13,35155;52,50555
193043;11;1;1011301;2019;3;13;5;3;8;1;0;0;0;0;1;0;0;0;797090,9346;5828040,521;13,37973;52,5213
193044;11;4;4030930;2019;3;15;7;3;1;5;0;1;1;0;0;0;0;0;793070,1472;5825592,106;13,31849;52,50153
193045;11;1;1022206;2019;3;6;7;3;5;3;0;0;1;0;0;0;0;0;795461,1193;5827768,515;13,35554;52,51975
193046;11;6;6010209;2019;3;17;5;3;0;6;0;0;1;0;1;0;0;1;794179,9602;5820926,976;13,33067;52,45911
193047;11;4;4030519;2019;3;9;7;3;2;6;0;0;1;0;0;0;0;0;791248,9289;5828966,97;13,29469;52,53276
193048;11;4;4051655;2019;3;15;7;3;1;5;0;1;1;0;0;0;0;0;794449,2884;5823603,233;13,33699;52,48296
193049;11;9;9020502;2019;3;17;6;3;5;3;0;0;1;0;1;0;0;0;809339,7628;5821491,07;13,55362;52,4558
193050;11;4;4030827;2019;3;9;4;3;5;7;0;0;1;0;0;0;0;0;792724,1132;5826039,033;13,3138;52,50572
193051;11;11;11030721;2019;3;10;7;3;5;3;0;0;1;0;0;0;0;0;804623,6403;5827978,002;13,49036;52,51659
193052;11;1;1011303;2019;3;19;5;3;1;5;2;1;1;0;0;0;0;0;798755,5721;5828242,701;13,40438;52,52221
193053;11;12;12224230;2019;3;19;7;3;0;3;2;0;1;0;1;0;0;0;785491,5434;5837376,698;13,21728;52,61121
193054;11;10;10040931;2019;3;10;4;3;5;3;0;1;1;0;0;0;0;0;814754,3077;5829905,675;13,64099;52,52811
193055;11;3;3020210;2019;3;10;7;3;5;2;0;0;1;0;1;0;0;0;800094,112;5835991,995;13,43105;52,59093
193056;11;1;1011203;2019;3;7;4;3;5;2;0;1;1;0;0;0;0;0;797549,5433;5827085,636;13,38562;52,5125
193057;11;2;2040703;2019;3;2;7;3;2;4;2;0;1;1;0;0;0;0;801763,6067;5826246,909;13,44677;52,50266
193058;11;2;2030302;2019;3;9;7;2;8;1;0;0;1;0;0;0;0;0;801627,8386;5826030,546;13,44458;52,5008
193059;11;2;2030302;2019;3;6;4;3;2;2;0;1;1;0;0;0;0;0;801439,6575;5826057,2;13,44184;52,50114
193060;11;2;2030301;2019;3;2;7;2;0;1;2;1;0;0;0;0;0;0;800047,4633;5825751,906;13,42112;52,49917
193061;11;5;5030730;2019;3;17;6;3;6;2;0;0;0;1;0;0;1;0;786747,2058;5829294,453;13,22879;52,53809
193062;11;10;10040932;2019;3;14;6;2;0;1;0;0;0;0;1;0;0;0;813032,4675;5827883,611;13,61379;52,51098
193063;11;8;8010301;2019;3;23;6;3;5;3;2;1;1;0;0;0;0;0;801552,9109;5824351,517;13,44196;52,48579
193064;11;1;1011202;2019;3;22;4;2;5;3;2;0;1;0;0;0;1;1;797865,717;5827613,017;13,39074;52,51705
193065;11;6;6030610;2019;3;8;6;3;0;2;0;0;0;0;0;0;1;0;792948,4029;5817754,421;13,30982;52,43133
193066;11;2;2020204;2019;3;17;6;2;5;7;0;1;1;0;0;0;0;0;798025,5823;5825342,518;13,39105;52,49661
193067;11;12;12231101;2019;3;0;6;3;0;7;2;0;1;0;1;0;0;1;790538,3571;5837154,185;13,29141;52,60654
193068;11;9;9030901;2019;3;16;6;3;5;3;0;1;1;0;0;0;0;0;807991,637;5816687,863;13,52942;52,41351
193069;11;10;10040830;2019;3;16;4;3;2;2;0;0;1;0;0;0;1;0;810859,4388;5826903,751;13,58096;52,50344
193070;11;9;9051901;2019;3;9;6;2;6;4;0;0;1;1;0;0;0;0;810907,8648;5821515,285;13,57665;52,45513
193071;11;9;9030901;2019;3;11;6;3;5;3;0;1;1;0;0;0;0;0;807565,5992;5815410,053;13,522;52,4023
193072;11;1;1011203;2019;3;8;6;3;1;5;0;1;1;0;0;0;1;0;797810,1696;5827137,744;13,3895;52,51282
193073;11;6;6040810;2019;3;15;4;3;2;2;0;1;1;0;0;0;0;0;790151,3647;5819783,666;13,27056;52,45102
193074;11;1;1044201;2019;3;8;6;3;0;2;0;0;1;0;0;0;1;0;796539,8546;5831962,343;13,37514;52,55676
193075;11;7;7040405;2019;3;14;4;3;5;3;0;0;1;0;0;0;0;0;799156,8234;5821308,714;13,40405;52,45983
193076;11;4;4031032;2019;3;7;6;3;3;6;0;1;1;0;0;0;0;0;791317,2076;5824951,68;13,29218;52,49673
193077;11;2;2050801;2019;3;7;6;3;0;7;0;0;1;0;1;0;0;0;803147,7296;5827439,316;13,46818;52,51258
193078;11;9;9010301;2019;3;13;4;3;5;2;0;0;1;0;0;1;0;0;804396,7358;5821745,863;13,48133;52,46086
193079;11;6;6010205;2019;3;14;6;2;3;6;0;0;1;0;1;0;0;0;795786,126;5819907,344;13,35334;52,44911
193080;11;2;2010102;2019;3;15;6;2;1;5;0;0;1;0;0;0;1;0;798430,9446;5826498,983;13,39804;52,50676
193081;11;6;6010207;2019;3;16;5;3;0;6;0;0;1;0;0;0;1;0;793981,6447;5820427,284;13,32732;52,45474
193082;11;1;1022106;2019;3;18;6;2;5;2;1;0;0;0;1;0;1;0;794159,8639;5828284,226;13,33687;52,52508
193083;11;4;4030518;2019;3;17;4;3;5;2;0;0;1;0;0;0;0;0;791386,2485;5828590,34;13,29638;52,52931
193084;11;9;9052001;2019;3;14;6;3;2;6;0;0;1;0;0;0;0;0;809817,4574;5821919,777;13,56103;52,45937
193085;11;5;5030833;2019;3;11;4;3;5;3;0;1;1;0;0;0;0;0;788912,1202;5829321,946;13,26064;52,53719
193086;11;5;5010101;2019;3;19;6;3;5;3;2;1;1;0;0;0;0;0;785355,2009;5833384,233;13,21184;52,57548
193087;11;8;8010301;2019;3;12;6;3;5;3;0;0;1;0;0;0;0;0;800874,2131;5824919,304;13,43251;52,49125
193088;11;12;12103116;2019;3;19;6;2;5;3;2;0;1;0;0;0;0;0;796287,3136;5833234,867;13,37256;52,5683
193089;11;1;1011103;2019;3;21;4;3;5;3;2;1;1;0;0;0;0;1;795334,9885;5826147,263;13,35225;52,50529
193090;11;1;1022206;2019;3;8;5;3;5;2;0;1;1;0;0;0;0;0;795449,5697;5827682,869;13,3553;52,51899
193091;11;8;8010404;2019;3;22;4;3;5;3;2;0;1;0;0;0;0;1;802002,6296;5823299,732;13,44761;52,47611
193092;11;12;12214424;2019;3;23;5;3;5;2;2;0;1;0;0;0;0;0;792900,675;5832166,526;13,32179;52,56056
193093;11;1;1011103;2019;3;21;5;3;2;6;2;0;1;0;0;0;0;0;795205,8633;5825889,551;13,35012;52,50305
193094;11;2;2010104;2019;3;23;4;3;2;2;2;0;1;0;0;0;0;1;799860,3321;5825690,245;13,41831;52,49872
193095;11;9;9051702;2019;3;20;5;3;6;4;2;0;1;1;0;0;0;0;814209,5263;5821910,835;13,62545;52,45678
193096;11;1;1022203;2019;3;19;5;3;0;7;2;1;0;0;0;0;1;0;794615,7497;5828439,607;13,34371;52,52623
193097;11;6;6020302;2019;3;11;6;3;1;5;0;1;1;0;0;0;0;0;795326,828;5819328,259;13,34609;52,44416
193098;11;5;5040938;2019;3;10;4;3;5;3;0;0;1;0;0;0;1;0;781104,2648;5819158,907;13,13725;52,45014
193099;11;12;12231101;2019;3;19;5;3;5;3;2;1;1;0;0;0;0;0;792564,3013;5839437,383;13,32327;52,62592
193100;11;4;4030620;2019;3;16;5;3;0;3;0;1;1;0;0;0;0;0;791864,8235;5827458,923;13,30242;52,51891
193101;11;3;3061332;2019;3;7;5;3;1;5;0;1;1;0;0;0;0;1;799234,41;5831106,031;13,41399;52,54761
193102;11;12;12214422;2019;3;16;5;3;6;4;0;0;1;1;0;0;0;0;792226,2061;5833342,338;13,31291;52,57146
193103;11;6;6040806;2019;3;9;4;3;5;2;0;0;1;0;1;0;0;0;788836,872;5819602,632;13,25111;52,45009
193104;11;5;5020629;2019;3;16;5;2;2;6;0;0;1;0;0;0;0;0;786023,2587;5826043,251;13,21535;52,50932
193105;11;6;6020303;2019;3;9;4;3;5;2;0;0;1;0;1;0;0;0;795672,2911;5818238,429;13,35019;52,43421
193106;11;4;4051448;2019;3;15;5;3;2;6;0;0;1;0;0;0;0;0;793843,0561;5824905,764;13,32924;52,49496
193107;11;1;1044201;2019;3;15;5;3;2;2;0;1;1;0;0;0;0;0;796462,016;5831926,719;13,37396;52,55648
193108;11;1;1011302;2019;3;21;4;3;2;6;2;0;1;0;1;0;0;1;797709,9934;5828784,538;13,3895;52,52764
193109;11;3;3061126;2019;3;15;5;3;6;4;0;0;1;1;0;0;0;0;798828,0772;5831718,691;13,40857;52,55333
193110;11;5;5020625;2019;3;15;5;3;5;3;0;0;1;0;0;0;0;0;784730,906;5828597,857;13,19854;52,5329
193111;11;2;2050802;2019;3;17;6;3;0;3;0;1;1;0;0;0;0;0;802111,8073;5827355,078;13,45289;52,5124
193112;11;3;3040512;2019;3;8;4;3;0;1;0;1;0;0;0;0;0;0;796849,83;5835817,989;13,38315;52,59115
193113;11;4;4030931;2019;3;15;5;3;3;6;0;1;0;0;0;0;1;0;794365,1131;5826076,566;13,33794;52,50518
193114;11;12;12214527;2019;3;13;5;2;5;3;0;0;1;0;0;1;0;0;789985,7716;5834781,572;13,2812;52,58556
193115;11;4;4051654;2019;3;12;5;3;5;3;0;1;1;0;0;0;0;1;793800,579;5823985,206;13,3278;52,48673
193116;11;4;4051448;2019;3;13;5;3;2;7;0;1;1;0;0;0;0;0;793510,7364;5825408,356;13,3248;52,49965
193117;11;7;7050503;2019;3;12;6;3;2;6;0;0;1;0;0;0;0;0;798943,9801;5819534,615;13,39934;52,44405
193118;11;6;6010209;2019;3;21;4;3;6;2;2;0;1;1;0;0;0;1;794752,4149;5821232,981;13,33935;52,46155
193119;11;7;7060604;2019;3;13;5;3;2;6;0;0;1;0;1;0;0;0;796074,1811;5815946,284;13,35406;52,41344
193120;11;3;3040614;2019;3;11;5;3;5;3;0;0;1;0;0;0;0;0;798741,9117;5834923,985;13,41019;52,5821
193121;11;8;8010301;2019;3;9;5;3;6;4;0;0;0;1;1;0;0;0;800984,7939;5824783,452;13,43401;52,48998
193122;11;5;5030731;2019;3;14;5;3;0;1;0;0;1;0;0;0;1;0;787378,13;5829830,497;13,23853;52,54256
193123;11;5;5030731;2019;3;8;4;3;5;2;0;0;1;0;0;0;0;0;788032,5992;5829370,155;13,24775;52,53809
193124;11;9;9010401;2019;3;14;5;3;0;3;0;0;1;0;1;0;0;0;805816,133;5819649,282;13,50024;52,44128
193125;11;9;9051901;2019;3;18;4;3;3;6;2;0;1;0;1;0;0;0;809647,1694;5821484,074;13,55812;52,45556
193126;11;5;5020521;2019;3;14;5;3;5;3;0;1;0;0;0;0;1;0;780311,7375;5827868,741;13,13295;52,52865
193127;11;4;4030415;2019;3;13;5;3;1;5;0;1;0;0;0;0;1;0;790871,5992;5827395,189;13,28777;52,51887
193128;11;9;9031101;2019;3;17;4;3;0;5;0;1;1;0;0;0;0;0;811007,3658;5817935,386;13,57477;52,42299
193129;11;4;4030724;2019;3;13;5;2;2;6;0;1;0;0;0;1;0;0;790700,3246;5825995,321;13,28403;52,50641
193130;11;6;6030608;2019;3;9;5;3;5;3;0;0;1;0;0;0;0;0;791192,479;5816013,718;13,28255;52,41667
193131;11;4;4010101;2019;3;17;6;3;5;3;0;0;1;0;0;0;0;0;790179,5454;5829491,523;13,27942;52,53804
193132;11;11;11051229;2019;3;6;4;3;2;6;0;1;1;0;0;0;0;0;804666,6981;5825590,576;13,48881;52,49517
193133;11;1;1011204;2019;3;8;5;3;5;3;0;1;1;0;0;0;0;0;798685,129;5827093,38;13,40231;52,51194
193134;11;7;7010102;2019;3;14;5;3;5;3;0;0;1;0;1;0;0;0;795419,204;5825754,49;13,35314;52,50172
193135;11;2;2010103;2019;3;8;5;3;2;6;0;0;1;0;0;0;0;0;798993,6005;5826329,37;13,40616;52,50493
193136;11;1;1011105;2019;3;17;4;3;5;2;0;1;1;0;0;0;0;0;796569,367;5826870,404;13,37103;52,5111
193137;11;7;7050503;2019;3;7;5;3;5;3;0;1;1;0;0;0;0;0;798341,6706;5820498,241;13,39136;52,45301
193138;11;4;4051551;2019;3;17;4;3;2;6;0;0;1;0;0;0;0;0;792804,928;5823237,491;13,31252;52,48057
193139;11;10;10040933;2019;3;7;5;2;5;3;0;0;1;0;1;0;0;0;811982,494;5826843,854;13,59739;52,50227
193140;11;3;3061126;2019;3;7;5;3;5;2;0;1;1;0;0;0;0;0;799208,8302;5831774,33;13,41422;52,55361
193141;11;8;8010116;2019;3;5;4;3;6;2;0;0;1;1;0;0;0;0;800164,9277;5823775,588;13,42106;52,48139
193142;11;3;3020307;2019;3;6;5;3;5;3;1;0;1;0;0;0;0;0;799501,2353;5837472,646;13,42367;52,60453
193143;11;1;1011203;2019;3;4;4;3;6;2;2;0;1;1;0;0;0;0;797828,5425;5827059,634;13,3897;52,51211
193144;11;1;1022104;2019;3;6;5;3;0;1;0;1;0;0;0;0;0;0;794571,7245;5828744,055;13,34334;52,52898
193145;11;9;9031001;2019;3;14;4;2;0;3;0;1;0;0;0;0;1;0;811057,2588;5815827,283;13,57355;52,40407
193146;11;12;12214422;2019;3;16;4;3;0;6;0;0;1;0;1;0;0;1;792114,307;5832942,979;13,31091;52,56794
193147;11;1;1011201;2019;3;21;4;3;0;6;2;0;1;0;1;0;0;0;797218,5488;5827069,214;13,38074;52,51253
193148;11;1;1033203;2019;3;8;4;3;1;5;0;1;0;0;0;0;1;0;796622,1417;5830363,486;13,37492;52,54238
193149;11;6;6020302;2019;3;14;6;3;2;6;0;0;1;0;0;0;0;0;794288,6621;5819314,413;13,33085;52,4446
193150;11;12;12214125;2019;3;21;4;3;5;3;2;0;1;0;0;0;0;0;789669,7034;5833670,082;13,27558;52,57577
193151;11;2;2050601;2019;3;10;3;3;6;4;0;1;0;1;0;0;0;0;801909,4191;5828907,083;13,45132;52,52643
193152;11;8;8010117;2019;3;18;4;3;2;6;1;0;1;0;0;0;0;0;800648,0247;5823047,451;13,4275;52,4746
193153;11;2;2050802;2019;3;12;3;3;5;2;0;1;0;0;0;0;1;1;802065,394;5827160,95;13,45203;52,51069
193154;11;9;9041601;2019;3;18;4;3;5;3;1;1;1;0;0;0;0;0;816780,3239;5817295,627;13,65878;52,41395
193155;11;3;3061126;2019;3;18;4;3;5;3;1;1;1;0;0;0;0;0;799245,9774;5831804,282;13,41479;52,55386
193156;11;5;5020625;2019;3;7;3;3;5;2;0;1;1;0;0;0;0;0;784561,6761;5828220,439;13,19573;52,5296
193157;11;10;10040933;2019;3;17;4;3;2;1;1;0;1;0;0;0;0;0;812704,6337;5825483,593;13,60672;52,48966
193158;11;1;1044102;2019;3;17;4;3;5;2;0;1;1;0;0;0;0;0;794595,3551;5831872,834;13,34646;52,55701
193159;11;4;4020311;2019;3;8;3;3;2;6;0;0;1;0;0;0;0;0;790158,2239;5826636,388;13,27662;52,51245
193160;11;11;11030721;2019;3;16;4;3;2;2;0;0;1;0;0;0;0;0;803917,0038;5827989,485;13,47999;52,51709
193161;11;11;11010205;2019;3;16;4;3;2;2;2;0;1;0;0;0;0;0;806869,3619;5832664,563;13,52768;52,55733
193162;11;8;8020727;2019;3;16;5;2;2;6;0;0;1;0;0;0;0;1;801490,0561;5817329,643;13,4347;52,42289
193163;11;2;2040703;2019;3;16;4;3;3;6;0;1;0;0;0;1;0;0;801713,7421;5826170,011;13,44597;52,502
193164;11;1;1011303;2019;3;9;4;3;5;2;0;1;1;0;0;0;0;0;798651,8553;5828140,245;13,40276;52,52135
193165;11;12;12214424;2019;3;20;3;2;0;7;2;0;0;0;1;0;0;1;793370,9363;5832511,043;13,32901;52,56339
193166;11;12;12103115;2019;3;22;4;2;5;2;2;0;1;0;0;0;0;0;795501,7733;5833431,344;13,36118;52,57049
193167;11;1;1033202;2019;3;18;4;3;9;1;2;0;0;0;0;0;1;0;796982,4088;5830155,08;13,38003;52,54032
193168;11;1;1011402;2019;3;10;5;3;0;7;0;1;0;0;0;0;0;1;798694,4;5830098,308;13,40515;52,53887
193169;11;6;6020302;2019;3;16;4;3;2;6;0;0;1;0;0;0;0;0;794372,2551;5819070,692;13,33186;52,44237
193170;11;10;10010207;2019;3;19;3;3;5;3;2;1;1;0;0;0;0;0;808758,7083;5831399,875;13,55428;52,54493
193171;11;1;1044101;2019;3;16;4;3;5;3;0;0;1;0;0;0;0;0;793775,5002;5831867,548;13,33439;52,55741
193172;11;2;2010102;2019;3;18;3;3;1;5;1;1;0;0;0;0;1;0;798507,1582;5826513,011;13,39917;52,50684
193173;11;2;2030302;2019;3;15;4;3;1;5;0;1;1;0;0;0;0;0;801300,3939;5826160,041;13,43989;52,50214
193174;11;12;12224230;2019;3;15;4;3;0;7;0;0;1;0;0;0;0;0;786992,9715;5838296,368;13,24019;52,61866
193175;11;3;3061227;2019;3;15;4;2;5;3;0;0;1;0;1;0;1;0;800111,3335;5831695,241;13,42742;52,55241
193176;11;1;1022102;2019;3;16;3;3;5;2;0;0;1;0;0;0;0;0;793554,8319;5828921,377;13,32854;52,53112
193177;11;2;2050601;2019;3;12;4;3;3;6;0;1;0;0;0;0;0;0;801919,6916;5829035,002;13,45159;52,52757
193178;11;12;12214424;2019;3;12;4;3;6;4;0;1;0;1;0;0;0;0;793238,6885;5832498,917;13,32706;52,56336
193179;11;1;1011203;2019;3;9;6;3;0;5;0;0;1;0;0;0;0;0;798030,5709;5827091,658;13,39269;52,51229
193180;11;5;5030832;2019;3;15;3;3;2;6;0;0;1;0;0;0;0;1;789559,4733;5829282,656;13,27013;52,53649
193181;11;12;12214422;2019;3;11;4;3;2;6;0;0;1;0;0;0;0;0;792060,0283;5832941,959;13,31011;52,56796
193182;11;12;12231102;2019;3;6;4;3;5;3;0;1;1;0;0;0;0;0;790103,5147;5839983,093;13,28749;52,63213
193183;11;8;8020727;2019;3;8;5;3;5;3;0;0;1;0;0;0;0;1;801518,0238;5817348,931;13,43512;52,42304
193184;11;11;11010207;2019;3;6;4;3;6;4;0;0;0;1;0;0;1;0;805338,9265;5834597,975;13,50695;52,57552
193185;11;10;10020416;2019;3;15;3;3;6;4;0;0;0;1;0;0;1;1;813194,5509;5831267,146;13,61936;52,54121
193186;11;4;4051551;2019;3;6;4;3;6;2;0;0;0;1;0;0;1;0;793354,8764;5823070,891;13,32045;52,47878
193187;11;8;8010301;2019;3;18;3;3;0;6;0;0;1;0;0;0;1;0;800616,9104;5824414,871;13,42827;52,48687
193188;11;3;3030405;2019;3;7;4;3;5;3;0;1;1;0;0;0;0;0;804186,0689;5838961,078;13,494;52,61527
193189;11;10;10020413;2019;3;7;4;3;5;3;0;0;1;0;0;0;1;0;811319,9516;5831189,873;13,59173;52,54159
193190;11;10;10010309;2019;3;17;3;2;5;3;0;0;1;0;0;0;0;1;807840,074;5829077,276;13,53863;52,52463
193191;11;10;10010309;2019;3;7;4;3;0;7;0;0;1;0;0;0;1;0;808579,1165;5830116,792;13,55045;52,53353
193192;11;7;7040403;2019;3;19;3;3;2;2;2;0;1;0;0;0;1;0;797258,2891;5820960,583;13,37588;52,45775
193193;11;3;3061227;2019;3;8;4;3;2;7;0;0;1;0;0;0;0;0;799972,4039;5831087,45;13,42483;52,54704
193194;11;1;1011201;2019;3;8;4;2;5;2;0;1;0;0;0;1;0;0;797472,9448;5826794,385;13,38423;52,50993
193195;11;4;4010103;2019;3;10;4;3;3;6;0;0;1;0;0;1;0;0;791145,0297;5829114,831;13,29329;52,53414
193196;11;12;12301204;2019;3;15;3;3;5;3;0;1;1;0;0;0;0;0;791666,943;5835558,051;13,30663;52,59163
193197;11;4;4030726;2019;3;11;4;2;5;3;0;1;1;0;0;0;0;0;792284,5515;5825376,637;13,30676;52,50002
193198;11;8;8041036;2019;3;7;4;3;5;3;0;1;1;0;0;0;0;0;804393,3872;5815998,004;13,47605;52,40934
193199;11;1;1033203;2019;3;23;6;3;0;1;2;1;0;0;0;0;0;0;796753,567;5830731,242;13,37718;52,54561
193200;11;1;1011202;2019;3;15;3;3;0;4;0;1;0;1;0;0;0;1;797673,9225;5827911,272;13,38819;52,51983
193201;11;4;4030620;2019;3;11;4;2;0;7;0;1;0;0;0;0;0;0;791972,9208;5827382,286;13,30394;52,51817
193202;11;1;1033203;2019;3;19;4;1;6;4;1;0;1;1;0;0;1;0;796569,7024;5829846,653;13,37369;52,53778
193203;11;9;9020701;2019;3;11;5;3;5;2;0;1;0;0;0;1;0;0;808470,0813;5819062,358;13,53862;52,43453
193204;11;4;4030726;2019;3;13;3;3;1;5;0;1;1;0;0;0;1;0;792066,01;5825835,733;13,30395;52,50425
193205;11;5;5020626;2019;3;15;3;3;6;4;0;0;1;1;0;0;0;1;784743,3609;5827446,28;13,19774;52,52257
193206;11;6;6010209;2019;3;9;3;3;5;3;0;0;1;0;1;0;0;0;794458,5651;5821330,194;13,33512;52,46258
193207;11;6;6020303;2019;3;15;3;2;1;5;0;0;1;0;1;0;0;1;795271,8455;5818360,548;13,34443;52,43552
193208;11;8;8010510;2019;3;8;3;2;5;3;0;0;1;0;0;0;0;0;803651,0589;5821882,03;13,47051;52,46249
193209;11;3;3030711;2019;3;7;3;3;5;2;0;1;1;0;0;0;0;0;801915,263;5836369,608;13,4582;52,59331