OBJECTID;LAND;BEZ;LOR;UJAHR;UMONAT;USTUNDE;UWOCHENTAG;UKATEGORIE;UART;UTYP1;ULICHTVERH;IstRad;IstPKW;IstFuss;IstKrad;IstGkfz;IstSonstige;USTRZUSTAND;LINREFX;LINREFY;XGCSWGS84;YGCSWGS84
193426;11;4;4041136;2019;4;10;4;2;5;2;0;1;1;0;0;0;0;0;789617,3298;5823355,274;13,26582;52,48332
193427;11;8;8010213;2019;4;15;7;3;5;3;0;0;0;0;0;0;1;0;801231,7274;5822468,048;13,43554;52,46909
193428;11;1;1011305;2019;4;9;4;2;1;5;0;1;1;0;0;0;1;0;799057,4228;5827190,194;13,40787;52,51261
193429;11;1;1011302;2019;4;8;4;3;1;5;0;1;1;0;0;0;1;0;798331,188;5828924,511;13,39875;52,52855
193430;11;1;1022201;2019;4;1;5;3;2;6;2;1;0;0;0;0;1;0;795549,4703;5829244,956;13,35815;52,53294
193431;11;8;8010303;2019;4;7;4;3;6;2;0;0;0;1;0;0;1;0;801146,1549;5823779,681;13,43547;52,48089
193432;11;4;4030828;2019;4;10;5;3;5;2;0;1;1;0;0;0;0;0;792977,2669;5826182,288;13,31764;52,50687
193433;11;3;3061332;2019;4;7;4;3;1;5;0;0;1;0;1;0;0;0;799377,923;5831077,09;13,41608;52,54727
193434;11;1;1044202;2019;4;7;4;3;5;3;0;1;1;0;0;0;0;0;795343,4296;5830390,818;13,35614;52,54332
193435;11;8;8010301;2019;4;17;5;3;0;4;0;1;0;1;0;0;0;0;800785,5182;5824392,97;13,43073;52,48659
193436;11;9;9020701;2019;4;7;4;3;0;1;0;1;0;0;0;0;0;0;808330,2849;5819200,762;13,5367;52,43584
193437;11;12;12304313;2019;4;16;1;3;5;2;0;0;1;0;0;0;0;0;792354,1331;5834072,136;13,31543;52,57794
193438;11;3;3061131;2019;4;7;4;3;6;6;0;1;0;1;0;0;0;0;798915,9664;5830386,162;13,40866;52,54133
193439;11;3;3040512;2019;4;5;4;3;2;6;2;0;1;0;0;0;0;0;796987,3057;5835832,827;13,38518;52,59121
193440;11;1;1022206;2019;4;17;6;3;6;4;0;0;1;1;0;0;0;0;795939,2649;5828328,295;13,36307;52,52451
193441;11;7;7050502;2019;4;1;4;3;5;3;2;0;1;0;0;0;0;0;797897,8565;5818354,261;13,38294;52,43404
193442;11;11;11030721;2019;4;16;3;3;6;7;0;0;1;1;0;0;0;0;805431,545;5827935,793;13,50219;52,51576
193443;11;5;5010314;2019;4;11;5;3;0;7;0;0;1;0;0;0;1;0;783945,3015;5828947,354;13,18729;52,53644
193444;11;1;1044101;2019;4;14;3;3;0;5;0;1;1;0;0;0;0;0;793737,9481;5832005,137;13,33396;52,55866
193445;11;2;2040502;2019;4;9;5;2;3;6;0;0;1;0;1;0;0;0;800534,5364;5828474,65;13,43073;52,52331
193446;11;8;8010303;2019;4;16;3;3;2;6;0;0;1;0;0;0;0;0;800668,1426;5824292,276;13,42891;52,48575
193447;11;1;1044101;2019;4;19;7;3;5;2;0;0;1;0;0;0;1;0;794536,6214;5831570,43;13,34533;52,55433
193448;11;8;8010214;2019;4;7;3;3;6;7;0;1;0;1;0;0;0;0;801106,2886;5822184,106;13,43344;52,46661
193449;11;10;10030725;2019;4;16;3;3;5;3;0;1;1;0;0;0;0;0;809644,2053;5828927,397;13,565;52,52227
193450;11;4;4051653;2019;4;9;6;3;5;3;0;1;0;0;0;0;0;0;794140,0088;5824322,366;13,33308;52,48957
193451;11;4;4010101;2019;4;15;7;3;7;7;0;0;0;0;1;0;0;0;789539,1073;5830525,48;13,27091;52,54765
193452;11;4;4041344;2019;4;16;3;3;5;3;0;0;1;0;0;0;0;0;793379,1756;5821960,22;13,31983;52,46881
193453;11;12;12301205;2019;4;16;3;3;2;2;0;0;1;0;0;0;1;0;792464,8551;5837326,894;13,31993;52,60705
193454;11;4;4030518;2019;4;14;6;3;5;2;0;0;1;0;1;0;0;0;791388,4928;5828585,036;13,2964;52,52926
193455;11;6;6030610;2019;4;16;3;3;6;4;0;0;1;1;0;0;0;0;791878,5162;5818982,031;13,2952;52,44291
193456;11;6;6010205;2019;4;15;5;3;2;6;0;0;1;0;0;0;0;0;795100,2279;5819675,569;13,34307;52,4474
193457;11;8;8010405;2019;4;16;3;3;1;1;0;0;1;0;0;0;0;0;801768,7801;5823786,264;13,44462;52,48061
193458;11;1;1044201;2019;4;16;2;3;2;6;0;0;1;0;0;0;0;0;796678,2998;5831653,58;13,3769;52,55392
193459;11;8;8030831;2019;4;17;5;3;5;3;0;1;1;0;0;0;0;0;804117,8197;5817627,958;13,47349;52,42411
193460;11;1;3071537;2019;4;18;3;3;2;6;0;0;1;0;0;0;0;0;799519,2538;5828857,611;13,41615;52,5273
193461;11;3;3020209;2019;4;16;7;3;0;3;0;1;1;0;0;0;0;0;798124,485;5835605,449;13,40172;52,58855
193462;11;12;12214424;2019;4;16;3;3;5;2;0;0;1;0;0;0;1;0;792902,1472;5832166,951;13,32181;52,56056
193463;11;6;6030610;2019;4;18;3;3;0;6;0;1;0;0;0;0;1;0;792189,1758;5818718,978;13,29953;52,44039
193464;11;8;8010404;2019;4;7;6;3;4;5;0;1;1;0;0;0;0;0;801976,4173;5822892,549;13,44686;52,47248
193465;11;2;2010102;2019;4;18;3;3;5;2;0;0;1;0;1;0;0;0;798334,1937;5825557,154;13,39578;52,49837
193466;11;1;1011304;2019;4;15;5;2;3;6;0;1;0;0;0;0;0;0;799737,7325;5827692,193;13,41831;52,51673
193467;11;2;2020203;2019;4;18;3;3;5;2;0;1;1;0;0;0;0;0;797843,44;5824926,336;13,38801;52,49298
193468;11;5;5020419;2019;4;11;1;3;1;5;0;1;1;0;0;0;0;0;782005,8276;5828367,369;13,15828;52,53225
193469;11;4;4030415;2019;4;17;3;2;6;7;0;0;1;1;0;0;0;0;791662,0347;5827613,02;13,29957;52,5204
193470;11;1;1011201;2019;4;16;5;3;2;2;0;1;1;0;0;0;0;0;797143,959;5826449,027;13,37909;52,50701
193471;11;11;11030720;2019;4;11;3;2;2;6;0;0;1;0;1;0;0;0;804617,6802;5829927,184;13,49206;52,53406
193472;11;4;4030827;2019;4;15;1;3;1;5;0;1;1;0;0;0;0;0;792105,056;5825991,547;13,30466;52,50563
193473;11;1;1011303;2019;4;17;3;2;5;2;0;0;1;0;1;0;0;0;799186,4977;5828678,081;13,4111;52,52587
193474;11;10;10010310;2019;4;8;3;3;3;6;0;0;1;0;0;1;0;0;807786,1483;5830791,461;13,53942;52,54003
193475;11;10;10010308;2019;4;9;7;3;2;2;0;0;1;0;1;0;0;0;806580,621;5828344,093;13,51945;52,51877
193476;11;8;8020619;2019;4;23;3;2;5;2;2;0;0;0;1;0;1;0;801544,3045;5820646,99;13,43848;52,45259
193477;11;1;1011302;2019;4;22;3;3;1;5;2;0;1;0;0;0;0;0;798422,0738;5828768,836;13,39995;52,52711
193478;11;8;8020727;2019;4;20;6;2;5;3;2;1;1;0;0;0;0;0;801730,7488;5817139,199;13,43805;52,42105
193479;11;7;7010101;2019;4;21;3;3;6;4;2;0;1;1;0;0;0;0;794762,1287;5825692,966;13,34343;52,50152
193480;11;7;7030301;2019;4;18;5;3;6;4;0;1;0;1;0;0;0;0;793903,5752;5822951,543;13,3284;52,47741
193481;11;7;7070704;2019;4;21;3;3;5;2;2;0;1;0;0;0;1;0;800891,1616;5814179,572;13,42308;52,39498
193482;11;1;1022101;2019;4;22;1;3;5;3;2;0;1;0;0;0;0;0;792739,1497;5828287,577;13,316;52,52587
193483;11;2;2010104;2019;4;13;3;3;5;2;0;0;0;0;0;0;1;0;799064,611;5825613,45;13,40656;52,49847
193484;11;1;1033102;2019;4;12;3;3;2;6;0;0;1;0;0;0;0;0;797335,7412;5831216,626;13,38617;52,54964
193485;11;12;12214424;2019;4;13;6;3;2;6;0;0;1;0;0;0;0;0;793179,3439;5832282,316;13,32599;52,56145
193486;11;3;3061227;2019;4;12;3;3;2;6;0;0;1;0;0;0;0;0;799387,9352;5831788,462;13,41686;52,55364
193487;11;2;2030401;2019;4;12;3;3;0;2;0;0;0;0;0;0;1;0;800476,8876;5825763,251;13,42743;52,49904
193488;11;9;9052001;2019;4;14;3;3;4;6;0;0;1;0;0;0;0;0;809606,9805;5822254,985;13,55825;52,46249
193489;11;8;8030831;2019;4;13;7;3;2;6;0;0;1;0;0;0;0;0;803743,8605;5818003,903;13,46835;52,42768
193490;11;1;1044103;2019;4;11;3;3;2;6;0;0;1;0;0;0;0;0;794798,3165;5830933,256;13,34861;52,54848
193491;11;9;9010401;2019;4;15;3;3;2;6;0;0;1;0;0;1;0;0;806281,4444;5820971,522;13,50828;52,45287
193492;11;1;1011301;2019;4;17;6;3;2;6;1;0;1;0;0;0;0;0;797647,9212;5828135,129;13,388;52,52185
193493;11;5;5020625;2019;4;11;3;3;1;1;0;0;1;0;1;0;0;0;784149,9174;5828026,068;13,18951;52,52807
193494;11;5;5010314;2019;4;16;5;3;5;3;0;0;1;0;0;0;0;0;784006,3018;5829049,2;13,18827;52,53732
193495;11;12;12214422;2019;4;15;3;3;5;3;0;1;0;0;1;0;0;0;791930,4078;5833389,26;13,30859;52,57204
193496;11;5;5010314;2019;4;19;1;3;5;3;0;0;1;0;0;0;1;0;784495,6925;5828871,961;13,19532;52,53548
193497;11;1;1011302;2019;4;11;3;3;3;6;0;0;1;0;1;0;1;0;797882,1463;5828529,245;13,3918;52,52525
193498;11;2;2040703;2019;4;15;3;2;3;6;0;1;1;0;0;0;0;0;801745,9908;5826253,908;13,44652;52,50274
193499;11;1;1033201;2019;4;15;6;3;5;2;0;1;1;0;0;0;0;0;798081,0077;5830001,847;13,39604;52,53835
193500;11;4;4030518;2019;4;16;3;2;5;2;0;0;1;0;1;0;0;0;791469,5071;5828283,532;13,29733;52,52652
193501;11;4;4030417;2019;4;10;3;2;6;7;0;0;0;1;0;0;1;0;791769,6853;5827104,258;13,30071;52,51578
193502;11;5;5030730;2019;4;11;5;3;5;7;0;0;1;0;0;0;0;0;786557,7718;5830558,698;13,22709;52,54952
193503;11;1;1044202;2019;4;10;3;2;5;2;0;0;1;0;1;0;0;0;795534,6992;5830743,844;13,35927;52,54638
193504;11;1;1022206;2019;4;11;3;3;1;5;0;1;0;0;0;0;1;0;796482,1622;5828645,599;13,37133;52,52706
193505;11;11;11051332;2019;4;8;5;3;5;2;0;1;1;0;0;0;0;0;807202,831;5823906,186;13,52449;52,47865
193506;11;2;2050801;2019;4;10;3;3;0;4;0;1;1;0;0;0;1;0;803331,0701;5827421,354;13,47086;52,51232
193507;11;6;6010102;2019;4;10;5;3;3;6;0;0;1;0;1;0;0;0;793684,159;5820596,387;13,32311;52,45642
193508;11;1;1011306;2019;4;9;3;3;1;5;0;1;0;0;0;0;1;0;800030,3172;5826464,125;13,42151;52,50557
193509;11;3;3061435;2019;4;20;7;3;2;7;2;1;1;0;0;0;0;0;801698,1731;5829409,153;13,44868;52,53104
193510;11;1;1011302;2019;4;1;3;3;1;5;2;1;1;0;0;0;0;0;798200,4742;5828743,789;13,39667;52,527
193511;11;5;5020625;2019;4;5;3;3;5;3;2;0;1;0;0;0;0;0;784632,72;5828423,984;13,19695;52,53139
193512;11;9;9041501;2019;4;12;6;3;5;7;0;0;1;0;0;0;1;0;811352,1644;5819987,768;13,58174;52,44119
193513;11;9;9020501;2019;4;7;3;3;5;3;0;0;1;0;1;0;0;0;806252,8127;5822194,216;13,50898;52,46384
193514;11;5;5030832;2019;4;14;5;3;6;3;0;0;1;1;0;0;0;0;788802,9017;5830206,501;13,25981;52,54518
193515;11;11;11040926;2019;4;7;3;3;2;1;0;0;1;0;0;0;0;0;805755,7017;5827182,064;13,50626;52,50882
193516;11;12;12214422;2019;4;17;1;3;2;6;0;0;1;0;0;0;0;0;792067,9483;5832942,159;13,31022;52,56796
193517;11;5;5020625;2019;4;5;5;3;2;6;2;0;1;0;1;0;0;0;784718,5759;5828571,16;13,19834;52,53266
193518;11;4;4030417;2019;4;7;3;3;6;7;0;0;1;1;0;0;0;0;791162,4385;5826636,186;13,29138;52,51191
193519;11;3;3050923;2019;4;16;7;3;5;3;0;0;1;0;0;0;0;0;800421,9557;5832305,752;13,43254;52,55771
193520;11;1;1044103;2019;4;8;3;3;5;3;0;0;1;0;0;0;0;0;794814,4132;5830667,198;13,34861;52,54609
193521;11;1;1011105;2019;4;8;5;3;5;3;0;1;1;0;0;0;0;0;796123,173;5826294,134;13,36396;52,50618
193522;11;6;6040703;2019;4;8;3;2;0;6;0;0;1;0;0;0;0;0;785348,6552;5818639,927;13,1991;52,44329
193523;11;12;12304314;2019;4;18;7;3;2;6;0;0;1;0;0;0;0;0;790720,279;5835389,21;13,29254;52,59062
193524;11;10;10010207;2019;4;8;3;3;5;2;0;0;1;0;0;0;0;0;808839,241;5831800,438;13,55584;52,54847
193525;11;4;4020311;2019;4;9;3;2;6;2;0;0;1;1;0;0;0;0;789445,3532;5826652,797;13,26616;52,51298
193526;11;5;5020625;2019;4;11;6;2;6;4;0;0;1;1;0;0;0;0;783961,1083;5828707,677;13,18732;52,53428
193527;11;2;2020204;2019;4;18;2;3;3;6;1;1;0;0;0;0;0;0;798040,3466;5824836,506;13,39082;52,49207
193528;11;8;8041037;2019;4;16;5;3;6;6;0;0;1;1;0;0;0;0;805538,5917;5817148,562;13,49388;52,41902
193529;11;1;1011302;2019;4;9;2;3;4;6;0;1;0;0;0;0;0;0;798791,1645;5829066,087;13,40564;52,52957
193530;11;8;8030830;2019;4;13;1;3;5;2;0;0;1;0;1;0;0;0;802292,8379;5817834,577;13,44692;52,42697
193531;11;9;9052001;2019;4;19;2;3;5;2;0;1;1;0;0;0;0;0;811081,4557;5821962,811;13,57961;52,45904
193532;11;11;11051229;2019;4;12;2;3;3;6;0;0;1;0;0;1;0;0;803872,2183;5826138,796;13,47764;52,50052
193533;11;4;4020314;2019;4;12;7;3;5;2;0;1;1;0;0;0;0;0;790025,7165;5825236,173;13,27345;52,49997
193534;11;7;7040403;2019;4;12;2;3;5;2;0;1;1;0;0;0;0;0;797870,7518;5821888,092;13,38569;52,46573
193535;11;8;8010303;2019;4;16;2;3;1;5;0;1;1;0;0;0;0;0;801039,3387;5823941,757;13,43405;52,4824
193536;11;1;1011203;2019;4;9;6;3;2;6;0;0;1;0;1;0;0;0;797453,6655;5827394,685;13,38449;52,51532
193537;11;12;12214125;2019;4;16;2;2;2;6;0;0;1;0;0;0;0;0;788333,5598;5832029,059;13,25449;52,56177
193538;11;10;10020622;2019;4;17;5;3;5;3;0;1;1;0;0;0;0;0;811034,7713;5829168,046;13,58565;52,52364
193539;11;9;9020701;2019;4;16;2;3;5;3;0;1;1;0;0;0;0;0;808810,4515;5819001,109;13,54355;52,43378
193540;11;8;8041036;2019;4;7;6;3;3;6;0;1;1;0;0;0;0;0;804343,8247;5817008,628;13,47624;52,41843
193541;11;8;8010213;2019;4;15;2;3;5;3;0;1;0;0;0;0;1;0;801209,6008;5822594,389;13,43533;52,47023
193542;11;3;3040614;2019;4;12;5;3;5;2;0;0;0;0;0;1;1;0;800023,9726;5834669,569;13,42882;52,57912
193543;11;1;1011303;2019;4;15;2;3;2;4;0;1;1;1;0;0;0;0;799078,0739;5828652,848;13,40949;52,52571
193544;11;5;5020523;2019;4;14;1;3;5;2;0;0;1;0;0;0;0;0;782359,5205;5827215,934;13,1625;52,52174
193545;11;1;1011303;2019;4;15;2;3;5;3;0;1;0;0;0;0;0;0;799492,623;5828155,222;13,41513;52,52102
193546;11;1;1022204;2019;4;15;2;3;5;2;0;1;1;0;0;0;0;0;794800,4801;5828308,971;13,34631;52,52495
193547;11;5;5020521;2019;4;15;7;3;5;2;0;0;1;0;0;0;0;0;780672,53;5827518,676;13,13796;52,52533
193548;11;5;5020417;2019;4;13;2;3;0;3;0;1;0;0;0;0;1;0;783068,7404;5828602,32;13,17411;52,5338
193549;11;10;10010308;2019;4;14;2;3;5;3;0;1;0;0;0;0;1;0;806466,4796;5830188,432;13,51947;52,53537
193550;11;2;2010102;2019;4;7;5;3;3;6;0;1;0;0;0;0;0;0;798191,1307;5825520,901;13,39364;52,49812
193551;11;5;5020626;2019;4;14;2;3;5;3;0;0;1;0;1;0;0;0;784586,4914;5827976,26;13,19589;52,5274
193552;11;10;10020620;2019;4;16;5;3;2;6;0;0;1;0;0;0;0;0;811281,1546;5829681,427;13,58975;52,5281
193553;11;6;6010210;2019;4;16;2;2;6;4;0;1;0;1;0;0;0;0;794764,8602;5821573,567;13,33983;52,4646
193554;11;3;3061227;2019;4;13;7;3;5;3;0;1;1;0;0;0;0;0;799748,8568;5831750,897;13,42214;52,55311
193555;11;4;4030931;2019;4;18;2;3;1;5;0;0;1;0;0;0;0;0;794094,4952;5825723,652;13,33365;52,50216
193556;11;10;10040931;2019;4;13;2;3;5;3;0;1;1;0;0;0;0;0;813805,8283;5829744,574;13,6269;52,52721
193557;11;2;2020206;2019;4;16;2;3;2;6;0;0;1;0;0;0;0;0;799070,5913;5824634,581;13,40577;52,48969
193558;11;3;3061434;2019;4;19;1;3;2;6;0;0;1;0;0;0;0;0;801347,5457;5829653,981;13,44374;52,53343
193559;11;4;4041136;2019;4;12;2;3;1;5;0;1;1;0;0;0;0;0;790080,8315;5822967,803;13,27229;52,4796
193560;11;5;5030731;2019;4;14;2;3;0;7;0;0;0;0;1;0;0;1;786983,4231;5829578,553;13,23251;52,54051
193561;11;4;4030828;2019;4;19;4;3;5;3;1;1;1;0;0;0;0;0;793467,6212;5826331,507;13,32498;52,50795
193562;11;2;2010104;2019;4;18;6;3;5;3;0;0;1;0;0;0;0;0;799060,6754;5825597,059;13,40648;52,49833
193563;11;1;1044201;2019;4;17;2;3;5;5;0;1;1;0;0;0;0;0;796940,248;5831531,897;13,38064;52,55268
193564;11;1;1011402;2019;4;18;4;3;2;6;0;0;1;0;0;0;0;0;798244,714;5829612,779;13,3981;52,53477
193565;11;5;5020625;2019;4;12;2;3;2;6;0;0;1;0;0;0;0;0;784722,5527;5828624,191;13,19844;52,53314
193566;11;1;1011303;2019;4;18;4;3;3;6;0;1;1;0;0;0;0;0;799042,4544;5828828,203;13,40912;52,5273
193567;11;6;6040806;2019;4;14;5;3;5;2;0;0;1;0;1;0;0;0;789048,3194;5819042,53;13,25373;52,44496
193568;11;6;6020303;2019;4;16;2;3;5;3;0;1;1;0;0;0;0;0;795778,0994;5818439,984;13,35192;52,43596
193569;11;8;8010213;2019;4;18;4;3;2;7;0;1;0;0;0;0;1;0;801535,0133;5822636,633;13,44015;52,47043
193570;11;3;3040818;2019;4;17;4;3;1;1;0;0;0;0;1;1;0;0;799980,02;5832363,256;13,42609;52,55847
193571;11;4;4030623;2019;4;9;5;3;5;7;0;0;1;0;0;0;0;0;793817,7887;5826703,716;13,33045;52,51109
193572;11;1;1011402;2019;4;13;2;3;0;3;0;1;1;0;0;0;0;0;798672,5649;5829459,717;13,40425;52,53316
193573;11;9;9020802;2019;4;17;4;3;2;7;0;0;1;0;0;0;0;0;809994,9568;5820358,307;13,56218;52,44528
193574;11;4;4010102;2019;4;18;7;3;6;4;1;0;0;1;1;0;0;0;792710,4184;5830652,843;13,31766;52,54709
193575;11;7;7010102;2019;4;17;4;3;0;6;0;0;1;0;0;0;1;0;795080,6897;5825808,097;13,34821;52,50238
193576;11;1;1044103;2019;4;13;2;3;1;5;0;0;1;0;0;0;1;0;794931,3672;5831040,758;13,35066;52,54937
193577;11;4;4020311;2019;4;17;4;3;5;3;0;0;1;0;1;0;0;0;789992,273;5826317,665;13,2739;52,50968
193578;11;5;5030731;2019;4;18;2;3;5;2;0;1;1;0;0;0;0;0;786983,4223;5829577,424;13,2325;52,5405
193579;11;2;2050601;2019;4;17;4;3;5;3;0;1;1;0;0;0;0;0;801966,6974;5829025,696;13,45227;52,52746
193580;11;7;7050501;2019;4;10;6;3;3;6;0;0;1;0;1;0;0;0;797483,2632;5820263,559;13,37856;52,45138
193581;11;7;7020201;2019;4;11;2;3;2;6;0;0;1;0;0;0;0;0;794944,4721;5824454,423;13,34501;52,49032
193582;11;7;7040403;2019;4;16;4;3;2;6;0;0;1;0;0;0;0;0;796911,1076;5820709,162;13,37056;52,45568
193583;11;2;2020204;2019;4;16;4;3;5;2;0;1;1;0;0;0;0;0;798311,3687;5825328,012;13,39524;52,49632
193584;11;6;6030610;2019;4;15;5;3;3;2;0;0;1;0;0;0;0;0;792937,9071;5817752,317;13,30966;52,43132
193585;11;6;6040701;2019;4;16;4;3;4;6;0;1;1;0;0;0;0;0;781474,5127;5813277,035;13,13774;52,39721
193586;11;7;7050502;2019;4;14;6;3;5;3;0;0;1;0;0;0;0;0;797855,2601;5817824,508;13,38184;52,42931
193587;11;12;12301203;2019;4;15;4;3;6;6;0;1;0;1;0;0;0;0;793557,8211;5835435,522;13,33435;52,58951
193588;11;4;4020311;2019;4;15;4;3;5;3;0;0;1;0;0;0;0;0;788806,4094;5827270,419;13,25731;52,51885
193589;11;6;6010205;2019;4;15;4;3;5;7;0;0;1;0;1;0;0;0;794806,0715;5820061,012;13,3391;52,45101
193590;11;1;1011302;2019;4;14;5;3;5;7;0;0;1;0;1;0;0;0;798217,9588;5828412,841;13,39663;52,52403
193591;11;7;7020204;2019;4;18;2;3;5;2;0;1;1;0;0;0;0;0;796253,4522;5822956,133;13,3629;52,47618
193592;11;7;7040405;2019;4;14;4;3;5;3;0;0;1;0;0;0;0;0;798886,1128;5820527,231;13,39938;52,45298
193593;11;4;4051652;2019;4;16;2;3;6;4;0;0;1;1;0;0;0;0;793818,4343;5824654,804;13,32865;52,49273
193594;11;1;1011204;2019;4;14;4;3;5;3;0;0;1;0;1;0;0;0;798854,387;5826757,48;13,4045;52,50884
193595;11;7;7040402;2019;4;7;5;3;0;7;0;0;0;1;1;0;0;0;796487,1793;5821140,488;13,36472;52,45978
193596;11;1;1011301;2019;4;10;2;3;6;2;0;0;1;1;0;0;0;0;797029,9306;5828455,926;13,37921;52,52506
193597;11;10;10010309;2019;4;17;4;3;0;1;0;0;0;0;1;0;0;0;807879,3028;5829198,878;13,53932;52,5257
193598;11;1;1033201;2019;4;17;7;3;6;7;0;1;0;1;0;0;0;0;797550,6104;5830944,853;13,38909;52,54709
193599;11;7;7040405;2019;4;8;4;3;5;3;0;0;1;0;0;0;0;0;798480,1511;5821774,481;13,39453;52,46438
193600;11;10;10040830;2019;4;17;2;2;5;2;0;0;1;0;1;0;0;0;811203,9997;5824713,67;13,58397;52,48362
193601;11;7;7010104;2019;4;8;4;3;5;2;0;1;1;0;0;0;0;0;796422,5798;5824865,98;13,36709;52,49321
193602;11;1;1044101;2019;4;18;2;3;6;4;0;0;1;1;0;0;0;0;793717,3837;5831833,798;13,33351;52,55714
193603;11;2;2030402;2019;4;9;3;3;2;6;0;1;0;0;0;0;0;0;801957,2184;5825641,863;13,44906;52,49713
193604;11;4;4041344;2019;4;8;6;3;2;6;0;0;1;0;0;0;1;0;793047,9266;5822017,008;13,31502;52,46949
193605;11;3;3020307;2019;4;19;2;3;2;6;0;0;1;0;1;0;0;0;799227,2149;5837622,208;13,41977;52,60602
193606;11;1;1011202;2019;4;18;3;3;5;2;0;0;1;0;0;0;0;0;797739,1048;5827587,546;13,38885;52,51689
193607;11;1;1011101;2019;4;9;3;3;2;6;0;0;1;0;0;0;0;0;794558,619;5826085,973;13,34079;52,50516
193608;11;4;4041134;2019;4;16;5;3;2;6;0;0;1;0;0;0;0;0;790857,2986;5824362,42;13,28491;52,49169
193609;11;3;3040512;2019;4;12;3;3;5;2;0;1;1;0;0;0;0;0;795821,949;5835221,284;13,36748;52,58636
193610;11;8;8020619;2019;4;17;3;3;6;3;0;0;1;1;0;0;0;0;802615,4797;5820927,092;13,45445;52,45451
193611;11;9;9051702;2019;4;11;1;3;2;6;0;0;1;0;0;0;0;0;813735,7581;5821732,686;13,61833;52,45546
193612;11;1;1022104;2019;4;17;3;3;6;4;0;1;0;1;0;0;0;0;794595,3594;5828452,249;13,34342;52,52635
193613;11;11;11051331;2019;4;20;2;2;6;4;2;0;1;1;0;0;0;0;807316,1062;5824786,772;13,52697;52,48648
193614;11;7;7070701;2019;4;10;2;3;5;2;0;1;0;0;0;1;0;0;799254,7145;5816248,93;13,40096;52,41443
193615;11;2;2020204;2019;4;17;3;3;2;6;0;1;1;0;0;0;0;0;797886,542;5824886,242;13,3886;52,4926
193616;11;4;4020311;2019;4;13;7;2;5;3;0;0;1;0;1;0;0;0;789010,6208;5827026,172;13,26009;52,51655
193617;11;7;7040403;2019;4;12;3;3;5;3;0;0;1;0;0;0;0;0;797425,3103;5820942,286;13,37831;52,45749
193618;11;1;1011302;2019;4;9;2;3;5;3;0;1;1;0;0;0;0;0;798590,0176;5828886,68;13,40252;52,52807
193619;11;1;1033203;2019;4;18;3;3;2;6;0;1;1;0;0;0;0;0;796451,5614;5829959,54;13,37205;52,53885
193620;11;4;4061757;2019;4;1;1;2;9;1;2;0;0;0;1;0;0;0;785774,6802;5825068,402;13,21086;52,50071
193621;11;6;6040809;2019;4;12;3;3;5;3;0;0;1;0;1;0;0;0;791208,1286;5819689,592;13,28598;52,44961
193622;11;3;3061429;2019;4;14;4;3;2;2;0;0;1;0;0;0;0;0;801704,6792;5830097,633;13,4494;52,53721
193623;11;10;10020413;2019;4;9;2;3;5;3;0;1;1;0;0;0;0;0;811375,439;5831553,765;13,59289;52,54482
193624;11;8;8010404;2019;4;11;3;3;6;4;0;0;1;1;0;0;0;0;802567,8446;5823054,332;13,45568;52,4736
193625;11;8;8010118;2019;4;1;7;3;1;6;2;1;1;0;0;0;0;0;800773,2547;5822727,992;13,42905;52,47167
193626;11;6;6020409;2019;4;11;3;3;5;3;0;0;1;0;0;0;0;0;794004,9187;5818143,132;13,32566;52,43425
193627;11;5;5030730;2019;4;8;2;3;1;5;0;0;1;0;0;0;1;0;786049,4063;5829179,258;13,21843;52,53742
193628;11;4;4020311;2019;4;10;3;3;5;3;0;0;1;0;0;0;0;0;789319,1483;5826829,795;13,26446;52,51463
193629;11;7;7010102;2019;4;8;2;3;2;6;0;0;0;0;1;0;1;0;795953,15;5825369,649;13,36064;52,49798
193630;11;1;1011303;2019;4;18;3;2;5;2;1;1;1;0;0;0;0;0;799111,8672;5828465,953;13,40981;52,52401
193631;11;6;6010207;2019;4;11;6;3;1;5;0;1;1;0;0;0;1;0;793945,7622;5819587,701;13,32606;52,44723
193632;11;1;1022102;2019;4;8;2;2;6;4;0;0;1;1;0;0;0;0;793452,5371;5828523,661;13,32669;52,52761
193633;11;11;11030721;2019;4;20;3;3;5;3;2;1;1;0;0;0;0;0;805694,9833;5827907,782;13,50603;52,51536
193634;11;4;4051652;2019;4;10;3;3;2;7;0;1;0;0;0;0;1;0;793448,1251;5824304,447;13,32291;52,48979
193635;11;12;12214125;2019;4;20;5;3;5;3;2;0;1;0;0;0;0;0;791132,0912;5833989,038;13,29737;52,57785
193636;11;2;2050803;2019;4;8;2;3;2;6;0;1;0;0;0;0;0;0;802514,4155;5826557,014;13,45808;52,50503
193637;11;12;12103115;2019;4;21;3;3;5;2;2;0;1;0;0;0;0;0;795480,4557;5833415,283;13,36085;52,57036
193638;11;1;1011401;2019;4;12;1;3;0;1;0;1;0;0;0;0;0;0;798211,6395;5829356,587;13,39738;52,53249
193639;11;4;4030726;2019;4;10;3;3;3;6;0;1;1;0;0;0;0;0;792036,1492;5825773,688;13,30346;52,50371
193640;11;9;9010402;2019;4;11;2;2;0;1;0;0;0;0;1;0;0;0;806379,367;5819836,918;13,50867;52,44264
193641;11;12;12214424;2019;4;17;2;3;2;6;0;0;1;0;0;0;1;0;792639,6501;5832795,717;13,31851;52,56634