OBJECTID;LAND;BEZ;LOR;UJAHR;UMONAT;USTUNDE;UWOCHENTAG;UKATEGORIE;UART;UTYP1;ULICHTVERH;IstRad;IstPKW;IstFuss;IstKrad;IstGkfz;IstSonstige;USTRZUSTAND;LINREFX;LINREFY;XGCSWGS84;YGCSWGS84
194291;11;12;12214422;2019;4;12;3;3;2;6;0;0;1;0;0;0;0;0;792067,133;5832942,138;13,31021;52,56796
194292;11;9;9052001;2019;4;13;3;3;2;6;0;0;1;0;0;0;0;0;809338,0593;5822682,147;13,5547;52,46648
194293;11;4;4051550;2019;4;14;3;3;0;7;0;0;1;0;0;0;1;0;793331,818;5824306,102;13,3212;52,48986
194294;11;7;7050503;2019;4;13;3;3;2;6;0;0;1;0;0;0;1;0;799059,6851;5819743,743;13,40122;52,44586
194295;11;4;4030622;2019;4;14;3;3;1;5;0;1;1;0;0;0;0;0;792154,185;5827256,586;13,30649;52,51694
194296;11;8;8010404;2019;4;14;3;3;0;6;0;0;1;0;1;0;0;0;802520,0362;5823137,956;13,45506;52,47438
194297;11;5;5040936;2019;4;15;3;3;2;6;0;0;1;0;0;0;0;0;781126,8621;5820046,881;13,13833;52,45809
194298;11;4;4051446;2019;4;15;3;3;6;4;0;0;1;1;0;0;0;0;793054,1234;5825234,726;13,31794;52,49834
194299;11;9;9051702;2019;4;16;3;2;5;2;0;1;1;0;0;0;0;0;814209,9275;5821928,129;13,62547;52,45694
194300;11;1;1011302;2019;4;16;3;3;5;3;0;1;1;0;0;0;0;0;798658,8791;5828820,445;13,40348;52,52744
194301;11;1;1022207;2019;4;16;3;3;5;2;0;0;1;0;1;0;0;0;794405,322;5827596,943;13,33987;52,51879
194302;11;1;1044101;2019;4;15;2;3;2;2;0;0;1;0;0;0;0;0;794018,7826;5830174,786;13,33647;52,5421
194303;11;8;8030831;2019;4;14;2;3;5;2;0;1;1;0;0;0;0;0;804702,8475;5817818,272;13,48224;52,42549
194304;11;2;2010102;2019;4;15;2;3;2;6;0;0;1;0;0;0;0;0;798626,4927;5826386,806;13,40081;52,50564
194305;11;1;1044201;2019;4;22;2;3;1;5;2;0;1;0;1;0;0;0;795871,8214;5831152,289;13,36459;52,54986
194306;11;4;4020314;2019;4;19;2;3;5;7;2;0;1;0;0;0;0;0;790398,4917;5825655,644;13,27929;52,50353
194307;11;1;1033203;2019;4;0;2;3;2;6;2;0;1;0;0;0;0;0;796633,8928;5829795,261;13,37458;52,53728
194308;11;11;11040926;2019;4;23;2;3;5;3;2;0;1;0;0;0;0;0;805479,1079;5826709,051;13,50176;52,50474
194309;11;12;12214527;2019;4;18;2;3;6;4;0;0;1;1;0;0;0;0;789586,8102;5834345,239;13,27495;52,58186
194310;11;10;10010207;2019;4;18;2;3;5;2;0;0;1;0;0;0;0;0;809288,6192;5831671,631;13,56232;52,54706
194311;11;9;9041301;2019;4;18;2;2;0;1;0;0;0;0;1;0;0;0;814778,0518;5818254,595;13,63034;52,42369
194312;11;3;3061429;2019;4;16;2;2;2;6;0;1;0;0;0;0;0;0;801655,0986;5830131,325;13,4487;52,53754
194313;11;9;9041501;2019;4;14;2;3;0;7;0;1;0;1;0;0;0;0;811239,5968;5820234,022;13,58032;52,44346
194314;11;10;10040931;2019;4;14;2;3;5;3;0;1;0;0;0;0;0;0;814334,1088;5830073,418;13,63498;52,52986
194315;11;9;9020701;2019;4;14;2;2;4;1;0;0;1;0;0;0;0;0;808012,3533;5819781,715;13,53257;52,44123
194316;11;9;9031001;2019;4;13;2;3;0;2;0;0;1;0;0;0;1;0;811334,4335;5815644,977;13,57744;52,40228
194317;11;8;8030830;2019;4;13;2;3;2;6;0;1;1;0;0;0;0;0;802511,0942;5817956,63;13,45023;52,42794
194318;11;9;9041601;2019;4;10;2;3;5;3;0;1;1;0;0;0;0;0;816925,2586;5817159,654;13,66078;52,41264
194319;11;2;2020202;2019;4;9;2;2;5;3;0;0;1;0;1;0;0;0;797615,8904;5825532,086;13,38521;52,49853
194320;11;9;9030901;2019;4;10;1;2;5;3;0;0;1;0;0;0;1;0;807941,2417;5816571,334;13,52857;52,4125
194321;11;4;4010101;2019;4;18;1;3;6;4;0;1;0;1;0;0;0;0;791240,7003;5829696,332;13,29521;52,53931
194322;11;7;7060604;2019;4;16;1;3;5;3;0;1;1;0;0;0;0;0;797858,3473;5815725,804;13,38002;52,4105
194323;11;8;8020726;2019;4;16;1;3;5;3;0;0;1;0;1;0;0;0;799853,5367;5816513,466;13,40997;52,41647
194324;11;9;9041301;2019;4;16;1;3;6;7;0;1;0;1;0;0;0;0;812159,8944;5819710,566;13,59333;52,43824
194325;11;2;2030302;2019;4;15;1;3;6;7;0;1;0;1;0;0;0;0;800565,0628;5825807,808;13,42877;52,49939
194326;11;3;3061126;2019;4;11;1;3;5;7;0;1;1;0;0;0;0;0;799219,868;5831773,706;13,41438;52,5536
194327;11;10;10010204;2019;4;17;1;2;1;5;0;1;1;0;0;0;0;0;809827,7192;5832983,341;13,57147;52,55851
194328;11;8;8010404;2019;4;3;1;3;1;1;2;0;1;0;0;0;1;0;801780,8785;5822803,604;13,4439;52,47179
194329;11;11;11010206;2019;4;14;1;3;0;2;0;0;0;0;0;0;1;0;806293,0676;5834079,293;13,52051;52,57033
194330;11;3;3071536;2019;4;16;1;3;1;1;0;0;1;0;1;0;0;0;799131,3766;5830269,174;13,41172;52,54017
194331;11;11;11030619;2019;4;7;1;3;0;1;0;1;0;0;0;0;0;0;803822,9132;5829137,841;13,47965;52,52743
194332;11;1;1044201;2019;4;15;1;3;5;2;0;0;1;0;0;0;1;0;796447,1721;5831945,214;13,37376;52,55666
194333;11;1;1033201;2019;4;18;1;3;0;1;0;0;0;0;1;0;0;0;797834,3294;5830450,071;13,39282;52,5425
194334;11;5;5010313;2019;4;3;7;1;9;1;2;0;1;0;0;1;0;0;784381,6805;5829957,697;13,19457;52,54527
194335;11;3;3020203;2019;4;17;7;3;5;2;0;1;1;0;0;0;0;0;796558,2255;5840101,447;13,38269;52,62971
194336;11;9;9051702;2019;4;9;7;2;1;5;0;1;1;0;0;0;0;0;814697,5324;5820825,206;13,63158;52,44678
194337;11;7;7060604;2019;4;14;7;3;1;5;0;1;1;0;0;0;0;0;795538,8427;5815979,416;13,34624;52,41403
194338;11;4;4030827;2019;4;20;7;3;1;5;1;1;1;0;0;0;0;0;792586,5383;5826114,097;13,31184;52,50647
194339;11;2;2010104;2019;4;18;7;3;5;2;0;1;1;0;0;0;0;0;799065,5907;5825613,522;13,40657;52,49847
194340;11;8;8010404;2019;4;15;7;3;3;6;0;1;1;0;0;0;0;0;801701,5992;5822577,47;13,44254;52,46981
194341;11;9;9051702;2019;4;15;7;3;6;4;0;0;1;1;0;0;0;0;814202,5887;5821321,026;13,62479;52,4515
194342;11;5;5010206;2019;4;13;7;3;5;2;0;0;1;0;0;0;0;0;782366,4659;5830501,279;13,1654;52,55119
194343;11;6;6030501;2019;4;13;7;3;0;7;0;1;0;0;0;0;0;0;787534,9809;5817273,121;13,23;52,42989
194344;11;2;2020203;2019;4;12;7;3;5;2;0;0;1;0;0;0;1;0;797751,8312;5824596,901;13,38637;52,49008
194345;11;8;8010301;2019;4;11;7;3;2;2;0;0;0;0;1;0;1;0;801302,133;5823988,251;13,43795;52,48267
194346;11;7;7070703;2019;4;1;7;3;0;3;2;0;1;0;0;0;1;0;799428,2881;5813175,173;13,40075;52,38678
194347;11;8;8041037;2019;4;7;7;2;5;3;0;0;1;0;0;0;0;0;805536,0028;5818566,233;13,49514;52,43173
194348;11;12;12214424;2019;4;8;7;3;5;2;0;1;1;0;0;0;0;0;793390,7319;5832515,873;13,32931;52,56343
194349;11;6;6010205;2019;4;9;7;3;5;3;0;1;1;0;0;0;0;0;795532,0335;5819966,641;13,34967;52,44978
194350;11;7;7070703;2019;4;10;7;3;2;6;0;0;1;0;0;0;0;0;799818,5648;5813186,494;13,40648;52,38667
194351;11;6;6030609;2019;4;10;7;2;6;2;0;0;1;1;0;0;0;0;793275,4515;5819096,086;13,31579;52,44319
194352;11;7;7050501;2019;4;10;7;3;2;2;0;0;1;0;0;0;0;0;798021,4115;5819648,762;13,38591;52,44557
194353;11;2;2040701;2019;4;5;7;2;5;3;2;0;1;0;0;0;1;0;800718,317;5827875,86;13,43289;52,51784
194354;11;11;11030721;2019;5;14;5;3;5;7;0;1;1;0;0;0;0;1;804688,929;5828427,135;13,49173;52,52058
194355;11;1;1033102;2019;5;14;5;3;0;6;0;1;1;0;0;0;0;0;797433,396;5831263,498;13,38765;52,55001
194356;11;6;6010207;2019;5;17;5;3;1;5;0;1;1;0;0;0;0;0;793963,3532;5820437,767;13,32706;52,45484
194357;11;9;9020701;2019;5;12;5;3;5;3;0;1;1;0;0;0;0;0;808809,4645;5819002,117;13,54354;52,43379
194358;11;6;6020306;2019;5;17;5;3;5;3;0;0;1;0;0;0;0;0;796519,01;5817311,25;13,36179;52,42544
194359;11;9;9010302;2019;5;14;5;3;5;3;0;0;1;0;1;0;0;1;804938,7156;5820712,241;13,48834;52,45129
194360;11;4;4030828;2019;5;13;5;3;1;5;0;1;1;0;0;0;0;1;793062,9351;5826099,304;13,31883;52,50608
194361;11;2;2040503;2019;5;17;5;3;2;6;0;1;1;0;0;0;0;0;801492,826;5827923,972;13,44431;52,51784
194362;11;7;7010101;2019;5;14;5;3;5;2;0;1;1;0;0;0;0;0;794770,9525;5825692,85;13,34356;52,50152
194363;11;11;11040926;2019;5;17;5;3;5;2;0;1;1;0;0;0;0;0;804587,552;5826362,866;13,48835;52,50213
194364;11;3;3020209;2019;5;16;5;3;5;3;0;1;1;0;0;0;0;0;798133,1058;5836522,369;13,40267;52,59676
194365;11;2;2040701;2019;5;16;5;3;0;3;0;1;1;0;0;0;0;0;800314,7511;5827618,16;13,42673;52,51575
194366;11;12;12103218;2019;5;16;5;3;2;6;0;0;1;0;0;1;0;0;793590,8079;5832534,444;13,33227;52,56349
194367;11;9;9031202;2019;5;5;5;2;4;6;1;0;0;0;0;0;1;1;816844,0268;5812910,541;13,65557;52,37462
194368;11;9;9041501;2019;5;9;5;2;6;3;0;0;1;1;0;0;0;0;810989,9744;5820319,478;13,57674;52,44436
194369;11;4;4051652;2019;5;8;5;3;3;6;0;1;1;0;0;0;0;0;793444,5305;5823962,165;13,32255;52,48672
194370;11;1;1011302;2019;5;9;5;3;5;3;0;1;0;0;0;0;1;0;799060,4355;5829007,208;13,40954;52,52889
194371;11;8;8010404;2019;5;7;5;3;2;3;0;1;0;0;0;0;0;0;802163,9174;5823362,712;13,45003;52,47659
194372;11;2;2020201;2019;5;7;5;3;5;2;0;1;1;0;0;0;0;1;796768,6885;5826034,571;13,37321;52,5035
194373;11;10;10020622;2019;5;7;5;3;5;3;0;1;1;0;0;0;0;0;811153,5421;5828388,181;13,58667;52,51658
194374;11;2;2050601;2019;5;7;5;3;5;2;0;1;0;0;0;0;1;1;801865,7288;5828983,034;13,45075;52,52713
194375;11;12;12214422;2019;5;7;5;3;5;2;0;1;0;0;0;0;1;0;792304,4734;5833990,785;13,31463;52,57723
194376;11;10;10030724;2019;5;14;5;3;5;2;0;0;0;0;1;0;1;1;809629,5328;5828924,246;13,56478;52,52225
194377;11;12;12103115;2019;5;13;5;3;5;3;0;1;1;0;0;0;0;1;796233,2757;5833661,649;13,37214;52,57216
194378;11;2;2050601;2019;5;13;5;2;4;6;0;0;1;0;0;1;0;1;802126,3503;5828462,974;13,45411;52,52232
194379;11;5;5020523;2019;5;13;5;2;5;2;0;0;1;0;0;0;0;0;782379,9454;5827031,936;13,16265;52,52008
194380;11;9;9052001;2019;5;12;5;3;5;2;0;1;0;0;0;0;0;0;811182,7153;5822107,388;13,58123;52,46028
194381;11;1;1011105;2019;5;11;5;2;5;3;0;0;1;0;0;0;0;0;796437,2104;5826324,14;13,3686;52,50628
194382;11;4;4041137;2019;5;10;5;3;5;2;0;0;1;0;0;0;0;0;791265,9289;5823330,345;13,29001;52,48222
194383;11;4;4020208;2019;5;10;5;3;6;2;0;0;1;1;0;0;0;0;786924,4429;5825820,218;13,2284;52,50684
194384;11;10;10020414;2019;5;6;4;3;5;2;0;1;1;0;0;0;0;0;812227,8769;5830702,522;13,60462;52,5367
194385;11;11;11041128;2019;5;10;4;3;3;6;0;0;0;0;1;0;1;0;807091,4065;5825784,744;13,52459;52,49555
194386;11;3;3071537;2019;5;13;4;3;5;2;0;1;1;0;0;0;0;0;799544,3764;5830089,096;13,41763;52,53832
194387;11;5;5040934;2019;5;10;4;3;2;6;0;0;1;0;0;0;0;0;783940,223;5823367,917;13,18245;52,48642
194388;11;7;7030303;2019;5;20;4;3;6;4;0;0;1;1;0;0;0;0;795431,1577;5821687,531;13,34971;52,46526
194389;11;5;5040936;2019;5;18;4;3;5;3;0;0;1;0;0;0;0;0;780053,1994;5819443,377;13,12207;52,45323
194390;11;2;2050802;2019;5;8;4;3;0;6;0;1;1;0;0;0;0;0;802842,8777;5826587,4;13,46293;52,50512
194391;11;11;11041022;2019;5;7;4;2;6;4;0;0;0;1;0;0;1;0;806602,1766;5827734,549;13,5192;52,5133
194392;11;5;5010101;2019;5;21;4;3;5;3;2;1;1;0;0;0;0;0;784421,2177;5831938,433;13,19685;52,56301
194393;11;3;3061228;2019;5;20;4;2;5;2;1;1;1;0;0;0;0;0;800192,7513;5830931,051;13,42792;52,54551
194394;11;10;10040933;2019;5;16;4;3;5;3;0;1;1;0;0;0;0;0;812640,3779;5825270,994;13,60558;52,4878
194395;11;7;7030303;2019;5;16;4;3;5;2;0;0;1;0;1;0;0;0;795392,1195;5820977,953;13,34851;52,45892
194396;11;8;8041036;2019;5;15;4;3;5;3;0;1;1;0;0;0;0;0;805190,1034;5816496,393;13,48818;52,41337
194397;11;1;1011303;2019;5;15;4;3;2;2;0;1;1;0;0;0;0;0;799109,5983;5828466,017;13,40978;52,52402
194398;11;1;1022206;2019;5;17;4;3;2;6;0;0;1;0;0;0;0;0;795751,8283;5828194,682;13,36019;52,52341
194399;11;4;4020310;2019;5;17;4;3;5;3;0;0;1;0;0;0;0;0;790361,6202;5827321,356;13,28021;52,51848
194400;11;1;1011303;2019;5;16;4;3;2;6;0;0;1;0;1;0;0;0;799567,6423;5828743,121;13,41676;52,52625
194401;11;4;4030930;2019;5;16;4;3;2;6;0;0;1;0;0;0;0;0;792839,8313;5825503,3;13,31503;52,50086
194402;11;6;6040805;2019;5;16;4;3;0;1;0;1;0;0;0;0;0;0;789182,8873;5818567,649;13,25529;52,44063
194403;11;7;7030303;2019;5;15;4;3;2;6;0;0;1;0;0;0;0;0;795437,6871;5821007,018;13,3492;52,45915
194404;11;7;7040403;2019;5;14;4;3;3;6;0;0;1;0;1;0;0;0;797323,5431;5821806,776;13,37759;52,4653
194405;11;5;5010101;2019;5;7;4;2;5;3;0;1;1;0;0;0;0;0;785933,2119;5831674,059;13,21887;52,55985
194406;11;2;2010101;2019;5;13;4;3;0;2;0;1;0;0;0;0;1;0;797034,962;5825879,766;13,37698;52,50197
194407;11;2;2050801;2019;5;15;4;2;0;1;0;0;0;0;1;0;0;0;803360,7658;5826703,563;13,47064;52,50587
194408;11;4;4010101;2019;5;14;4;3;2;6;0;0;1;0;0;0;0;0;791220,753;5830669,205;13,29577;52,54804
194409;11;1;1044101;2019;5;13;4;2;5;2;0;0;1;0;1;0;0;0;794524,6174;5831566,174;13,34514;52,5543
194410;11;9;9041301;2019;5;13;4;3;2;6;0;0;1;0;0;0;0;0;812118,4446;5819731,742;13,59274;52,43845
194411;11;6;6030503;2019;5;12;4;3;6;7;0;0;1;1;0;0;0;0;789932,1301;5817661,168;13,2655;52,43211
194412;11;8;8041037;2019;5;12;4;3;6;7;0;0;1;1;0;0;0;0;805724,102;5816948,163;13,49642;52,41712
194413;11;1;1011303;2019;5;11;4;3;2;6;0;0;1;0;0;0;0;0;799208,301;5828464,611;13,41123;52,52395
194414;11;8;8010213;2019;5;11;4;3;5;2;0;1;1;0;0;0;0;0;801242,3411;5822469,041;13,4357;52,46909
194415;11;1;1011204;2019;5;9;4;3;5;2;0;0;1;0;1;0;0;0;798311,9975;5826963,785;13,39671;52,51099
194416;11;1;1033202;2019;5;9;4;3;5;3;0;1;1;0;0;0;0;0;796971,925;5830138,085;13,37986;52,54017
194417;11;2;2030402;2019;5;9;4;3;5;2;0;0;1;0;1;0;0;0;801945,254;5825652,14;13,4489;52,49723
194418;11;8;8010509;2019;5;9;4;3;0;1;0;0;0;0;1;0;0;0;803825,4356;5822133,277;13,4733;52,46465
194419;11;4;4041134;2019;5;9;4;2;2;6;0;0;1;0;0;0;0;0;790856,9311;5824316,495;13,28486;52,49128
194420;11;5;5020417;2019;5;9;4;3;5;3;0;0;1;0;0;0;0;0;783412,2115;5828627,715;13,17918;52,53385
194421;11;9;9020701;2019;5;9;4;3;5;3;0;0;1;0;0;0;0;0;807416,0147;5818311,215;13,52247;52,42839
194422;11;3;3040818;2019;5;8;4;3;2;2;0;0;1;0;0;0;0;0;800276,0341;5831757,379;13,4299;52,55288
194423;11;2;2040701;2019;5;8;4;3;5;2;0;1;1;0;0;0;0;0;800426,7408;5827979,713;13,4287;52,51893
194424;11;11;11020513;2019;5;8;4;3;0;2;0;0;0;0;0;1;1;0;802985,7456;5830861,267;13,46892;52,54334
194425;11;4;4030828;2019;5;7;4;3;0;5;0;1;1;0;0;0;0;0;793543,0094;5826368,36;13,32612;52,50824
194426;11;1;1022202;2019;5;6;4;3;5;2;0;0;1;0;1;0;0;0;796305,05;5828920,954;13,36897;52,52962
194427;11;4;4020311;2019;5;8;3;3;0;6;0;0;1;0;0;0;0;0;789148,2701;5826072,509;13,26129;52,50793
194428;11;1;1011101;2019;5;19;3;3;0;3;0;0;1;0;1;0;0;0;795314,6341;5826263,095;13,35205;52,50634
194429;11;1;1011103;2019;5;19;3;3;5;3;0;1;1;0;0;0;0;0;795384,968;5826005,478;13,35286;52,50399
194430;11;2;2040703;2019;5;19;3;3;1;5;0;1;1;0;0;0;0;0;801667,8082;5826285,162;13,4454;52,50306
194431;11;2;2030301;2019;5;22;3;3;1;5;2;1;1;0;0;0;0;0;799612,2945;5826218,574;13,41514;52,50359
194432;11;3;3061429;2019;5;18;3;3;6;6;0;1;0;1;0;0;0;0;801137,6586;5830739,437;13,44164;52,54328
194433;11;12;12302107;2019;5;18;3;3;5;2;0;0;1;0;1;0;0;0;794338,8013;5835703,626;13,34608;52,59149
194434;11;7;7050503;2019;5;18;3;3;0;1;0;0;1;0;0;0;0;0;799004,597;5819644,293;13,40032;52,445
194435;11;11;11020514;2019;5;13;3;3;2;6;0;0;1;0;0;0;0;0;804498,2384;5830968,062;13,49125;52,54346
194436;11;8;8010214;2019;5;17;3;3;5;2;0;0;1;0;1;0;0;0;801679,8523;5822337,213;13,442;52,46767
194437;11;9;9020702;2019;5;17;3;2;0;1;0;1;1;0;0;0;0;0;809143,0648;5819515,67;13,54891;52,43821
194438;11;3;3050924;2019;5;17;3;3;4;5;0;0;1;0;0;0;1;0;801387,7637;5831905,76;13,44638;52,55359
194439;11;5;5010314;2019;5;16;3;3;2;6;0;0;1;0;0;0;0;0;785279,4718;5829297,366;13,20721;52,53888
194440;11;3;3061228;2019;5;16;3;3;5;2;0;1;1;0;0;0;0;0;800938,789;5831179,531;13,43912;52,54733
194441;11;5;5010314;2019;5;15;3;3;2;6;0;0;1;0;1;0;0;0;784645,6254;5829284,376;13,19788;52,5391
194442;11;4;4030622;2019;5;16;3;2;6;7;0;0;1;1;0;0;0;0;792023,8119;5827237,286;13,30456;52,51684
194443;11;2;2050801;2019;5;15;3;2;3;6;0;1;1;0;0;0;0;0;802483,9704;5827406,978;13,4584;52,51266
194444;11;2;2020203;2019;5;15;3;3;2;6;0;0;1;0;0;0;0;0;797826,775;5824903,963;13,38774;52,49279
194445;11;2;2050802;2019;5;12;3;3;1;5;0;1;1;0;0;0;0;0;802214,33;5827126,509;13,45419;52,5103
194446;11;4;4030518;2019;5;11;3;3;4;6;0;0;1;0;0;1;0;0;792003,4164;5828567,033;13,30543;52,52877
194447;11;1;1011401;2019;5;10;3;3;3;6;0;1;1;0;0;0;0;0;797360,28;5829277,149;13,3848;52,53224
194448;11;4;4030929;2019;5;9;3;3;5;3;0;1;1;0;0;0;0;0;792625,7998;5825458,587;13,31184;52,50057
194449;11;4;4030519;2019;5;8;3;3;5;3;0;0;1;0;1;0;0;0;792066,9018;5828230,815;13,30607;52,52573
194450;11;12;12302107;2019;5;8;3;3;2;2;0;0;1;0;0;0;1;0;794382,21;5836232,761;13,34719;52,59621
194451;11;1;1011201;2019;5;7;3;3;1;5;0;1;1;0;0;0;0;0;797309,0304;5827210,91;13,3822;52,51375
194452;11;12;12301205;2019;5;7;3;3;5;3;0;1;1;0;0;0;0;0;791780,7795;5836929,471;13,30951;52,60386
194453;11;1;1011303;2019;5;7;3;3;3;6;0;0;1;0;0;0;0;0;799589,1844;5828777,55;13,41711;52,52654
194454;11;12;12214421;2019;5;5;3;3;2;6;1;0;1;0;1;0;0;1;793438,7793;5833416,061;13,33081;52,57147
194455;11;3;3061126;2019;5;15;2;2;5;2;0;1;1;0;0;0;0;0;798963,3807;5831449,056;13,41032;52,55083
194456;11;6;6020409;2019;5;10;2;3;1;5;0;0;1;0;0;0;0;0;793893,1798;5817750,323;13,32367;52,43079
194457;11;1;1011204;2019;5;16;2;3;2;2;0;0;1;0;0;0;1;0;798699,8408;5827083,256;13,40252;52,51185
194458;11;1;1022104;2019;5;22;2;3;5;3;2;1;1;0;0;0;0;0;794558,808;5828452,024;13,34289;52,52637
194459;11;4;4030621;2019;5;20;2;2;6;4;2;0;1;1;0;0;0;0;793201,119;5827792,842;13,32235;52,52119
194460;11;1;1011305;2019;5;19;2;2;5;3;0;1;1;0;0;0;0;0;799457,4152;5827067,357;13,41363;52,51129
194461;11;1;1011103;2019;5;19;2;3;2;6;2;0;1;0;0;0;0;0;795770,2352;5825717,509;13,35826;52,5012
194462;11;2;2020202;2019;5;18;2;3;0;2;0;1;1;0;0;0;0;0;797913,354;5825279,649;13,38935;52,49611
194463;11;6;6040808;2019;5;18;2;3;2;6;0;0;1;0;0;0;0;1;790162,74;5819744,332;13,27069;52,45066
194464;11;7;7040403;2019;5;17;2;2;2;6;0;0;1;0;1;0;0;0;797256,1102;5820930,401;13,37582;52,45748
194465;11;7;7010103;2019;5;16;2;3;5;3;0;1;1;0;0;0;0;0;795620,9184;5824477,768;13,35497;52,49017
194466;11;11;11020412;2019;5;17;2;3;5;3;0;0;1;0;0;0;0;0;806390,923;5831399,427;13,51947;52,54626
194467;11;6;6040701;2019;5;16;2;3;1;5;0;1;1;0;0;0;0;0;784491,9874;5816959,32;13,1851;52,42867
194468;11;6;6030610;2019;5;16;2;3;2;6;0;0;1;0;0;0;0;0;792382,0905;5818469,596;13,30214;52,43805
194469;11;5;5010339;2019;5;17;2;3;1;5;0;0;1;0;0;0;1;0;787737,8261;5828231,447;13,24243;52,52803
194470;11;3;3061126;2019;5;16;2;3;5;2;0;1;1;0;0;0;0;0;799215,0969;5831774,087;13,41431;52,55361
194471;11;4;4030930;2019;5;16;2;3;0;3;0;0;1;0;0;0;1;0;793133,5202;5825589,392;13,31942;52,50147
194472;11;8;8030831;2019;5;15;2;3;2;6;0;0;1;0;0;0;0;0;803926,2493;5818240,965;13,47124;52,42971
194473;11;1;1011203;2019;5;15;2;3;1;5;0;1;1;0;0;0;1;0;798120,5502;5827409,443;13,3943;52,51509
194474;11;3;3010102;2019;5;14;2;3;1;5;0;1;1;0;0;0;0;0;804085,3347;5840223,73;13,49368;52,62664
194475;11;6;6040809;2019;5;14;2;3;5;2;0;1;1;0;0;0;0;0;791620,21;5820656,732;13,29287;52,45806
194476;11;4;4030623;2019;5;13;2;3;0;5;0;0;1;0;0;0;0;0;793542,2895;5826345,978;13,32609;52,50804
194477;11;9;9041601;2019;5;13;2;3;5;3;0;1;1;0;0;0;0;0;817518,8169;5818243,225;13,67051;52,42201
194478;11;12;12103115;2019;5;16;2;3;5;3;0;1;1;0;0;0;0;0;796310,0035;5833949,513;13,37353;52,5747
194479;11;7;7040404;2019;5;13;2;3;5;3;0;1;1;0;0;0;0;0;797010,2559;5820402,42;13,37174;52,45288
194480;11;6;6030608;2019;5;12;2;3;1;5;0;0;1;0;0;0;0;0;792494,8062;5817042,861;13,30254;52,4252
194481;11;7;7050502;2019;5;11;2;2;3;6;0;1;0;0;0;1;0;0;798156,9645;5819022,544;13,38734;52,43989
194482;11;7;7070702;2019;5;6;2;3;5;3;0;0;1;0;1;0;0;0;800637,2129;5814907,274;13,42002;52,40164
194483;11;10;10020517;2019;5;7;2;3;6;2;0;0;1;1;0;0;0;0;812420,0484;5830374,664;13,60714;52,53366
194484;11;4;4041241;2019;5;12;2;3;5;2;0;1;1;0;0;0;0;0;791877,6547;5822388,264;13,29816;52,47345
194485;11;6;6040810;2019;5;7;2;3;6;4;0;1;0;1;0;0;0;0;790951,9943;5820700,806;13,2831;52,45881
194486;11;8;8010509;2019;5;6;2;3;5;3;0;0;1;0;1;0;0;0;803863,6123;5821820,379;13,47358;52,46182
194487;11;3;3020209;2019;5;6;2;3;5;3;0;0;1;0;1;0;0;0;797866,2487;5835308,021;13,39765;52,58603
194488;11;6;6020304;2019;5;7;2;3;5;7;0;1;1;0;0;0;0;0;794848,6531;5817553,856;13,33751;52,42852
194489;11;5;5010314;2019;5;7;2;3;5;2;0;0;1;0;0;0;0;0;785604,077;5828574,33;13,21136;52,53223
194490;11;12;12302110;2019;5;7;2;3;6;4;0;0;1;1;0;0;0;0;794782,184;5836291,863;13,35313;52,59652
194491;11;7;7040401;2019;5;8;2;2;5;3;0;0;1;0;0;0;0;0;797688,6443;5823493,14;13,38445;52,48022
194492;11;6;6030607;2019;5;8;2;3;0;3;0;0;1;0;1;0;0;0;791348,9019;5816108,091;13,28492;52,41743
194493;11;11;11041022;2019;5;8;2;2;6;4;0;0;1;1;0;0;0;0;806606,4847;5827753,215;13,51928;52,51346
194494;11;1;1011203;2019;5;9;2;3;3;6;0;1;0;0;0;0;0;0;798277,7946;5827479,54;13,39667;52,51563
194495;11;9;9020701;2019;5;9;2;3;3;6;0;0;1;0;0;0;1;0;808537,5568;5819110,451;13,53965;52,43492
194496;11;4;4051655;2019;5;9;2;3;6;4;0;0;1;1;0;0;0;0;794044,3734;5823103,788;13,3306;52,4787
194497;11;6;6040810;2019;5;10;2;3;5;2;0;0;1;0;0;0;0;0;790148,897;5819770,493;13,27051;52,4509
194498;11;1;1011304;2019;5;10;2;3;5;3;0;1;0;0;0;0;1;0;799687,8117;5827827,087;13,4177;52,51797
194499;11;4;4020310;2019;5;10;2;2;2;6;0;0;1;0;0;0;0;0;788261,2005;5827800,388;13,24975;52,52389
194500;11;4;4030929;2019;5;10;2;3;2;6;0;1;1;0;0;0;0;0;792705,4296;5825893,894;13,31339;52,50443
194501;11;4;4030827;2019;5;11;2;3;1;5;0;1;1;0;0;0;0;0;792298,4509;5826012,903;13,30752;52,50572
194502;11;9;9020601;2019;5;11;2;3;5;2;0;1;1;0;0;0;0;0;805903,9782;5821819,79;13,50352;52,46068
194503;11;12;12103116;2019;5;11;2;3;6;4;0;0;1;1;0;0;0;0;796727,9007;5833305,516;13,3791;52,5687
194504;11;5;5010312;2019;5;11;2;3;5;2;0;1;1;0;0;0;0;0;785077,1717;5829876,784;13,20473;52,54418
194505;11;9;9051702;2019;5;12;2;3;0;1;0;1;0;0;0;0;0;0;814202,1963;5821284,925;13,62475;52,45118
194506;11;5;5020417;2019;5;12;2;3;3;6;0;0;1;0;0;0;0;0;783024,355;5828580,341;13,17344;52,53363