OBJECTID;LAND;BEZ;LOR;UJAHR;UMONAT;USTUNDE;UWOCHENTAG;UKATEGORIE;UART;UTYP1;ULICHTVERH;IstRad;IstPKW;IstFuss;IstKrad;IstGkfz;IstSonstige;USTRZUSTAND;LINREFX;LINREFY;XGCSWGS84;YGCSWGS84
194940;11;9;9041301;2019;5;19;6;3;2;6;0;0;1;0;0;0;0;0;812628,3076;5819457,585;13,59996;52,43571
194941;11;8;8020622;2019;5;11;6;3;1;5;0;0;1;0;0;0;1;0;801472,0629;5820191,605;13,43701;52,44855
194942;11;2;2020203;2019;5;10;6;3;5;3;0;1;1;0;0;0;0;0;797768,9764;5824598,139;13,38662;52,49008
194943;11;1;1011301;2019;5;18;6;3;0;2;0;1;1;0;0;0;0;0;796661,6214;5829006,56;13,37429;52,5302
194944;11;2;2050801;2019;5;18;6;3;3;6;0;1;1;0;0;0;0;0;803224,8942;5827326,276;13,46921;52,51153
194945;11;1;1011301;2019;5;0;6;3;0;2;2;1;1;0;0;0;0;0;797013,799;5828942,3;13,37941;52,52943
194946;11;12;12231101;2019;5;17;6;3;5;2;0;0;1;0;0;0;0;0;791681,8037;5838148,221;13,30913;52,61484
194947;11;5;5010314;2019;5;13;5;3;5;7;0;1;1;0;0;0;0;0;784159,2716;5829360,171;13,19079;52,54003
194948;11;4;4030930;2019;5;17;6;3;3;6;0;1;1;0;0;0;0;0;793214,5304;5825402,099;13,32044;52,49975
194949;11;11;11051229;2019;5;17;6;2;5;2;0;1;0;0;0;0;1;0;804957,777;5825153,846;13,49268;52,49109
194950;11;9;9051702;2019;5;12;5;2;5;3;0;1;0;0;0;0;0;0;813761,7326;5821406,951;13,61841;52,45253
194951;11;9;9020701;2019;5;17;6;3;2;6;0;0;1;0;0;0;0;0;807862,773;5818113,753;13,52884;52,42637
194952;11;4;4051551;2019;5;9;6;3;0;6;0;0;0;0;1;0;1;0;793267,1238;5823077,71;13,31917;52,47889
194953;11;3;3071639;2019;5;6;5;3;6;4;0;1;0;1;0;0;0;0;800821,4757;5829579,394;13,43594;52,53305
194954;11;3;3071638;2019;5;9;6;3;1;5;0;1;1;0;0;0;0;0;799971,5485;5829009,52;13,42294;52,52841
194955;11;12;12231101;2019;5;9;6;3;4;7;0;0;1;0;0;0;0;0;790622,9454;5837362,098;13,29284;52,60836
194956;11;7;7020201;2019;5;18;5;3;5;3;0;1;1;0;0;0;0;0;794933,9657;5824599,751;13,34499;52,49163
194957;11;12;12301206;2019;5;16;6;3;5;2;0;1;1;0;0;0;0;0;794737,0227;5838696,47;13,35461;52,6181
194958;11;5;5020419;2019;5;13;5;3;1;5;0;0;1;0;0;0;1;0;781324,9228;5828392,789;13,14829;52,53283
194959;11;3;3061227;2019;5;8;6;3;5;3;0;0;1;0;0;0;0;0;800112,7011;5831694,542;13,42744;52,5524
194960;11;5;5010314;2019;5;12;5;3;0;1;0;0;1;0;1;0;0;1;784317,7052;5828922,032;13,19274;52,53602
194961;11;3;3071536;2019;5;9;6;3;1;5;0;1;0;0;0;0;1;0;799180,9002;5829462,542;13,41172;52,53291
194962;11;5;5020417;2019;5;5;5;2;5;3;0;0;1;0;0;0;0;1;781726,1239;5828529,553;13,1543;52,53385
194963;11;4;4041134;2019;5;16;6;3;5;3;0;1;0;0;0;0;1;0;790862,9042;5824695,216;13,28528;52,49467
194964;11;3;3050925;2019;5;10;6;2;6;2;0;0;1;1;0;0;0;0;802320,1908;5831349,597;13,45958;52,54809
194965;11;2;2050803;2019;5;21;5;3;5;3;2;1;1;0;0;0;0;1;802715,687;5826048,933;13,46057;52,50036
194966;11;2;2040703;2019;5;20;5;3;1;5;1;1;1;0;0;0;1;1;800973,4979;5826772,877;13,43564;52,50781
194967;11;3;3010102;2019;5;8;6;3;3;6;0;1;1;0;0;0;0;0;804070,1346;5841245,894;13,49439;52,63581
194968;11;3;3071537;2019;5;8;6;2;2;6;0;0;1;0;0;0;0;0;799795,6774;5829593,967;13,42088;52,53375
194969;11;12;12103218;2019;5;19;5;2;5;3;0;0;1;0;1;0;0;0;794711,2205;5834897,639;13,35085;52,58407
194970;11;3;3071639;2019;5;8;6;3;2;6;0;0;1;0;0;0;1;0;800401,0593;5829064,265;13,4293;52,52867
194971;11;1;1011306;2019;5;19;5;3;1;5;0;1;1;0;0;0;0;0;800191,5123;5826762,78;13,42414;52,50815
194972;11;3;3030715;2019;5;8;6;3;5;2;0;0;1;0;0;1;0;0;800127,2602;5833864,297;13,42961;52,57184
194973;11;6;6010103;2019;5;16;5;3;1;6;0;1;1;0;0;0;0;0;793245,471;5821587,344;13,31754;52,46554
194974;11;5;5010314;2019;5;7;6;3;5;3;0;1;1;0;0;0;0;0;784686,6859;5829337,549;13,19853;52,53955
194975;11;8;8010509;2019;5;16;5;3;0;5;0;0;1;0;0;0;1;0;803346,9891;5822593,117;13,4667;52,46904
194976;11;3;3061429;2019;5;21;6;3;5;2;2;0;1;0;1;0;0;0;801904,6774;5830332,404;13,45255;52,5392
194977;11;3;3061441;2019;5;18;6;3;5;3;0;0;1;0;0;0;0;0;802909,8067;5828625,565;13,46577;52,52335
194978;11;10;10040933;2019;5;15;5;3;5;2;0;1;1;0;0;0;0;1;812391,4439;5824301,726;13,60102;52,47925
194979;11;1;1011402;2019;5;15;5;3;5;3;0;0;1;0;0;0;0;0;798241,4122;5829624,14;13,39806;52,53487
194980;11;6;6030502;2019;5;16;6;2;5;3;0;1;1;0;0;0;0;0;789317,3247;5815691,724;13,25478;52,41477
194981;11;5;5030832;2019;5;15;5;3;2;6;0;0;1;0;0;0;0;0;789773,6498;5829265,461;13,27326;52,53622
194982;11;12;12103116;2019;5;16;3;2;1;5;0;1;1;0;0;0;0;0;796733,4497;5833361,312;13,37923;52,56919
194983;11;8;8041037;2019;5;16;3;3;0;1;0;0;0;0;1;0;0;0;806901,3494;5817785,599;13,51444;52,42397
194984;11;7;7020203;2019;5;16;3;2;0;7;0;0;0;0;1;0;0;0;795995,0407;5824293,699;13,3603;52,48831
194985;11;4;4020311;2019;5;17;3;3;0;3;0;0;1;0;1;0;0;0;789992,273;5826317,665;13,2739;52,50968
194986;11;3;3040513;2019;5;17;3;3;5;3;0;1;1;0;0;0;0;0;797412,6341;5833971,338;13,38977;52,57429
194987;11;4;4030621;2019;5;11;3;3;6;4;0;0;1;1;0;0;0;0;793184,4468;5827779,432;13,32209;52,52108
194988;11;5;5020629;2019;5;11;3;3;5;3;0;1;1;0;0;0;0;0;783795,2782;5826000,909;13,18257;52,5101
194989;11;7;7010101;2019;5;18;3;3;6;2;0;0;1;1;0;0;0;0;794963,2181;5824888,28;13,34567;52,4942
194990;11;5;5010101;2019;5;18;3;3;4;6;0;1;0;0;0;0;0;0;785721,4158;5832286,295;13,21628;52,56545
194991;11;5;5030730;2019;5;21;3;3;5;3;2;1;1;0;0;0;0;0;785711,7941;5829289,68;13,21356;52,53859
194992;11;7;7020201;2019;5;17;3;3;5;3;0;0;1;0;0;0;0;0;794938,7897;5824457,994;13,34493;52,49036
194993;11;2;2010102;2019;5;19;3;3;0;6;0;1;1;0;0;0;0;0;798359,8869;5825516,686;13,39612;52,49799
194994;11;9;9031202;2019;5;18;3;1;0;1;0;1;0;0;0;0;0;0;818774,4206;5812579,517;13,68352;52,37053
194995;11;3;3061429;2019;5;18;2;3;5;2;0;1;1;0;0;0;0;0;801129,8586;5830744,457;13,44153;52,54333
194996;11;6;6040809;2019;5;11;2;3;5;3;0;0;1;0;0;0;0;0;791193,3734;5819179,764;13,28532;52,44505
194997;11;4;4031032;2019;5;20;2;3;5;7;2;0;1;0;0;0;0;0;791769,6074;5825166,573;13,29901;52,49841
194998;11;4;4020313;2019;5;19;2;3;6;7;0;0;1;1;0;0;0;0;790079,0683;5826150,271;13,27503;52,50813
194999;11;7;7050505;2019;5;19;2;3;2;6;0;0;1;0;0;0;1;1;799065,8081;5819071,614;13,40071;52,43983
195000;11;1;1011306;2019;5;18;2;2;1;5;0;1;0;0;0;0;1;0;799907,1804;5826955,77;13,42014;52,51004
195001;11;2;2020206;2019;5;17;2;3;5;2;0;1;1;0;0;0;0;0;799907,155;5824470,972;13,4179;52,48777
195002;11;3;3050920;2019;5;18;2;3;0;1;0;1;0;0;0;0;0;1;801683,7889;5831794,279;13,45063;52,55243
195003;11;10;10020517;2019;5;18;2;3;0;1;0;0;0;0;1;0;0;1;812480,2949;5830372,265;13,60802;52,5336
195004;11;7;7070703;2019;5;7;2;3;5;3;0;1;1;0;0;0;0;0;798994,2511;5814277,024;13,39538;52,39689
195005;11;8;8010118;2019;5;7;2;3;5;2;0;1;1;0;0;0;0;0;800897,6386;5822374,821;13,43055;52,46843
195006;11;12;12304314;2019;5;8;2;3;2;6;0;0;1;0;0;0;0;0;790205,7672;5835859,767;13,28538;52,59511
195007;11;5;5020625;2019;5;10;2;3;6;7;0;0;1;1;0;0;0;0;784468,694;5828145,57;13,1943;52,52898
195008;11;10;10010311;2019;5;10;2;3;6;4;0;0;1;1;0;0;0;0;810447,5091;5830952,436;13,57869;52,53996
195009;11;12;12103117;2019;5;18;2;3;2;6;0;0;1;0;0;0;0;0;796643,4763;5832435,278;13,37708;52,56094
195010;11;12;12301203;2019;5;10;2;3;5;2;0;1;0;0;0;1;0;0;792996,3794;5835636,922;13,32627;52,59162
195011;11;1;1033102;2019;5;10;2;3;5;2;0;1;1;0;0;0;0;0;797159,0977;5831919,401;13,3842;52,55604
195012;11;4;4051653;2019;5;18;2;3;5;2;0;1;1;0;0;0;0;0;793957,4572;5824711,292;13,33074;52,49316
195013;11;8;8010404;2019;5;11;2;2;6;4;0;0;1;1;0;0;0;0;801742,1883;5823676,731;13,44413;52,47964
195014;11;1;1022106;2019;5;12;2;2;2;6;0;0;1;0;0;0;0;0;793718,3377;5828117,162;13,33024;52,52382
195015;11;2;2030302;2019;5;18;2;3;6;4;0;0;1;1;1;0;0;0;801448,5897;5826026,302;13,44194;52,50086
195016;11;7;7040404;2019;5;13;2;3;2;6;0;0;1;0;0;0;0;0;796439,4907;5819785,785;13,36282;52,44766
195017;11;10;10040932;2019;5;15;2;3;2;6;0;0;1;0;0;0;0;0;812927,6411;5827912,95;13,61228;52,51131
195018;11;9;9031001;2019;5;17;2;3;6;2;0;0;1;1;0;0;0;0;810554,2398;5816698,482;13,56698;52,41216
195019;11;12;12231102;2019;5;10;2;3;0;1;0;1;0;0;0;0;0;0;790166,0827;5839979,374;13,28841;52,63207
195020;11;6;6020302;2019;5;16;2;3;2;6;0;0;1;0;0;0;0;0;794533,2881;5819142,248;13,33429;52,44292
195021;11;1;1022104;2019;5;16;2;3;2;6;0;0;1;0;0;0;0;0;794409,0772;5828450,388;13,34068;52,52643
195022;11;2;2020206;2019;5;15;2;3;5;3;0;1;1;0;0;0;0;0;800147,1936;5825071,241;13,42197;52,49302
195023;11;2;2020205;2019;5;15;2;3;2;7;0;1;1;0;0;0;0;0;798242,1693;5824523,57;13,3935;52,48915
195024;11;12;12214527;2019;5;12;2;3;5;5;0;1;1;0;0;0;0;0;790455,1482;5834889,623;13,2882;52,58628
195025;11;3;3061227;2019;5;18;2;3;2;6;0;0;1;0;0;0;1;1;799262,0536;5831802,491;13,41503;52,55384
195026;11;11;11010309;2019;5;13;1;2;5;3;0;1;1;0;0;0;0;0;805042,4287;5833528,237;13,50161;52,5661
195027;11;12;12224230;2019;5;13;1;3;0;5;0;1;1;0;0;0;0;0;785959,6269;5839260,577;13,22581;52,62785
195028;11;7;7030301;2019;5;14;1;3;5;3;0;0;1;0;0;0;0;0;793977,7483;5822276,43;13,3289;52,47132
195029;11;9;9020802;2019;5;9;1;3;1;5;0;1;1;0;0;0;1;0;810281,4797;5819711,382;13,56578;52,43932
195030;11;2;2030301;2019;5;9;1;3;5;3;0;0;1;0;0;0;0;0;799908,1898;5825974,643;13,41927;52,50125
195031;11;2;2010104;2019;5;12;1;3;2;2;0;1;1;0;0;0;0;0;799085,5509;5825615,001;13,40686;52,49847
195032;11;4;4051448;2019;5;14;1;3;6;4;0;1;0;1;0;0;0;0;793693,4687;5824912,319;13,32704;52,4951
195033;11;3;3020210;2019;5;14;1;3;2;6;0;0;1;0;1;0;0;0;800068,9307;5835830,91;13,43054;52,5895
195034;11;1;1011303;2019;5;17;1;2;5;3;0;1;0;0;0;0;0;0;799744,6594;5828647,151;13,41928;52,52529
195035;11;9;9010401;2019;5;18;1;3;6;4;0;0;0;1;0;0;1;0;805698,0366;5820151,187;13,49897;52,44584
195036;11;2;2030401;2019;5;6;1;3;1;5;0;0;1;0;0;0;0;0;801154,5657;5825113,516;13,4368;52,49284
195037;11;11;11030619;2019;5;3;1;3;5;3;2;0;1;0;0;0;1;0;803823,9929;5829051,083;13,47959;52,52665
195038;11;5;5020521;2019;5;13;1;3;2;6;0;0;1;0;0;0;0;0;780652,9209;5827524,464;13,13767;52,52539
195039;11;6;6020409;2019;5;1;1;2;1;5;2;0;1;0;0;0;0;0;793342,7694;5817703,402;13,31556;52,43067
195040;11;4;4030620;2019;5;13;1;3;0;7;0;1;0;0;0;0;0;0;792008,4605;5827371,882;13,30445;52,51806
195041;11;1;1011202;2019;5;22;1;3;6;4;2;1;0;1;0;0;0;0;797205,3726;5827479,96;13,38091;52,51622
195042;11;1;1033102;2019;5;23;1;3;3;6;2;0;1;0;0;0;1;0;797408,1847;5831901,115;13,38785;52,55574
195043;11;8;8010211;2019;5;22;1;3;3;6;2;1;1;0;0;0;0;0;800452,2186;5823679,595;13,42519;52,48037
195044;11;3;3061227;2019;5;20;1;3;0;1;0;1;0;0;0;0;0;0;799647,0554;5831207,767;13,42015;52,5483
195045;11;11;11010310;2019;5;17;7;3;3;6;0;0;1;0;0;0;0;0;805325,554;5833257,683;13,50552;52,56351
195046;11;8;8010404;2019;5;22;7;3;2;5;2;1;1;0;0;0;0;0;801922,565;5823547,775;13,44666;52,47838
195047;11;3;3040614;2019;5;11;7;3;2;6;0;0;1;0;0;1;0;0;799688,0636;5835436,344;13,42457;52,58618
195048;11;1;1022101;2019;5;16;7;3;6;6;0;0;0;1;0;0;1;0;793609,0663;5828135,069;13,32865;52,52404
195049;11;2;2040701;2019;5;15;7;3;1;5;0;0;1;0;1;0;0;0;800956,2249;5827735,18;13,43626;52,51645
195050;11;2;2050804;2019;5;16;7;3;5;7;0;0;1;0;1;0;0;0;803150,3747;5825734,411;13,46667;52,4973
195051;11;8;8010404;2019;5;22;7;3;1;5;2;0;1;0;1;0;0;0;801965,3738;5823307,655;13,44707;52,47621
195052;11;5;5020625;2019;5;23;7;3;2;6;2;0;1;0;0;0;0;0;784717,8555;5828569,968;13,19833;52,53265
195053;11;2;2050801;2019;5;13;7;3;5;3;0;1;1;0;0;0;0;0;802813,1362;5827293,458;13,46314;52,51146
195054;11;2;2030402;2019;5;13;7;3;5;7;0;1;1;0;0;0;0;0;801591,1146;5825953,052;13,44397;52,50012
195055;11;2;2050803;2019;5;13;7;3;3;6;0;0;1;0;0;0;0;0;802769,085;5826120,186;13,46142;52,50097
195056;11;10;10040933;2019;5;11;7;3;5;2;0;1;1;0;0;0;0;0;812533,1242;5825006,755;13,60376;52,48549
195057;11;4;4030930;2019;5;10;7;3;2;6;0;0;1;0;0;0;0;0;792974,327;5825562,937;13,31705;52,50132
195058;11;2;2040702;2019;5;10;7;3;6;4;0;1;0;1;0;0;0;0;801916,653;5827101,831;13,44979;52,51024
195059;11;7;7040401;2019;5;9;7;3;6;4;0;0;1;1;0;0;0;0;797022,517;5823342,145;13,37454;52,47923
195060;11;7;7040403;2019;5;10;7;3;5;2;0;0;1;0;0;0;0;0;796914,5626;5822289,425;13,37202;52,46985
195061;11;6;6020304;2019;5;11;7;3;5;3;0;0;1;0;0;0;0;0;794600,511;5817730,272;13,33403;52,43023
195062;11;4;4030931;2019;5;11;7;2;5;5;0;0;1;0;1;0;0;0;794544,5123;5825991,551;13,3405;52,50432
195063;11;1;1022205;2019;5;21;7;3;3;6;2;0;1;0;1;0;0;0;796037,2618;5828541,61;13,3647;52,52637
195064;11;1;1044202;2019;5;20;7;3;0;7;0;0;1;0;0;0;0;0;795711,9082;5830584,61;13,36173;52,54486
195065;11;3;3061126;2019;5;20;7;3;5;2;0;1;1;0;0;0;0;0;798417,536;5831797,421;13,4026;52,55426
195066;11;12;12231102;2019;5;19;7;3;1;5;0;1;1;0;0;0;0;0;790370,5357;5840109,321;13,29154;52,63312
195067;11;1;1011302;2019;5;19;7;3;2;6;0;0;1;0;0;0;0;0;797920,0834;5828871,13;13,39266;52,5283
195068;11;3;3071536;2019;5;19;7;3;5;7;0;1;1;0;0;0;0;0;799055,8067;5830171,953;13,41052;52,53934
195069;11;11;11030721;2019;5;19;7;3;5;3;0;1;0;0;0;0;0;0;804933,6423;5828166,667;13,49509;52,51811
195070;11;8;8010404;2019;5;18;7;3;5;2;0;0;1;0;0;0;1;0;802539,1967;5822977,212;13,45519;52,47293
195071;11;7;7020204;2019;5;17;7;3;5;3;0;1;1;0;0;0;0;0;796594,6817;5823923,579;13,36877;52,48467
195072;11;7;7070702;2019;5;17;7;3;2;6;0;0;1;0;1;0;0;0;799945,0273;5814578,095;13,40958;52,39907
195073;11;11;11051331;2019;5;17;7;3;5;3;0;0;1;0;0;0;0;0;807677,8027;5824533,403;13,53204;52,484
195074;11;8;8020622;2019;5;16;7;3;1;5;0;1;1;0;0;0;1;0;802363,0193;5820217,517;13,45011;52,44829
195075;11;6;6010207;2019;5;23;7;3;0;1;2;1;0;0;0;0;0;0;793485,2932;5820199,963;13,31984;52,45297
195076;11;12;12214424;2019;5;15;7;3;2;6;0;0;1;0;0;0;1;0;793246,1308;5832513,798;13,32718;52,56349
195077;11;8;8010214;2019;5;15;7;3;2;6;0;0;1;0;1;0;0;0;801801,041;5821981,015;13,44346;52,46441
195078;11;9;9010301;2019;5;14;7;3;5;3;0;0;1;0;0;0;0;0;804928,6515;5822553,322;13,48987;52,4678
195079;11;4;4051446;2019;5;14;7;3;5;2;0;0;1;0;0;0;0;0;792407,3209;5824952,922;13,30819;52,49616
195080;11;12;12301203;2019;5;14;7;2;5;2;0;0;0;0;1;1;0;0;793423,7824;5836090,167;13,33296;52,59545
195081;11;7;7050501;2019;5;13;7;2;1;5;0;0;1;0;0;0;0;0;797376,0435;5818673,678;13,37557;52,43719
195082;11;6;6040703;2019;5;17;7;3;0;5;0;0;1;0;1;0;0;0;784501,3803;5817251,528;13,18548;52,43128
195083;11;3;3020209;2019;5;22;6;3;5;3;2;0;1;0;0;0;0;0;797904,7327;5835174,888;13,39809;52,58481
195084;11;10;10030727;2019;5;20;6;3;2;6;0;0;1;0;1;0;0;0;809581,4176;5824962,3;13,56039;52,48677
195085;11;3;3061430;2019;5;18;6;3;6;4;0;1;0;1;0;0;0;0;802303,2841;5829213,752;13,45739;52,52896
195086;11;8;8020619;2019;5;19;6;3;2;2;1;0;1;0;1;0;0;0;802682,9982;5820805,763;13,45533;52,45338
195087;11;2;2010104;2019;5;12;6;3;5;3;0;1;0;0;0;0;0;0;798664,8359;5825569,378;13,40064;52,49829
195088;11;7;7010102;2019;5;11;6;3;5;2;0;0;1;0;1;0;0;0;795022,4572;5825424,543;13,34702;52,49898
195089;11;1;1044201;2019;5;10;6;3;5;3;0;0;1;0;0;0;0;0;796676,6965;5831912,555;13,3771;52,55624
195090;11;8;8010301;2019;5;10;6;3;5;2;0;1;1;0;0;0;0;0;801044,8315;5824192,076;13,43435;52,48464
195091;11;12;12103219;2019;5;9;6;3;0;3;0;0;1;0;1;0;0;0;795635,339;5833005,716;13,36276;52,5666
195092;11;4;4020310;2019;5;7;6;3;5;2;0;0;1;0;1;0;0;0;789835,8862;5827385,457;13,27254;52,51934
195093;11;1;1011301;2019;5;8;6;3;5;2;0;1;1;0;0;0;0;0;797091,2736;5828086,576;13,37978;52,52172
195094;11;4;4030827;2019;5;7;6;3;0;1;0;1;1;0;0;0;0;0;792727,8912;5826154,675;13,31395;52,50676
195095;11;7;7040405;2019;5;6;6;3;5;2;0;0;1;0;0;0;0;0;799188,5337;5821729,352;13,40489;52,46359
195096;11;10;10020414;2019;5;9;6;3;5;3;0;0;1;0;0;0;0;0;812203,7654;5830920,95;13,60447;52,53868
195097;11;2;2040502;2019;5;8;6;3;2;6;0;0;1;0;0;0;0;0;800684,9507;5828487,468;13,43295;52,52334
195098;11;2;2010104;2019;5;11;6;2;2;6;0;0;0;0;0;1;0;0;798616,4909;5825580,039;13,39994;52,49842
195099;11;5;5020626;2019;5;13;6;3;6;2;0;0;1;1;0;0;0;0;784770,4113;5827278,681;13,19799;52,52105
195100;11;4;4030931;2019;5;14;6;3;6;4;0;0;1;1;0;0;0;0;794533,8584;5825973,011;13,34033;52,50416
195101;11;4;4041241;2019;5;14;6;3;5;3;0;1;1;0;0;0;0;0;791286,7756;5822041,28;13,28919;52,47065
195102;11;4;4030620;2019;5;15;6;3;5;2;0;1;1;0;0;0;0;0;792635,769;5827081,702;13,31342;52,51512
195103;11;5;5020626;2019;5;14;6;3;1;5;0;0;0;0;1;0;1;0;784457,3127;5827729,483;13,19378;52,52525
195104;11;1;1022201;2019;5;15;6;3;3;6;0;1;1;0;0;0;0;0;795088,6116;5829212,164;13,35135;52,5329
195105;11;6;6020302;2019;5;15;6;3;5;3;0;0;1;0;0;0;0;0;794444,1102;5818850,351;13,33272;52,44036
195106;11;1;1011101;2019;5;16;6;3;5;2;0;1;1;0;0;0;0;0;795256,98;5826619,461;13,35152;52,50956
195107;11;1;1044203;2019;5;16;6;3;5;3;0;1;0;0;0;0;1;0;795878,7812;5831961,412;13,36541;52,55711
195108;11;4;4051446;2019;5;16;6;3;5;2;0;1;1;0;0;0;0;0;792914,3567;5824391,903;13,31514;52,49086
195109;11;10;10010310;2019;5;17;6;3;5;3;0;0;1;0;0;0;0;0;807795,406;5830767,254;13,53954;52,53981
195110;11;3;3020307;2019;5;17;6;3;2;6;0;0;1;0;0;0;1;0;800159,5052;5838188,034;13,43401;52,61058
195111;11;7;7060604;2019;5;17;6;3;5;3;0;0;1;0;0;0;0;0;795811,9702;5816032,84;13,35029;52,41436
195112;11;12;12103218;2019;5;17;6;3;5;7;0;0;1;0;1;0;0;0;795362,2366;5833345,167;13,35905;52,5698
195113;11;7;7050501;2019;5;17;6;3;0;2;0;1;1;0;0;0;0;0;797101,9851;5819466,509;13,37226;52,44444
195114;11;9;9051801;2019;5;16;6;2;5;3;0;1;1;0;0;0;0;0;820540,9574;5820238,253;13,71671;52,43812
195115;11;2;2030301;2019;5;16;6;3;1;5;0;1;1;0;0;0;0;0;799966,4567;5826136,889;13,42027;52,50267
195116;11;5;5010103;2019;5;18;6;3;2;2;0;1;1;0;0;0;0;0;783904,9479;5831564,69;13,18893;52,55993
195117;11;2;2050801;2019;5;15;6;3;3;6;0;1;0;0;0;0;0;0;802191,4045;5827533,842;13,45422;52,51396
195118;11;3;3020209;2019;5;15;5;3;3;6;0;1;1;0;0;0;0;0;797388,5311;5835020,781;13,39036;52,58371
195119;11;2;2020204;2019;5;15;5;3;6;4;0;1;0;1;0;0;0;0;798689,4145;5825124,687;13,40061;52,4943
195120;11;12;12103218;2019;5;8;5;3;1;5;0;0;1;0;0;0;1;0;795092,616;5834845,067;13,35642;52,58339
195121;11;10;10020412;2019;5;6;5;3;5;2;0;1;1;0;0;0;0;0;811339,7545;5831835,777;13,59263;52,54737
195122;11;11;11010310;2019;5;18;5;3;2;3;0;1;1;0;0;0;0;0;805362,98;5833283,513;13,5061;52,56373
195123;11;1;1033203;2019;5;17;5;3;2;6;0;0;0;0;1;0;1;0;796652,3115;5831081,169;13,376;52,5488
195124;11;3;3050923;2019;5;15;5;3;3;2;0;1;1;0;0;0;0;0;800865,3729;5832082,763;13,43886;52,55547
195125;11;2;2010102;2019;5;23;5;3;2;6;2;0;1;0;0;0;0;0;798492,7363;5825554,579;13,3981;52,49826
195126;11;3;3020210;2019;5;8;5;3;2;6;0;0;1;0;0;0;0;0;800095,1856;5835999,105;13,43107;52,59099
195127;11;4;4041344;2019;5;11;5;3;5;3;0;0;1;0;0;0;0;0;793356,8495;5822575,996;13,32004;52,47434
195128;11;9;9030901;2019;5;8;5;3;6;2;0;0;1;1;0;0;0;0;808030,0699;5816810,613;13,53009;52,41459
195129;11;9;9041501;2019;5;11;5;3;5;2;0;0;1;0;0;0;0;0;811356,8138;5820043,17;13,58186;52,44168
195130;11;10;11030720;2019;5;9;5;3;3;6;0;0;1;0;1;0;0;0;806287,3904;5830171,049;13,51682;52,53531
195131;11;2;2020202;2019;5;11;5;3;2;6;0;0;1;0;1;0;0;0;797276,694;5825534,052;13,38023;52,49874
195132;11;11;11030721;2019;5;9;5;3;5;3;0;1;1;0;0;0;0;0;803878,685;5828207,966;13,47962;52,51907
195133;11;2;2040502;2019;5;13;5;3;3;6;0;1;0;0;0;0;0;0;801279,79;5828680,159;13,44187;52,52474
195134;11;9;9010202;2019;5;9;5;2;5;2;0;1;0;0;0;1;0;0;804112,8254;5823601,66;13,47886;52,47765
195135;11;4;4010102;2019;5;13;5;2;2;7;0;0;1;0;1;0;0;0;791608,2553;5830690,191;13,30148;52,54802
195136;11;4;4030931;2019;5;13;5;3;0;1;0;1;0;0;0;0;0;0;793606,0572;5825771,728;13,32652;52,50285
195137;11;9;9020702;2019;5;9;5;2;6;4;0;0;1;1;0;0;0;0;809160,4166;5819527,885;13,54917;52,43831
195138;11;1;1011302;2019;5;9;5;3;2;6;0;0;1;0;0;0;1;0;798673,9192;5828695,005;13,40358;52,52631
195139;11;2;2030302;2019;5;22;5;3;5;3;2;1;1;0;0;0;0;0;800679,3079;5825791,206;13,43043;52,49918
195140;11;2;2010104;2019;5;21;5;3;5;3;2;0;1;0;0;0;0;0;798585,383;5825563,875;13,39947;52,49829
195141;11;3;3071536;2019;5;21;5;3;0;7;2;0;1;0;0;0;0;0;799066,3919;5830051,8;13,41057;52,53825
195142;11;1;1033102;2019;5;20;5;3;5;2;0;0;1;0;0;0;1;0;796994,1055;5831497,681;13,3814;52,55235
195143;11;4;4030725;2019;5;18;5;3;3;6;0;1;1;0;0;0;0;0;791868,1203;5826504,184;13,30163;52,51035
195144;11;11;11020514;2019;5;17;5;3;5;2;0;1;1;0;0;0;1;0;804671,4536;5831135,931;13,49395;52,54487
195145;11;1;1011203;2019;5;17;5;3;3;6;0;1;0;0;0;0;0;0;797756,0907;5827480,333;13,38901;52,51592
195146;11;7;7010102;2019;5;16;5;3;6;3;0;1;0;1;0;0;0;0;795469,6245;5825556,633;13,3537;52,49992
195147;11;1;1011105;2019;5;16;5;3;5;3;0;1;1;0;0;0;0;0;795765,6848;5826672,026;13,35904;52,50976
195148;11;12;12231102;2019;5;15;5;3;2;6;0;1;1;0;0;0;0;0;790562,0939;5840571,16;13,29477;52,63716
195149;11;5;5030832;2019;5;15;5;3;2;6;0;0;1;0;0;0;0;0;787986,9097;5830627,58;13,24817;52,54938
195150;11;4;4030620;2019;5;15;5;3;5;7;0;1;1;0;0;0;0;0;791788,63;5827482,294;13,30132;52,51916
195151;11;10;10020413;2019;5;14;5;3;5;7;0;0;1;0;0;0;0;0;810904,7314;5831251,795;13,58569;52,54238
195152;11;9;9010301;2019;5;13;5;3;2;2;0;0;1;0;0;0;0;0;804267,2183;5822791,669;13,48039;52,4703
195153;11;4;4051654;2019;5;13;5;3;2;6;0;0;1;0;1;0;0;0;793516,104;5823947,419;13,32359;52,48655
195154;11;8;8010405;2019;5;17;5;3;0;1;0;0;0;0;1;0;0;0;802010,3834;5823604,26;13,448;52,47884
195155;11;11;11030721;2019;5;8;5;2;5;2;0;1;0;0;0;1;0;0;803861,7432;5828653,4;13,47978;52,52307