OBJECTID;LAND;BEZ;LOR;UJAHR;UMONAT;USTUNDE;UWOCHENTAG;UKATEGORIE;UART;UTYP1;ULICHTVERH;IstRad;IstPKW;IstFuss;IstKrad;IstGkfz;IstSonstige;USTRZUSTAND;LINREFX;LINREFY;XGCSWGS84;YGCSWGS84
195372;11;11;11020411;2019;6;8;4;2;0;1;0;1;0;0;0;0;0;0;806298,2898;5832119,179;13,51878;52,55277
195373;11;5;5010312;2019;6;12;4;3;2;2;0;0;1;0;0;0;1;0;785191,2732;5829706,722;13,20626;52,5426
195374;11;3;3040614;2019;6;9;4;3;5;2;0;1;1;0;0;0;0;0;799955,553;5835682,51;13,42873;52,58823
195375;11;7;7040402;2019;6;11;4;3;5;2;0;1;1;0;0;0;0;0;796145,3415;5820785,22;13,35939;52,45678
195376;11;8;8010115;2019;6;8;4;3;5;2;0;1;1;0;0;0;0;0;799270,5205;5823820,525;13,40797;52,48229
195377;11;8;8020622;2019;6;8;4;3;5;2;0;1;1;0;0;0;0;0;802574,1122;5819912,961;13,45293;52,44544
195378;11;9;9052001;2019;6;7;4;3;5;7;0;0;1;0;1;0;0;0;809225,9709;5822860,971;13,55322;52,46814
195379;11;3;3061227;2019;6;7;4;2;5;3;0;1;1;0;0;0;0;0;800111,9525;5831694,925;13,42743;52,55241
195380;11;1;1011301;2019;6;2;4;2;0;7;2;0;1;0;0;0;1;0;797377,5451;5828939,739;13,38475;52,52921
195381;11;2;2020203;2019;6;8;3;3;3;6;0;0;1;0;1;0;0;0;797534,1768;5824980,306;13,38351;52,49363
195382;11;4;4030827;2019;6;14;3;3;0;7;0;0;1;0;0;0;0;0;792394,112;5826057,655;13,30897;52,50607
195383;11;1;1011402;2019;6;13;3;3;0;3;0;1;0;0;0;0;1;0;798681,4975;5829454,201;13,40438;52,53311
195384;11;1;1022104;2019;6;8;3;3;6;4;0;0;1;1;0;0;0;0;794350,5463;5828579,549;13,33994;52,52762
195385;11;1;1011202;2019;6;16;3;3;2;2;0;1;1;0;0;0;0;0;797135,0457;5827775,166;13,38015;52,5189
195386;11;12;12301203;2019;6;16;3;3;5;2;0;1;1;0;0;0;0;0;793862,7627;5835438,782;13,33884;52,58937
195387;11;2;2030401;2019;6;16;3;3;5;2;0;1;1;0;0;0;0;0;801191,634;5825184,744;13,43741;52,49346
195388;11;7;7040401;2019;6;15;3;3;0;2;0;1;1;0;0;0;0;0;797415,2768;5823703,78;13,38063;52,48225
195389;11;11;11030720;2019;6;15;3;3;2;6;0;0;1;0;0;0;0;0;805316,5978;5830022,476;13,50242;52,53452
195390;11;3;3061227;2019;6;14;3;3;5;7;0;1;1;0;0;0;0;0;799595,4182;5831292,563;13,41947;52,54908
195391;11;5;5020419;2019;6;14;3;3;0;6;0;1;0;0;0;0;0;0;781939,5837;5828463,066;13,15739;52,53314
195392;11;9;9020501;2019;6;13;3;3;5;2;0;0;0;0;1;0;1;0;806268,862;5822161,02;13,50918;52,46353
195393;11;6;6020305;2019;6;18;3;3;6;4;0;0;1;1;0;0;0;0;795491,92;5817582,806;13,34697;52,42843
195394;11;4;4030929;2019;6;12;3;3;3;6;0;0;1;0;1;0;0;0;792713,4498;5825710,295;13,31335;52,50278
195395;11;7;7050503;2019;6;12;3;3;6;7;0;0;1;1;0;0;0;0;798358,6693;5819903,003;13,39108;52,44767
195396;11;5;5020625;2019;6;11;3;3;2;2;0;0;1;0;0;0;0;0;784711,3804;5828610,451;13,19827;52,53302
195397;11;1;1011105;2019;6;11;3;3;5;2;0;1;1;0;0;0;0;0;796635,4551;5826670,495;13,37182;52,50927
195398;11;9;9041301;2019;6;11;3;3;3;6;0;1;0;0;0;0;0;0;811682,718;5819968,789;13,58657;52,44083
195399;11;11;11041022;2019;6;13;3;2;5;3;0;1;1;0;0;0;0;0;806596,466;5827370,338;13,51878;52,51004
195400;11;4;4030622;2019;6;11;3;2;2;7;0;1;1;0;0;0;0;0;792033,9153;5826857,07;13,30437;52,51343
195401;11;1;1044201;2019;6;11;3;3;2;2;0;0;1;0;0;0;0;0;796423,9958;5831972,409;13,37344;52,55691
195402;11;1;1033201;2019;6;10;3;3;3;6;0;0;1;0;1;0;0;0;798279,6793;5830092,791;13,39904;52,53905
195403;11;4;4010102;2019;6;10;3;3;5;2;0;0;1;0;0;0;0;0;793352,8684;5829679,469;13,32625;52,53802
195404;11;8;8041037;2019;6;10;3;3;5;3;0;0;1;0;0;0;0;0;805094,456;5817915,933;13,48807;52,42614
195405;11;4;4030518;2019;6;9;3;3;5;3;0;1;1;0;0;0;0;0;791936,0663;5828318,382;13,30422;52,52658
195406;11;2;2020202;2019;6;23;3;2;5;2;2;1;1;0;0;0;0;0;797916,269;5825263,65;13,38938;52,49596
195407;11;1;1022104;2019;6;20;3;3;2;6;0;0;1;0;0;0;0;0;794029,8575;5828460,733;13,33512;52,52673
195408;11;2;2010102;2019;6;8;3;3;5;3;0;1;1;0;0;0;0;0;798264,3827;5825734,828;13,39491;52,5
195409;11;8;8010213;2019;6;9;3;3;1;5;0;1;1;0;0;0;0;0;801392,4588;5822960,85;13,43835;52,47341
195410;11;3;3061430;2019;6;9;3;3;2;6;0;0;1;0;1;0;0;0;802014,4093;5829661,574;13,45355;52,53313
195411;11;5;5020524;2019;6;7;3;3;0;1;0;1;0;0;0;0;0;0;783642,4947;5825508,227;13,1799;52,50576
195412;11;11;11020514;2019;6;8;3;3;5;3;0;1;1;0;0;0;0;0;804456,4143;5830937,524;13,49061;52,54321
195413;11;6;6020302;2019;6;20;3;3;6;7;0;1;0;1;0;0;0;0;794274,8905;5819344,777;13,33067;52,44488
195414;11;10;10020413;2019;6;19;3;2;6;4;0;0;1;1;0;0;0;0;810834,6214;5830942,063;13,58437;52,53965
195415;11;12;12214422;2019;6;8;3;2;5;2;0;1;1;0;0;0;0;0;792185,2074;5832955,097;13,31196;52,56801
195416;11;3;3061430;2019;6;19;3;3;5;2;0;1;1;0;0;0;0;0;802418,4068;5829234,25;13,4591;52,52908
195417;11;7;7040406;2019;6;8;3;3;3;6;0;0;1;0;0;1;0;0;799951,9255;5821299,952;13,41571;52,45932
195418;11;8;8030831;2019;6;19;3;3;6;2;0;0;1;1;0;0;0;0;803715,423;5818000,808;13,46793;52,42767
195419;11;4;4051448;2019;6;19;3;3;1;5;0;1;1;0;0;0;1;0;793601,4256;5825243,999;13,32598;52,49813
195420;11;3;3020209;2019;6;8;3;3;5;3;0;1;1;0;0;0;0;0;797534,7777;5834855,004;13,39236;52,58215
195421;11;12;12214422;2019;6;7;3;3;2;6;0;0;1;0;0;0;0;0;792157,5669;5832941,828;13,31154;52,56791
195422;11;4;4030828;2019;6;7;3;3;5;3;0;0;1;0;0;0;1;0;793262,1425;5826081,537;13,32174;52,50582
195423;11;2;2020206;2019;6;18;3;3;3;6;0;1;1;0;0;0;0;0;799991,515;5825411,924;13,41999;52,49616
195424;11;4;4030518;2019;6;18;3;2;5;2;0;0;1;0;1;0;0;0;791785,8375;5828225,159;13,30193;52,52582
195425;11;12;12214125;2019;6;18;3;3;2;6;0;0;1;0;0;0;0;0;791914,501;5831520,756;13,30672;52,5553
195426;11;2;2020203;2019;6;7;3;3;1;1;0;0;1;0;1;0;0;0;797370,1478;5824872,937;13,38101;52,49276
195427;11;11;11020515;2019;6;4;3;3;5;3;1;0;1;0;0;0;0;0;803985,2031;5830279,257;13,48308;52,53757
195428;11;9;9020502;2019;6;17;3;3;1;5;0;1;1;0;0;0;0;0;807525,722;5821627,774;13,52713;52,45805
195429;11;9;9051901;2019;6;4;3;3;0;1;1;1;0;0;0;0;0;0;811999,9543;5821166,06;13,59234;52,45138
195430;11;1;1011101;2019;6;17;3;3;5;3;0;0;1;0;0;0;1;0;794983,8905;5826147,484;13,34709;52,50548
195431;11;10;10010308;2019;6;17;3;3;0;2;0;1;1;0;0;0;0;0;806628,4689;5830238,426;13,5219;52,53572
195432;11;9;9030901;2019;6;12;2;3;2;6;0;0;1;0;1;0;0;0;807552,4587;5815370,726;13,52177;52,40196
195433;11;2;2010102;2019;6;18;2;3;1;5;0;1;1;0;0;0;0;0;798504,4933;5826129,934;13,39879;52,50341
195434;11;11;11020411;2019;6;12;2;3;5;3;0;1;0;0;0;0;0;0;805334,4515;5832884,709;13,50531;52,56017
195435;11;6;6030610;2019;6;12;2;3;6;7;0;1;0;1;0;0;0;0;792581,3032;5817837,008;13,30451;52,43227
195436;11;11;11020411;2019;6;22;2;3;8;1;2;0;1;0;0;0;0;1;806502,409;5832279,515;13,52193;52,55409
195437;11;8;8010509;2019;6;22;2;3;0;3;2;1;1;0;0;0;0;1;803950,6014;5822021,011;13,47504;52,46357
195438;11;1;1022206;2019;6;21;2;3;5;3;0;0;1;0;0;0;0;0;796228,5364;5828214,796;13,36722;52,52334
195439;11;7;7040403;2019;6;20;2;3;5;2;0;0;1;0;0;0;1;0;796914,542;5822289,442;13,37202;52,46985
195440;11;9;9020501;2019;6;20;2;3;5;2;0;1;1;0;0;0;0;0;806455,522;5822104,81;13,51187;52,46293
195441;11;8;8010213;2019;6;19;2;3;0;3;0;1;1;0;0;0;0;1;801143,484;5822843,549;13,43459;52,4725
195442;11;10;10040933;2019;6;20;2;3;5;3;0;0;1;0;0;0;1;1;812489,1631;5824946,873;13,60306;52,48498
195443;11;3;3061227;2019;6;20;2;3;5;3;1;1;1;0;0;0;0;1;799770,4934;5831409,32;13,42215;52,55003
195444;11;9;9020702;2019;6;19;2;2;0;1;0;1;0;0;0;0;0;1;809569,5743;5819802,871;13,55543;52,44054
195445;11;9;9031001;2019;6;20;2;2;1;7;1;0;1;0;0;0;0;1;810536,7814;5816296,424;13,56636;52,40857
195446;11;7;7040405;2019;6;19;2;3;8;1;0;0;1;0;0;0;0;1;799538,8553;5821808,631;13,4101;52,46411
195447;11;1;1044101;2019;6;18;2;3;2;2;0;1;1;0;0;0;0;0;793819,0788;5831725,809;13,33491;52,55611
195448;11;4;4030621;2019;6;18;2;3;2;6;0;0;1;0;0;0;0;0;793549,4379;5827732,561;13,32742;52,52046
195449;11;2;2050802;2019;6;18;2;2;5;2;0;1;1;0;0;0;0;0;802107,3253;5827355,98;13,45282;52,51241
195450;11;4;4031032;2019;6;18;2;3;1;5;0;1;1;0;0;0;0;0;791292,7781;5825004,868;13,29186;52,49722
195451;11;4;4051652;2019;6;17;2;3;2;6;0;0;1;0;0;0;0;0;793515,7699;5824046,691;13,32367;52,48744
195452;11;6;6030503;2019;6;15;2;3;3;6;0;0;1;0;1;0;0;0;789522,7543;5817483,272;13,25934;52,43073
195453;11;7;7040405;2019;6;17;2;3;5;3;0;0;1;0;0;0;0;0;798626,8361;5820663,485;13,39569;52,45434
195454;11;10;10040931;2019;6;17;2;3;5;3;0;1;1;0;0;0;0;0;814259,2633;5829301,131;13,63315;52,52298
195455;11;9;9010301;2019;6;22;2;3;5;2;2;1;1;0;0;0;0;1;804531,0042;5821714,577;13,48327;52,4605
195456;11;3;3020307;2019;6;15;2;3;5;3;0;1;0;0;0;0;0;0;799883,9204;5837959,226;13,42974;52,60868
195457;11;6;6010102;2019;6;14;2;3;5;3;0;1;1;0;0;0;0;0;793425,588;5820368,851;13,31911;52,45452
195458;11;1;1011104;2019;6;14;2;3;0;2;0;0;1;0;0;0;1;0;796256,8989;5825959,676;13,36562;52,50311
195459;11;2;2020206;2019;6;14;2;3;2;6;0;0;1;0;0;0;0;0;800315,6647;5824569,108;13,42399;52,48842
195460;11;3;3030715;2019;6;13;2;3;2;6;0;0;1;0;0;1;0;0;800735,709;5833607,495;13,43833;52,5692
195461;11;5;5010209;2019;6;12;2;3;1;5;0;1;0;0;0;0;1;0;783196,5081;5830090,414;13,17725;52,54708
195462;11;8;8020619;2019;6;11;2;3;5;7;0;0;1;0;0;0;0;0;801471,7689;5820904,62;13,43765;52,45494
195463;11;1;1044203;2019;6;12;2;3;2;6;0;0;1;0;0;0;0;0;795793,896;5831890,866;13,3641;52,55652
195464;11;1;1011302;2019;6;0;2;3;5;2;2;1;1;0;0;0;0;0;798494,3787;5829062,257;13,40127;52,5297
195465;11;4;4030929;2019;6;12;2;3;5;7;0;0;1;0;1;0;0;0;792407,3687;5825612,226;13,30877;52,50207
195466;11;1;1011402;2019;6;11;2;3;6;4;0;1;0;1;0;0;0;0;798523,9629;5829141,341;13,40178;52,53039
195467;11;1;1033102;2019;6;11;2;2;5;2;0;0;1;0;0;0;0;0;797364,2415;5831210,392;13,38659;52,54957
195468;11;9;9041301;2019;6;16;2;3;5;3;0;0;1;0;1;0;0;0;811750,9201;5819776,663;13,58739;52,43907
195469;11;2;2020203;2019;6;11;2;3;5;2;0;1;1;0;0;0;0;0;797802,39;5824910,25;13,38739;52,49286
195470;11;1;1044201;2019;6;11;2;3;3;6;0;0;1;0;1;0;0;0;796834,2216;5831942,209;13,37945;52,55642
195471;11;10;10030725;2019;6;16;2;2;0;5;0;1;1;0;0;0;0;0;809955,1726;5828031,183;13,56873;52,51406
195472;11;5;5010101;2019;6;10;2;2;5;2;0;0;1;0;1;0;0;0;785222,4364;5831822,854;13,20854;52,56155
195473;11;9;9051901;2019;6;16;2;3;5;3;0;1;1;0;0;0;0;0;809945,8114;5821592,81;13,56261;52,45637
195474;11;4;4030415;2019;6;10;2;3;2;6;0;0;1;0;1;0;0;0;791649,0497;5827653,217;13,29942;52,52077
195475;11;8;8030830;2019;6;10;2;3;5;7;0;1;1;0;0;0;0;0;802702,0256;5818043,02;13,45311;52,42861
195476;11;3;3061430;2019;6;15;2;3;0;7;0;0;1;0;0;0;0;0;802305,7357;5829235,442;13,45745;52,52915
195477;11;9;9010401;2019;6;15;2;3;0;6;0;1;1;0;0;0;0;0;805441,3094;5821500,211;13,49643;52,45807
195478;11;2;2040701;2019;6;9;2;3;5;3;0;1;1;0;0;0;0;0;800778,505;5827188,074;13,43315;52,51164
195479;11;5;5020626;2019;6;9;2;3;5;2;0;1;1;0;0;0;0;0;784218,851;5827369,133;13,18996;52,52215
195480;11;2;2020204;2019;6;8;2;3;5;2;0;1;1;0;0;0;0;0;798314,8855;5825383,127;13,39534;52,49682
195481;11;4;4020310;2019;6;8;2;3;5;2;0;0;1;0;0;0;0;0;790211,4519;5827297,934;13,27798;52,51835
195482;11;2;2030301;2019;6;7;2;3;2;6;0;0;1;0;0;1;0;0;799975,5727;5825746,689;13,42006;52,49917
195483;11;5;5020625;2019;6;15;2;3;6;4;0;0;1;1;0;0;0;0;784458,4571;5828663,554;13,19459;52,53363
195484;11;9;9052001;2019;6;7;2;3;5;3;0;0;1;0;0;0;0;0;810947,1361;5822198,973;13,57786;52,46123
195485;11;1;1011105;2019;6;6;2;3;5;7;0;0;1;0;0;0;0;0;795336,7708;5826631,6;13,3527;52,50963
195486;11;12;12214125;2019;6;15;2;3;0;2;0;0;1;0;0;0;1;0;790944,8486;5833788,281;13,29444;52,57615
195487;11;1;1011302;2019;6;6;2;3;2;6;0;0;1;0;0;0;0;0;799078,1247;5828998,061;13,4098;52,5288
195488;11;9;9020702;2019;6;6;2;3;0;3;0;1;1;0;0;0;0;0;809668,744;5819050,76;13,55618;52,43374
195489;11;1;1011304;2019;6;15;2;2;2;2;0;0;1;0;0;0;0;0;799727,7436;5827760,655;13,41823;52,51735
195490;11;3;3061228;2019;6;5;2;3;1;5;0;0;1;0;1;0;0;0;800486,9949;5831261,907;13,43255;52,54832
195491;11;2;2050601;2019;6;1;2;3;5;2;2;0;1;0;0;0;0;0;801777,9822;5828668,491;13,44918;52,52436
195492;11;1;1011401;2019;6;8;2;3;0;1;0;1;0;0;0;0;0;0;798106,7921;5829363,715;13,39585;52,53261
195493;11;11;11030720;2019;6;20;2;3;5;2;0;1;1;0;0;0;0;1;805123,4827;5829991,758;13,49955;52,53436
195494;11;6;6040810;2019;6;9;2;3;5;2;0;1;0;0;0;0;1;0;791848,9725;5821376,437;13,29686;52,46439
195495;11;10;10010203;2019;6;17;2;1;1;7;0;0;1;0;0;0;0;0;807352,427;5832454,823;13,53459;52,55518
195496;11;4;4030724;2019;6;14;1;3;2;6;0;1;0;0;0;0;0;0;790965,9526;5826026,471;13,28796;52,50655
195497;11;4;4041238;2019;6;14;1;3;5;3;0;1;1;0;0;0;0;0;791553,9247;5823245,511;13,29416;52,48131
195498;11;1;1011401;2019;6;14;1;3;6;7;0;0;1;1;0;0;0;0;797521,9227;5829149,117;13,38706;52,53101
195499;11;9;9041501;2019;6;19;1;3;3;6;0;1;1;0;0;0;0;0;811012,9502;5820412,725;13,57716;52,44519
195500;11;1;1044201;2019;6;21;1;3;5;3;0;0;1;0;0;0;0;0;795854,7449;5831132,303;13,36432;52,54969
195501;11;11;2050803;2019;6;20;1;2;4;6;0;0;1;0;1;0;0;0;803311,958;5826289,712;13,46955;52,50219
195502;11;2;2040701;2019;6;20;1;3;1;5;0;1;1;0;0;0;1;0;800846,907;5826869,321;13,43387;52,50875
195503;11;4;4010102;2019;6;17;1;3;0;2;0;1;1;0;0;0;0;0;791834,2318;5830684,825;13,3048;52,54785
195504;11;2;2010102;2019;6;17;1;2;5;3;0;0;1;0;1;0;0;0;798331,7871;5825629,632;13,39581;52,49902
195505;11;10;10040933;2019;6;15;1;2;5;3;0;0;1;0;1;0;0;0;812575,854;5824282,132;13,60371;52,47897
195506;11;7;7010104;2019;6;16;1;3;5;2;0;1;1;0;0;0;0;0;795999,7539;5824957,198;13,36096;52,49426
195507;11;3;3071633;2019;6;16;1;3;0;1;0;1;0;0;0;0;0;0;800029,1676;5830416,599;13,42505;52,54099
195508;11;11;11051331;2019;6;14;1;3;5;3;0;0;1;0;0;0;0;0;808003,4667;5824739,716;13,53702;52,48567
195509;11;7;7010102;2019;6;14;1;3;5;3;0;0;1;0;1;0;0;0;794954,3795;5825404,027;13,346;52,49883
195510;11;1;1011101;2019;6;14;1;3;5;3;0;0;1;0;0;0;0;0;794991,914;5826149,061;13,34721;52,50549
195511;11;1;1011202;2019;6;14;1;3;5;2;0;0;1;0;1;0;0;0;797703,8288;5827795,443;13,38852;52,51877
195512;11;11;11051331;2019;6;14;1;2;5;3;0;1;1;0;0;0;0;0;808002,764;5824740,141;13,53701;52,48567
195513;11;3;3061126;2019;6;13;1;3;2;6;0;0;1;0;0;0;0;0;798310,987;5831834,952;13,40107;52,55465
195514;11;11;11051330;2019;6;12;6;3;5;2;0;1;1;0;0;0;0;0;807062,6312;5824409,718;13,5229;52,48324
195515;11;8;8020619;2019;6;13;1;3;2;6;0;0;1;0;0;0;0;0;801401,2667;5821120,991;13,43681;52,45692
195516;11;7;7040403;2019;6;12;1;2;5;3;0;0;1;0;1;0;0;0;797649,4987;5822186,485;13,38271;52,46853
195517;11;1;1033102;2019;6;12;6;3;5;2;0;1;0;0;0;0;1;0;797141,2919;5831886,679;13,38391;52,55575
195518;11;1;1044101;2019;6;1;1;2;5;2;2;0;1;0;0;0;0;0;793962,7642;5830161,353;13,33564;52,54201
195519;11;6;6040809;2019;6;17;6;2;5;2;0;1;1;0;0;0;0;0;792354,529;5820772,049;13,30375;52,4587
195520;11;11;11020411;2019;6;2;1;3;5;3;2;0;1;0;0;0;0;0;804988,9884;5833003,16;13,50034;52,56142
195521;11;8;8020625;2019;6;12;6;3;3;6;0;1;0;0;0;1;0;0;801490,3895;5817788,317;13,43511;52,427
195522;11;12;12301203;2019;6;10;1;3;4;5;0;0;1;0;0;0;0;0;793707,074;5835028,565;13,33619;52,58578
195523;11;12;12301203;2019;6;7;6;2;5;2;0;1;0;0;0;1;0;0;792848,8962;5835170,088;13,32368;52,58751
195524;11;1;1044202;2019;6;10;1;3;5;2;0;0;1;0;0;0;0;0;794619,0775;5829877,865;13,34504;52,53912
195525;11;1;1033102;2019;6;11;1;3;5;3;0;0;1;0;0;0;1;0;797153,9337;5831897,015;13,38411;52,55584
195526;11;5;5010101;2019;6;12;6;3;5;3;0;1;1;0;0;0;0;0;785933,6378;5831651,073;13,21885;52,55964
195527;11;6;6030607;2019;6;12;1;2;2;1;0;0;1;0;0;0;0;0;791970,4502;5816407,285;13,2943;52,41978
195528;11;4;4051448;2019;6;12;6;3;0;6;0;0;1;0;1;0;0;0;793484,7223;5825053,893;13,3241;52,49648
195529;11;11;11030618;2019;6;1;1;3;0;1;2;0;0;0;1;0;0;0;803678,9343;5828763,369;13,4772;52,52415
195530;11;4;4041342;2019;6;11;6;3;5;2;0;0;1;0;1;0;0;0;792115,2887;5822352,903;13,30162;52,473
195531;11;8;8010301;2019;6;0;1;3;0;1;2;1;0;0;0;0;0;0;801355,2814;5823951,009;13,43869;52,48231
195532;11;8;8020727;2019;6;11;6;3;5;2;0;1;1;0;0;0;0;0;800946,5111;5817042,181;13,42647;52,42061
195533;11;2;2040701;2019;6;12;7;3;5;3;0;0;1;0;0;0;0;0;800157,9541;5827367,796;13,4242;52,5136
195534;11;3;3071536;2019;6;18;7;3;5;3;0;0;1;0;0;0;0;0;798953,1672;5829166,035;13,40811;52,53038
195535;11;9;9041401;2019;6;12;6;3;5;3;0;0;1;0;0;0;1;0;811644,1419;5820420,711;13,58643;52,4449
195536;11;3;3051017;2019;6;13;6;2;5;3;0;1;1;0;0;0;0;0;803391,1171;5832799,033;13,47665;52,56049
195537;11;6;6030606;2019;6;15;7;3;1;5;0;1;1;0;0;0;0;0;793693,4001;5819262,561;13,32207;52,44445
195538;11;10;10010206;2019;6;18;7;2;5;3;0;1;1;0;0;0;0;0;809970,5197;5832029,817;13,57268;52,54989
195539;11;9;9020802;2019;6;12;6;2;3;6;0;1;0;0;0;1;0;0;810467,96;5820310,159;13,56907;52,44458
195540;11;7;7040401;2019;6;15;7;3;5;2;0;1;0;0;0;0;0;0;797776,6614;5823273,751;13,38555;52,4782
195541;11;4;4020311;2019;6;16;6;3;5;3;0;1;1;0;0;0;0;0;789559,8855;5826580,372;13,26778;52,51227
195542;11;1;1022104;2019;6;14;7;3;5;2;0;0;1;0;1;0;0;0;794242,987;5828441,211;13,33824;52,52644
195543;11;1;1044201;2019;6;19;7;3;2;6;0;0;1;0;0;0;0;0;796684,9964;5831917,808;13,37723;52,55628
195544;11;8;8020727;2019;6;16;6;3;5;3;0;0;1;0;1;0;0;0;801575,1342;5816649,688;13,43533;52,41674
195545;11;2;2030301;2019;6;19;7;3;5;3;0;1;1;0;0;0;0;0;799598,6806;5826095,896;13,41483;52,5025
195546;11;4;4030931;2019;6;13;7;3;5;2;0;1;1;0;0;0;0;0;794117,342;5826092,18;13,33431;52,50545
195547;11;3;3030405;2019;6;16;6;3;6;4;0;0;1;1;0;0;0;0;803515,117;5839643,054;13,48475;52,62176
195548;11;11;11051332;2019;6;19;7;3;2;6;0;0;1;0;0;0;0;0;807229,0562;5824116,198;13,52507;52,48052
195549;11;9;9041501;2019;6;16;6;2;5;2;0;1;1;0;0;0;0;0;811692,3888;5819923,671;13,58667;52,44042
195550;11;4;4020310;2019;6;16;6;2;4;6;0;1;0;0;0;0;0;0;790150,5424;5828210,08;13,27788;52,52656
195551;11;7;7020201;2019;6;19;7;3;5;3;0;0;1;0;0;0;0;0;794964,5671;5824059,457;13,34496;52,48677
195552;11;2;2010104;2019;6;15;6;2;5;7;0;0;1;0;0;1;0;0;799444,6735;5825642,377;13,41216;52,49852
195553;11;2;2030302;2019;6;12;7;2;5;2;0;1;1;0;0;0;0;0;800946,851;5826400,028;13,43491;52,50449
195554;11;4;4030621;2019;6;16;6;3;5;2;0;1;0;0;1;0;0;0;793559,2538;5827756,096;13,32758;52,52067
195555;11;6;6040806;2019;6;22;7;3;6;4;2;0;1;1;0;0;0;0;788845,7188;5819607,9;13,25124;52,45013
195556;11;7;7070702;2019;6;12;7;3;1;5;0;0;1;0;0;0;0;0;800128,5192;5814982,438;13,41263;52,4026
195557;11;7;7010102;2019;6;16;6;3;1;5;0;1;1;0;0;0;0;0;795883,5766;5825470,29;13,35971;52,49892
195558;11;4;4041238;2019;6;9;6;3;2;7;0;0;1;0;0;0;0;0;791683,1119;5823653,805;13,29641;52,4849
195559;11;5;5010314;2019;6;11;7;3;0;2;0;0;1;0;0;0;1;0;784843,1873;5829239,963;13,20074;52,5386
195560;11;5;5010339;2019;6;10;7;3;5;2;0;1;1;0;0;0;0;0;788103,7111;5827867,4;13,2475;52,52458
195561;11;3;3050924;2019;6;12;6;2;1;1;0;0;1;0;0;0;1;0;801589,5728;5831780,427;13,44923;52,55236
195562;11;1;1011302;2019;6;23;7;2;0;1;2;1;0;0;0;0;0;0;798496,293;5828386,934;13,4007;52,52364
195563;11;2;2010102;2019;6;17;6;3;5;3;0;0;1;0;0;0;0;0;798411,8411;5825784,562;13,39712;52,50036
195564;11;8;8020622;2019;6;9;7;3;5;7;0;0;1;0;0;0;0;0;802374,663;5819912,366;13,45;52,44555
195565;11;1;1033201;2019;6;9;7;2;5;2;0;1;0;0;0;1;0;0;798071,6509;5829988,77;13,39589;52,53823
195566;11;8;8010117;2019;6;15;6;3;6;2;0;0;1;1;0;0;0;0;800651,7363;5823014,231;13,42752;52,4743
195567;11;4;4051445;2019;5;5;6;3;5;2;0;1;1;0;0;0;0;0;791762,2535;5824375,355;13,29821;52,49132
195568;11;3;3050923;2019;5;7;6;3;5;3;0;0;1;0;1;0;0;0;800994,2425;5831899,738;13,44059;52,55376
195569;11;2;2010102;2019;6;23;6;2;5;3;2;0;1;0;0;0;0;0;798531,8039;5826271,364;13,39932;52,50466
195570;11;4;4030519;2019;5;9;6;3;5;2;0;1;1;0;0;0;0;0;792326,0574;5828251,913;13,30989;52,52578
195571;11;11;11010103;2019;6;15;6;3;5;2;0;0;1;0;1;0;0;0;807931,2058;5833796,26;13,54434;52,56687
195572;11;4;4030725;2019;5;9;6;3;5;2;0;0;1;0;0;0;0;0;791916,0419;5826239,076;13,3021;52,50795
195573;11;7;7050503;2019;5;15;6;3;2;6;0;0;1;0;0;0;0;0;799139,9432;5819915,761;13,40255;52,44736
195574;11;7;7050501;2019;6;11;6;3;1;5;0;1;1;0;0;0;1;0;797853,1267;5819621,187;13,38341;52,44542
195575;11;3;3050923;2019;6;11;6;3;2;1;0;0;1;0;0;0;0;0;801160,4459;5831611,249;13,44277;52,55108
195576;11;12;12214423;2019;5;15;6;3;5;3;0;0;1;0;0;0;0;0;792601,3061;5833665,675;13,31871;52,57416
195577;11;7;7040401;2019;5;15;6;3;5;2;0;1;1;0;0;0;0;0;797748,2126;5822532,304;13,38447;52,47157
195578;11;4;4030416;2019;6;18;6;3;0;7;0;1;0;0;0;0;0;0;791296,1495;5827183,946;13,29382;52,51675
195579;11;9;9031001;2019;5;13;6;3;5;3;0;1;1;0;0;0;0;0;810544,9155;5815073,19;13,56534;52,3976
195580;11;2;2010104;2019;6;10;6;2;6;4;0;1;0;1;0;0;0;0;799774,2389;5825695,517;13,41705;52,49882
195581;11;12;12214424;2019;5;13;6;2;5;2;0;0;1;0;0;0;0;0;793186,3101;5832306,134;13,32612;52,56166
195582;11;12;12302107;2019;5;16;6;3;5;3;0;0;1;0;0;0;0;0;793845,7033;5836158,09;13,33923;52,59583
195583;11;4;5030833;2019;5;17;6;2;2;6;0;0;1;0;0;0;0;0;790383,9967;5829032,405;13,28203;52,53381
195584;11;12;12231102;2019;6;15;6;3;1;5;0;0;1;0;0;0;0;0;789775,4404;5839769,236;13,28247;52,63039
195585;11;9;9010202;2019;5;17;6;2;5;2;0;1;1;0;0;0;0;0;804483,0659;5823234,787;13,48396;52,47416
195586;11;3;3061131;2019;6;10;6;3;5;2;0;0;1;0;1;0;0;0;798625,4236;5831114,243;13,40504;52,54802
195587;11;2;2020206;2019;5;19;6;3;5;7;0;1;0;0;0;0;1;0;799780,1101;5824852,426;13,41638;52,49126
195588;11;5;5030731;2019;6;9;6;3;1;5;0;1;1;0;0;0;1;0;786995,5361;5829344,1;13,23248;52,5384