OBJECTID;LAND;BEZ;LOR;UJAHR;UMONAT;USTUNDE;UWOCHENTAG;UKATEGORIE;UART;UTYP1;ULICHTVERH;IstRad;IstPKW;IstFuss;IstKrad;IstGkfz;IstSonstige;USTRZUSTAND;LINREFX;LINREFY;XGCSWGS84;YGCSWGS84
195805;11;7;7040404;2019;6;8;4;3;6;4;0;1;0;1;0;0;0;0;797285,4013;5820652,56;13,376;52,45497
195806;11;12;12302108;2019;6;8;4;3;5;3;0;0;1;0;0;0;1;0;793960,5279;5836628,458;13,34134;52,59999
195807;11;4;4030929;2019;6;8;4;3;0;1;0;0;0;0;1;0;0;0;792362,8208;5825380,274;13,30791;52,50001
195808;11;3;3040512;2019;6;15;3;3;2;6;0;0;1;0;0;0;0;0;796783,2187;5835811,127;13,38216;52,59113
195809;11;1;1044201;2019;6;18;3;3;2;6;0;1;1;0;0;0;0;0;796853,464;5831545,802;13,37938;52,55286
195810;11;1;1033102;2019;6;14;3;3;6;7;0;1;0;1;0;0;0;0;797575,6596;5831644,311;13,39008;52,55334
195811;11;8;8010302;2019;6;14;3;3;2;6;0;0;1;0;0;0;0;0;801411,203;5824757,381;13,44024;52,48951
195812;11;1;1011102;2019;6;12;3;3;6;7;0;1;0;1;0;0;0;0;796844,3881;5827831,729;13,37592;52,51957
195813;11;5;5020523;2019;6;19;3;3;5;3;0;0;1;0;0;0;0;0;783195,1955;5827093,798;13,17468;52,52021
195814;11;1;1011204;2019;6;18;3;3;2;6;0;1;1;0;0;0;0;0;797900,3201;5826589,912;13,39033;52,50786
195815;11;3;3061126;2019;6;17;3;3;2;6;0;0;0;0;1;1;0;0;799197,2725;5831774,778;13,41405;52,55363
195816;11;1;1044202;2019;6;18;3;3;0;7;0;0;1;0;0;0;1;0;795010,5105;5830118,168;13,351;52,54106
195817;11;5;5020627;2019;6;18;3;3;2;6;0;0;1;0;0;0;0;0;785673,4113;5828035,441;13,21192;52,52736
195818;11;2;2040702;2019;6;18;3;3;5;3;0;0;1;0;0;0;0;0;801692,8906;5827209,464;13,4466;52,51133
195819;11;4;4030930;2019;6;18;3;3;6;2;0;0;1;1;0;0;0;0;792840,4625;5825525,391;13,31505;52,50106
195820;11;11;11041128;2019;6;17;3;2;5;3;0;1;0;0;0;0;0;0;806719,1922;5826792,695;13,52005;52,50479
195821;11;3;3061131;2019;6;17;3;3;6;4;0;1;0;1;0;0;0;0;798932,8972;5831058,934;13,40952;52,54735
195822;11;1;1011105;2019;6;17;3;3;5;2;0;1;1;0;0;0;0;0;795768,64;5826683,928;13,3591;52,50986
195823;11;1;1033203;2019;6;17;3;3;2;6;0;0;1;0;0;0;0;0;796684,5093;5830138,275;13,37563;52,54033
195824;11;11;11051331;2019;6;16;3;3;6;7;0;1;0;1;0;0;0;0;807313,9746;5824881,731;13,52702;52,48733
195825;11;9;9051901;2019;6;15;3;3;5;2;0;0;1;0;1;0;0;0;811143,1605;5821575,203;13,58015;52,45553
195826;11;8;8010211;2019;6;15;3;3;2;7;0;0;1;0;1;0;0;0;800356,061;5824216,003;13,42426;52,48524
195827;11;7;7060601;2019;6;10;2;2;8;1;0;0;1;0;0;0;0;0;796416,5495;5816591,13;13,35965;52,41904
195828;11;4;4051653;2019;6;15;3;3;2;6;0;0;1;0;0;0;0;0;793964,8353;5824913,94;13,33103;52,49497
195829;11;11;11040926;2019;6;8;2;3;0;7;0;0;0;0;1;1;0;1;805242,2613;5826268,277;13,49788;52,50092
195830;11;12;12214424;2019;6;14;3;3;1;5;0;1;1;0;0;0;1;0;793175,5019;5832628,33;13,32624;52,56455
195831;11;3;3040818;2019;6;10;2;3;0;1;0;1;0;0;0;0;0;0;799393,2568;5833497,771;13,41848;52,56896
195832;11;9;9010301;2019;6;14;3;3;5;2;0;0;1;0;0;0;0;0;804392,0667;5821738,632;13,48126;52,4608
195833;11;2;2020204;2019;6;19;2;3;5;2;0;1;1;0;0;0;0;0;798295,5952;5825328,039;13,39501;52,49633
195834;11;5;5020418;2019;6;19;2;3;2;7;0;0;0;0;1;0;1;0;781092,3282;5828603,198;13,14505;52,53483
195835;11;5;5030731;2019;6;14;3;3;1;5;0;1;1;0;0;0;0;0;787276,4277;5829779,866;13,23699;52,54216
195836;11;12;12302211;2019;6;13;3;3;3;6;0;0;1;0;1;0;0;0;793482,3701;5837003,29;13,33463;52,60361
195837;11;1;1044201;2019;6;19;2;3;5;2;0;1;1;0;0;0;0;0;796204,1673;5831516,889;13,3698;52,55295
195838;11;2;2040701;2019;6;21;2;2;9;1;1;0;0;0;1;0;0;0;800370,4598;5827871,597;13,42777;52,51799
195839;11;11;11010207;2019;6;17;3;3;8;1;0;0;1;0;0;0;0;0;805115,8068;5834607,679;13,50368;52,57573
195840;11;3;3061131;2019;6;18;2;2;0;1;0;0;0;0;1;0;0;0;798866,1188;5830435,524;13,40797;52,5418
195841;11;1;1011101;2019;6;9;3;3;3;6;0;1;0;0;0;0;1;0;794563,4151;5826098,673;13,34087;52,50527
195842;11;10;10040932;2019;6;18;2;3;5;3;0;0;1;0;0;0;1;0;813028,1536;5827272,349;13,61315;52,50551
195843;11;6;6030608;2019;6;18;2;3;5;3;0;1;1;0;0;0;0;0;790992,1676;5817440,521;13,28085;52,42956
195844;11;2;2050601;2019;6;17;2;3;5;3;0;0;1;0;0;1;0;0;801765,0695;5828662,158;13,44898;52,52431
195845;11;1;1022104;2019;6;10;3;3;2;6;0;1;1;0;0;0;0;0;794573,3123;5828555,621;13,34319;52,52729
195846;11;1;1022103;2019;6;17;2;3;5;7;0;0;1;0;1;0;0;0;793383,2748;5829578,194;13,3266;52,5371
195847;11;4;4041343;2019;6;10;3;3;0;6;0;0;1;0;0;0;1;0;792570,1239;5822973,067;13,30884;52,47832
195848;11;2;2020202;2019;6;18;2;3;5;2;0;1;1;0;0;0;0;0;797941,7363;5825259,281;13,38975;52,49591
195849;11;9;9020701;2019;6;16;2;3;2;2;0;0;1;0;0;0;0;0;808486,1726;5819040,702;13,53884;52,43432
195850;11;1;1011202;2019;6;10;3;3;8;1;0;1;1;0;0;0;0;0;797729,6156;5827644,573;13,38877;52,51741
195851;11;12;12103115;2019;6;16;2;3;5;2;0;1;0;0;0;0;1;0;795344,3929;5833841,037;13,35923;52,57425
195852;11;7;7070704;2019;6;17;2;3;8;1;0;0;1;0;0;0;0;0;800646,7637;5814141,465;13,41947;52,39477
195853;11;9;9051901;2019;6;11;3;3;0;2;0;1;0;0;0;0;0;0;812040,6431;5821394,944;13,59315;52,4534
195854;11;5;5020521;2019;6;7;2;2;6;4;0;0;1;1;0;0;0;0;780337,7013;5827869,123;13,13333;52,52864
195855;11;5;5010209;2019;6;13;3;3;5;3;0;0;1;0;0;0;0;0;782657,166;5829427,986;13,16876;52,54142
195856;11;12;12301203;2019;6;7;2;3;0;2;0;1;0;0;0;1;0;0;793930,2741;5835301,5;13,33971;52,58811
195857;11;1;1011204;2019;6;7;2;2;5;3;0;0;1;0;1;0;0;0;797870,6152;5826767,855;13,39005;52,50947
195858;11;7;7020203;2019;6;11;3;3;0;7;0;0;0;0;1;0;0;1;795714,0347;5824031,102;13,35594;52,48611
195859;11;6;6020410;2019;6;12;3;2;2;2;0;0;1;0;1;0;0;0;794746,8352;5816900,964;13,33544;52,42272
195860;11;10;10030724;2019;6;7;2;3;5;2;0;0;1;0;1;0;0;0;809594,9618;5830266,068;13,56552;52,53429
195861;11;3;3010101;2019;6;7;2;3;2;6;0;0;1;0;0;0;0;0;803319,0468;5842608,878;13,48458;52,64845
195862;11;11;11010205;2019;6;10;3;2;2;7;0;0;1;0;0;0;0;0;805938,769;5833721,745;13,51497;52,56733
195863;11;6;6010102;2019;6;6;2;3;5;3;0;1;1;0;0;0;0;0;793746,5104;5821052,637;13,32442;52,46047
195864;11;9;9020701;2019;6;9;3;2;5;2;0;1;1;0;0;0;0;0;809421,4432;5818429,531;13,55198;52,42832
195865;11;12;12302110;2019;6;5;2;3;5;3;0;0;1;0;0;0;0;0;795347,0539;5836375,503;13,36152;52,59697
195866;11;3;3040512;2019;6;9;3;3;9;1;0;0;1;0;0;0;0;0;796317,2137;5835023,394;13,3746;52,58432
195867;11;2;2050802;2019;6;3;2;3;0;1;2;1;0;0;0;0;0;0;802449,163;5827058,911;13,45758;52,50956
195868;11;12;12214424;2019;6;19;3;3;0;4;1;0;0;1;0;0;1;0;793236,5624;5832494,666;13,32702;52,56332
195869;11;8;8010406;2019;6;10;2;3;5;3;0;0;1;0;0;0;0;0;802031,4461;5824297,417;13,44894;52,48504
195870;11;4;4030518;2019;6;10;2;3;2;6;0;0;1;0;0;0;0;0;791462,7244;5828267,8;13,29722;52,52638
195871;11;4;4041134;2019;6;22;3;3;2;6;2;0;1;0;0;0;0;1;790846,0042;5824725,064;13,28506;52,49495
195872;11;2;2030401;2019;6;8;3;3;1;5;0;1;1;0;0;0;0;0;801244,833;5825286,716;13,43828;52,49434
195873;11;9;9041302;2019;6;10;2;3;5;3;0;1;1;0;0;0;0;0;812235,2417;5817032,001;13,59193;52,41419
195874;11;12;12103117;2019;6;9;3;3;1;5;0;1;1;0;0;0;0;0;796650,9657;5832516,834;13,37727;52,56167
195875;11;11;11030618;2019;6;9;2;3;1;5;0;0;1;0;0;0;0;0;803025,8216;5829186,346;13,46798;52,52831
195876;11;8;8020620;2019;6;9;3;3;5;3;0;0;1;0;1;0;0;0;800787,6176;5821355,117;13,42802;52,45936
195877;11;6;6020409;2019;6;9;2;3;5;7;0;0;1;0;0;0;0;0;793474,176;5817729,811;13,31751;52,43083
195878;11;1;1011105;2019;6;8;3;2;3;6;0;1;0;0;0;1;0;0;795475,8914;5826646,412;13,35476;52,50969
195879;11;9;9020501;2019;6;9;2;2;5;2;0;0;1;0;0;0;1;0;806241,5718;5822170,747;13,50879;52,46364
195880;11;3;3030715;2019;6;6;3;3;2;6;0;0;1;0;0;0;0;0;801093,5437;5833203,299;13,44323;52,56538
195881;11;6;6040810;2019;6;8;2;3;5;3;0;0;1;0;1;0;0;0;790251,612;5820067,251;13,27227;52,45351
195882;11;7;7010104;2019;6;9;2;3;5;2;0;1;0;0;0;0;1;0;796229,5231;5824934,162;13,36431;52,49393
195883;11;5;5030832;2019;6;4;3;3;2;2;1;0;1;0;0;0;0;1;787973,3764;5830562,178;13,24791;52,5488
195884;11;11;11040926;2019;6;8;2;3;5;3;0;1;1;0;0;0;0;1;805892,941;5826556,828;13,5077;52,50314
195885;11;2;2030301;2019;6;8;3;3;0;1;0;0;0;0;1;0;0;0;799994,2381;5826215,782;13,42075;52,50336
195886;11;12;12214421;2019;6;16;2;3;0;2;0;0;1;0;0;0;1;0;793399,5406;5833163,71;13,33001;52,56923
195887;11;11;11030721;2019;6;16;2;3;5;7;0;0;0;0;1;0;1;0;804212,1971;5828214,884;13,48453;52,51894
195888;11;7;7040404;2019;6;8;3;3;0;7;0;1;0;0;0;0;0;0;796956,6719;5820516,854;13,37106;52,45394
195889;11;1;1011304;2019;6;11;2;3;5;2;0;1;0;0;0;0;1;0;799727,011;5827763,959;13,41822;52,51738
195890;11;4;4041241;2019;6;15;2;3;2;6;0;0;1;0;0;0;0;0;791315,9653;5821990,191;13,28957;52,47018
195891;11;1;1022103;2019;6;11;2;2;5;3;0;1;1;0;0;0;0;0;793513,2085;5829336,887;13,3283;52,53486
195892;11;1;1044103;2019;6;17;2;3;0;5;0;0;1;0;0;0;1;0;794881,6638;5831061,355;13,34995;52,54958
195893;11;2;2010104;2019;6;11;2;3;5;2;0;0;1;0;0;0;0;0;799071,6281;5825610,148;13,40666;52,49844
195894;11;7;7070701;2019;6;16;2;2;5;2;0;0;1;0;0;0;1;0;799250,9593;5816260,563;13,40091;52,41453
195895;11;6;6040810;2019;6;11;2;3;5;2;0;1;1;0;0;0;0;0;790244,2017;5820078,824;13,27217;52,45361
195896;11;3;3040818;2019;6;12;2;3;2;2;0;0;1;0;0;0;0;0;800081,2921;5833883,299;13,42895;52,57204
195897;11;8;8010405;2019;6;16;2;3;5;2;0;1;1;0;0;0;0;0;802019,4284;5823518,721;13,44805;52,47807
195898;11;10;10020517;2019;6;16;2;3;4;6;0;1;0;0;0;0;0;0;812353,1455;5830455,076;13,60623;52,53441
195899;11;5;5040935;2019;6;16;2;3;6;7;0;0;1;1;0;0;0;0;782540,3533;5820579,045;13,15953;52,46214
195900;11;8;8010118;2019;6;14;2;3;2;6;0;0;1;0;0;0;0;0;800976,2206;5822150,409;13,4315;52,46638
195901;11;7;7040405;2019;6;13;2;2;5;3;0;1;0;0;0;0;0;0;799654,3503;5820996,973;13,41107;52,45677
195902;11;4;4041344;2019;6;13;2;3;5;3;0;0;1;0;0;0;0;0;793356,3935;5822837,394;13,32027;52,47668
195903;11;3;3061429;2019;6;14;2;3;1;5;0;1;1;0;0;0;0;0;801561,2824;5830196,969;13,44738;52,53818
195904;11;3;3061227;2019;6;14;2;2;0;7;0;0;0;0;1;0;0;1;800092,7813;5831674,038;13,42713;52,55223
195905;11;4;4030417;2019;6;16;2;3;5;3;0;0;1;0;0;0;0;0;791573,8597;5826553,988;13,29735;52,51096
195906;11;11;11020515;2019;6;14;2;3;5;3;0;1;1;0;0;0;0;0;803665,2424;5830091,983;13,47821;52,53607
195907;11;2;2020206;2019;6;17;2;3;5;2;0;0;1;0;1;0;0;0;799744,2315;5824761,613;13,41577;52,49046
195908;11;12;12214424;2019;6;15;2;3;2;6;0;0;1;0;1;0;0;0;792506,3936;5832839,599;13,31658;52,56681
195909;11;3;3040512;2019;6;22;2;3;5;3;2;0;1;0;0;1;0;0;795960,9648;5835559,62;13,36983;52,58932
195910;11;8;8010212;2019;6;14;2;3;6;7;0;0;1;1;0;0;0;0;801184,2821;5823544,282;13,43582;52,47876
195911;11;10;10020622;2019;6;19;2;3;5;3;0;0;1;0;0;0;0;0;811122,3001;5828405,043;13,58622;52,51675
195912;11;8;8041035;2019;6;15;2;3;0;2;0;0;1;0;1;0;0;0;803992,4813;5819117,525;13,47301;52,43753
195913;11;3;3071633;2019;6;19;2;2;0;3;0;1;0;0;0;0;0;0;800291,8626;5830298,368;13,42881;52,53979
195914;11;10;10010308;2019;6;15;2;3;0;2;0;1;0;0;0;0;1;0;806582,2249;5828262,491;13,51939;52,51804
195915;11;7;7060601;2019;6;15;2;3;6;4;0;0;0;1;0;0;1;0;796573,7026;5816232,443;13,36164;52,41574
195916;11;5;5020625;2019;6;18;2;3;0;5;0;0;1;0;1;0;0;0;784707,3218;5828447,565;13,19807;52,53156
195917;11;4;4030519;2019;6;15;2;3;5;3;0;1;1;0;0;0;0;0;792466,7973;5828126,514;13,31185;52,52458
195918;11;5;5020625;2019;6;16;2;2;5;2;0;0;1;0;1;0;0;0;783803,6412;5828689,079;13,18499;52,5342
195919;11;8;8010214;2019;6;14;2;3;5;2;0;1;1;0;0;0;0;0;801568,6792;5822302,961;13,44034;52,46742
195920;11;7;7060604;2019;6;11;2;3;0;1;0;1;0;0;0;0;0;0;797099,4136;5815597,55;13,36878;52,40976
195921;11;5;5020524;2019;6;14;2;3;0;3;0;0;1;0;0;0;0;0;783797,6709;5826294,098;13,18285;52,51273
195922;11;8;8010301;2019;6;7;2;3;0;1;0;0;0;0;1;0;0;1;801715,4246;5824253,304;13,44426;52,48482
195923;11;8;8041037;2019;6;15;2;3;5;3;0;0;1;0;0;0;0;0;805737,6919;5818436,982;13,49798;52,43045
195924;11;4;7030301;2019;6;14;2;3;1;5;0;1;1;0;0;0;0;0;793425,2013;5821768,781;13,32034;52,46707
195925;11;2;2020204;2019;6;0;2;3;5;3;2;1;1;0;0;0;0;0;798830,4469;5825095,505;13,40265;52,49396
195926;11;4;4010101;2019;6;0;2;3;3;6;2;1;1;0;0;0;0;0;789703,9189;5830105,559;13,27297;52,54379
195927;11;12;12214527;2019;6;15;2;3;5;3;0;1;1;0;0;0;0;0;790313,9744;5835443,836;13,28661;52,59133
195928;11;1;1033201;2019;6;16;1;3;3;6;0;0;1;0;0;0;0;0;797596,5515;5830884,903;13,38971;52,54653
195929;11;9;9010301;2019;6;10;1;3;5;2;0;0;1;0;1;0;0;0;804392,9391;5821739,983;13,48127;52,46081
195930;11;11;11010205;2019;6;14;1;3;2;2;0;0;1;0;0;0;0;0;805957,0257;5833700,227;13,51522;52,56713
195931;11;1;1044101;2019;6;4;1;3;9;1;1;0;1;0;0;0;0;0;794815,3085;5831322,62;13,3492;52,55196
195932;11;3;3040614;2019;6;20;1;3;0;7;0;0;1;0;1;0;0;0;799409,0944;5834088,732;13,41925;52,57425
195933;11;2;2050801;2019;6;19;1;3;5;3;0;1;1;0;0;0;0;0;803338,9211;5826745,558;13,47036;52,50626
195934;11;3;3020210;2019;6;13;1;3;1;5;0;1;1;0;0;0;0;0;798544,5872;5835292,876;13,40762;52,58552
195935;11;8;8020622;2019;6;18;1;3;5;2;0;0;1;0;0;0;0;0;801415,4361;5820228,506;13,43622;52,44891
195936;11;2;2030301;2019;6;18;1;3;5;7;0;1;1;0;0;0;0;0;800053,4693;5825651,867;13,42111;52,49827
195937;11;4;4051549;2019;6;14;1;3;1;5;0;1;1;0;0;0;0;0;793084,8246;5823917,693;13,31723;52,48651
195938;11;3;3071536;2019;6;17;1;3;3;6;0;1;1;0;0;0;0;0;798865,956;5829830,819;13,40743;52,53638
195939;11;6;6030606;2019;6;16;1;3;2;7;0;0;1;0;1;0;0;0;793326,7249;5818151,208;13,31571;52,43469
195940;11;11;11040925;2019;6;17;1;3;2;6;0;0;1;0;1;0;0;0;803945,8758;5826406,29;13,47897;52,50288
195941;11;8;8010117;2019;6;16;1;3;6;7;0;1;0;1;0;0;0;0;800646,2154;5823012,886;13,42744;52,47429
195942;11;1;1011103;2019;6;17;1;3;5;2;0;1;0;0;1;0;0;0;795402,2182;5825828,114;13,35295;52,50239
195943;11;5;5010312;2019;6;16;1;3;0;1;0;1;1;0;0;0;0;0;784989,9803;5830012,555;13,20356;52,54545
195944;11;12;12103218;2019;6;14;1;2;6;4;0;0;1;1;0;0;0;0;795226,8975;5833265,446;13,35698;52,56915
195945;11;4;4010101;2019;6;16;1;2;1;5;0;0;1;0;1;0;0;0;790485,5185;5829020,083;13,28351;52,53365
195946;11;7;7070703;2019;6;16;1;3;3;6;0;1;1;0;0;0;0;0;799633,8758;5813176,424;13,40377;52,38668
195947;11;4;4031032;2019;6;12;1;2;5;2;0;1;1;0;0;0;0;0;791583,3583;5825102,294;13,29622;52,49794
195948;11;5;5020629;2019;6;11;1;2;6;4;0;0;1;1;0;0;0;0;784771,9729;5826336,498;13,19721;52,5126
195949;11;1;1033203;2019;6;16;1;3;1;5;0;1;1;0;0;0;0;0;797024,9494;5830889,135;13,38131;52,54688
195950;11;9;9020701;2019;6;15;1;3;5;2;0;1;1;0;0;0;0;0;809409,8774;5818440,892;13,55182;52,42843
195951;11;8;8010301;2019;6;15;1;3;5;2;0;0;1;0;0;0;0;0;800848,8701;5824299,267;13,43157;52,48571
195952;11;5;5040935;2019;6;14;1;3;2;6;0;0;1;0;0;0;0;0;782728,4605;5820907,909;13,16257;52,46499
195953;11;12;12103117;2019;6;11;1;2;5;2;0;0;1;0;0;0;0;0;795779,571;5832576,86;13,3645;52,56268
195954;11;9;9020702;2019;6;14;1;3;0;1;0;1;0;0;0;0;0;0;809180,5951;5819542,05;13,54948;52,43842
195955;11;7;7010101;2019;6;14;1;2;3;1;0;1;1;0;0;0;0;0;794736,2923;5824888,347;13,34234;52,49433
195956;11;1;1011401;2019;6;5;1;3;0;1;0;1;0;0;0;0;0;0;798313,425;5829376,361;13,3989;52,53261
195957;11;3;3040818;2019;6;13;1;2;1;5;0;1;1;0;0;0;0;0;798969,6151;5832774,003;13,4116;52,56271
195958;11;6;6030504;2019;6;12;1;3;0;1;0;0;0;0;1;0;0;0;788902,2094;5816174,338;13,24911;52,41932
195959;11;6;6040804;2019;6;16;1;3;0;1;0;1;0;0;0;0;0;0;786914,9652;5818472,433;13,22194;52,44097
195960;11;12;12302108;2019;6;10;1;2;5;3;0;0;1;0;0;0;0;0;793943,4341;5836625,497;13,34108;52,59997
195961;11;8;8010301;2019;6;1;1;3;5;3;2;1;1;0;0;0;0;0;800762,3742;5824348,134;13,43035;52,4862
195962;11;2;2020202;2019;6;2;1;2;0;1;2;0;0;0;1;0;0;0;797260,3192;5825365,868;13,37983;52,49724
195963;11;2;2020206;2019;6;1;1;3;2;6;2;1;1;0;0;0;0;0;799429,8995;5824542,614;13,41096;52,48867
195964;11;6;6020303;2019;6;21;1;3;0;4;2;0;0;1;0;0;1;0;795310,3023;5818401,184;13,34503;52,43586
195965;11;6;6010207;2019;6;18;1;3;5;3;0;0;1;0;1;0;0;0;793185,478;5820116,887;13,31537;52,45239
195966;11;8;8010301;2019;6;1;1;3;5;2;2;1;1;0;0;0;0;0;801489,2124;5823934,21;13,44065;52,48209
195967;11;4;4010103;2019;6;1;1;3;0;1;2;1;0;0;0;0;0;0;791210,3223;5829055,684;13,2942;52,53358
195968;11;8;8010301;2019;6;3;7;3;6;4;2;0;0;1;1;0;0;0;801171,1119;5824102,461;13,43613;52,48377
195969;11;4;4030417;2019;6;12;7;3;2;6;0;0;1;0;0;0;0;0;791682,2454;5827485,681;13,29976;52,51925
195970;11;11;11020513;2019;6;10;7;3;6;4;0;0;1;1;0;0;0;0;804702,6973;5831230,654;13,4945;52,5457
195971;11;10;10040933;2019;6;9;7;3;5;2;0;1;1;0;0;0;0;0;812385,8102;5824295,841;13,60093;52,4792
195972;11;2;2010104;2019;6;15;7;3;1;5;0;1;0;0;0;0;0;0;799034,2033;5825517,323;13,40602;52,49763
195973;11;3;3061227;2019;6;19;7;3;2;6;0;0;1;0;0;0;0;0;800129,8583;5831648,191;13,42765;52,55198
195974;11;8;8010303;2019;6;16;7;3;5;2;0;0;1;0;1;0;0;0;800357,4973;5824320,63;13,42438;52,48617
195975;11;1;2010103;2019;6;16;7;3;2;2;0;1;1;0;0;0;0;0;799368,1162;5826341,3;13,41167;52,50483
195976;11;3;3050924;2019;6;14;7;3;5;3;0;1;0;0;0;0;0;0;801598,6602;5831580,69;13,44918;52,55056
195977;11;2;2040701;2019;6;14;7;3;5;3;0;1;1;0;0;0;0;0;800573,422;5827017,064;13,42998;52,51022
195978;11;3;3040614;2019;6;13;7;3;6;7;0;1;0;1;0;0;0;0;797933,138;5832881,588;13,39645;52,56424
195979;11;10;10010204;2019;6;15;7;3;2;7;0;0;1;0;0;0;0;0;809167,4124;5833283,251;13,56204;52,56158
195980;11;8;8010301;2019;6;12;7;3;3;6;0;1;1;0;0;0;0;0;801099,2498;5824904,995;13,4358;52,491
195981;11;7;7040404;2019;6;15;7;3;0;3;0;0;0;0;1;0;1;0;797371,5841;5820512,95;13,37714;52,45368
195982;11;9;9051901;2019;6;12;7;3;6;4;0;0;1;1;0;0;0;0;811167,2081;5821738,858;13,58066;52,45698
195983;11;4;4030931;2019;6;15;7;3;5;3;0;1;1;0;0;0;0;0;793938,1862;5825810,732;13,33143;52,50302
195984;11;12;12214527;2019;6;12;7;3;5;7;0;0;1;0;0;0;0;0;790297,6364;5834598,858;13,28563;52,58376
195985;11;12;12304314;2019;6;17;7;3;0;7;0;0;1;0;0;0;0;0;790030,3714;5836201,334;13,2831;52,59827
195986;11;4;4030417;2019;6;18;7;3;1;5;0;1;1;0;0;0;0;0;791006,7179;5826540,588;13,289;52,51114
195987;11;4;4051448;2019;6;9;7;3;5;3;0;1;1;0;0;0;0;0;793655,4439;5825258,56;13,32679;52,49823
195988;11;10;10040933;2019;6;18;7;3;0;1;0;0;0;0;1;0;0;0;812227,366;5824567,24;13,59886;52,48172
195989;11;9;9010401;2019;6;14;7;3;0;1;0;1;0;0;0;0;0;0;805974,9383;5819890,365;13,50279;52,44335
195990;11;7;7030303;2019;6;21;7;2;9;1;0;0;0;0;1;0;0;0;795411,7678;5821010,042;13,34882;52,45919
195991;11;4;4031032;2019;6;20;7;3;5;2;0;0;1;0;1;0;0;0;791634,266;5824512,515;13,29645;52,49262
195992;11;2;2010101;2019;6;13;7;2;6;7;0;0;1;1;0;0;0;0;797690,6301;5826000,877;13,38672;52,50269
195993;11;5;5020627;2019;6;18;7;2;2;6;0;0;1;0;1;0;0;0;784992,099;5828458,301;13,20226;52,53151
195994;11;1;1033202;2019;6;13;7;3;0;1;0;1;0;0;0;0;0;0;797673,9612;5829618,595;13,38971;52,53513
195995;11;7;7020203;2019;6;7;7;3;2;2;0;1;0;0;0;0;0;0;795723,8852;5824490,059;13,35649;52,49022
195996;11;2;2050802;2019;6;15;7;2;5;2;0;1;0;0;0;0;1;0;802079,7237;5827361,478;13,45242;52,51248
195997;11;4;4030623;2019;6;3;7;3;1;5;2;0;1;0;1;0;0;0;793784,846;5826615,788;13,32989;52,51032
195998;11;12;12103218;2019;6;11;7;3;0;2;0;0;1;0;0;0;1;0;794856,3217;5833052,878;13,35134;52,56745
195999;11;8;8020728;2019;6;13;7;3;5;3;0;0;1;0;1;0;0;0;802314,8527;5817143,618;13,44662;52,42076
196000;11;12;12301203;2019;6;12;7;2;5;3;0;1;1;0;0;0;0;0;792931,4039;5835312,942;13,32502;52,58875
196001;11;12;12302110;2019;6;11;7;2;0;7;0;0;1;0;0;0;1;0;795118,0713;5836341,82;13,35812;52,59679
196002;11;11;11030720;2019;6;11;7;3;0;7;0;1;0;0;0;0;0;0;805424,8438;5830023,491;13,50401;52,53447
196003;11;9;9051701;2019;6;12;7;3;0;7;0;1;0;0;0;0;0;0;812489,7193;5821265,912;13,59962;52,45199
196004;11;4;4030726;2019;6;3;7;3;5;3;1;0;1;0;1;0;0;0;792286,4811;5825467,625;13,30687;52,50084
196005;11;9;9020701;2019;6;11;7;3;5;2;0;1;1;0;0;0;0;0;809404,156;5818446,512;13,55175;52,42848
196006;11;6;6040807;2019;6;21;7;3;5;3;2;0;1;0;0;0;0;0;789852,4479;5818776,96;13,2653;52,44215
196007;11;3;3061131;2019;6;11;7;3;5;2;0;1;1;0;0;0;0;0;799183,6005;5831223,943;13,41335;52,5487
196008;11;3;3040614;2019;6;9;7;3;0;1;0;1;0;0;0;0;0;0;797564,5689;5833279,25;13,39139;52,56801
196009;11;6;6020301;2019;6;20;7;3;1;5;0;1;1;0;0;0;0;0;795834,2906;5819062,839;13,3533;52,44151
196010;11;10;10040830;2019;6;20;7;3;2;2;0;1;1;0;0;0;0;0;810420,9078;5825090,945;13,57283;52,48745
196011;11;12;12224230;2019;6;10;7;3;2;3;0;0;1;0;0;0;0;0;786700,5623;5837661,209;13,23534;52,61312
196012;11;7;7010102;2019;6;10;7;3;7;7;0;1;0;0;0;0;1;0;795510,5668;5825542,12;13,35429;52,49977
196013;11;2;2020206;2019;6;19;7;3;2;6;0;0;1;0;0;0;0;0;799688,669;5824489,659;13,41471;52,48806
196014;11;6;6010205;2019;6;2;7;3;0;1;2;1;0;0;0;0;0;0;795363,8465;5819975,487;13,34721;52,44995
196015;11;4;4041134;2019;6;11;7;3;1;5;0;1;1;0;0;0;0;0;790770,4461;5823532,202;13,28291;52,48429
196016;11;1;1011301;2019;6;16;6;3;0;1;0;1;0;0;0;0;0;0;796907,6167;5828126,641;13,37712;52,52218
196017;11;6;6010102;2019;6;15;6;3;0;1;0;0;0;0;1;0;0;0;793639,2256;5821079,302;13,32287;52,46077
196018;11;5;5020419;2019;6;19;7;2;6;4;0;0;1;1;0;0;0;0;781781,1144;5828430,033;13,15503;52,53293
196019;11;4;4020311;2019;6;9;6;3;5;3;0;0;1;0;1;0;0;0;789055,2407;5826997,448;13,26073;52,51627