OBJECTID;LAND;BEZ;LOR;UJAHR;UMONAT;USTUNDE;UWOCHENTAG;UKATEGORIE;UART;UTYP1;ULICHTVERH;IstRad;IstPKW;IstFuss;IstKrad;IstGkfz;IstSonstige;USTRZUSTAND;LINREFX;LINREFY;XGCSWGS84;YGCSWGS84
196020;11;9;9041501;2019;6;19;7;3;5;3;0;1;1;0;0;0;0;0;810878,6281;5820660,767;13,57542;52,44749
196021;11;9;9010401;2019;6;15;6;2;5;3;0;0;1;0;1;0;0;0;805870,9398;5821259,364;13,50252;52,45568
196022;11;3;3061227;2019;6;18;7;2;5;3;0;0;1;0;0;0;0;0;799879,9166;5831734,796;13,42405;52,55289
196023;11;4;4020311;2019;6;15;6;3;2;6;0;0;1;0;0;0;0;0;789162,477;5826895,477;13,26221;52,5153
196024;11;4;4051653;2019;6;18;7;3;5;2;0;1;1;0;0;0;0;0;794004,2382;5824258,593;13,33103;52,48908
196025;11;5;5030730;2019;6;14;6;3;2;6;0;0;1;0;0;0;0;0;786453,4933;5829186,232;13,22437;52,53727
196026;11;7;7030303;2019;6;14;6;3;0;6;0;0;1;0;1;0;0;0;795252,1074;5822139,745;13,34748;52,46941
196027;11;5;5010101;2019;6;17;7;3;2;6;0;0;1;0;1;0;0;0;785358,709;5832589,902;13,2112;52,56836
196028;11;6;6010101;2019;6;17;7;3;5;3;0;1;1;0;0;0;0;0;793382,6023;5820367,727;13,31848;52,45453
196029;11;4;4041344;2019;6;13;6;2;5;3;0;0;1;0;0;0;1;0;792806,3943;5821859,738;13,31133;52,46821
196030;11;1;1011303;2019;6;9;6;3;6;4;0;0;1;1;0;0;0;0;799723,66;5827462,378;13,4179;52,51468
196031;11;1;1033201;2019;6;19;7;3;2;6;0;0;1;0;1;0;0;0;797466,635;5831098,464;13,38799;52,54851
196032;11;9;9041403;2019;6;12;6;3;5;3;0;1;1;0;0;0;0;0;812998,4052;5820006,8;13,6059;52,44042
196033;11;3;3030715;2019;6;16;7;3;5;2;0;0;1;0;0;0;0;0;801044,3849;5833835,646;13,44308;52,57108
196034;11;1;1022104;2019;6;14;6;3;2;6;0;0;1;0;0;0;0;0;794440,3329;5828436,667;13,34113;52,52629
196035;11;2;2050801;2019;6;16;7;3;1;5;0;1;1;0;0;0;0;0;802328,4432;5827471,481;13,45618;52,51333
196036;11;1;1011303;2019;6;16;6;3;4;6;0;1;0;0;0;0;0;0;799287,8883;5828108,544;13,41208;52,52071
196037;11;5;5010314;2019;6;9;6;2;6;7;0;0;0;1;0;0;1;0;785020,0726;5829094,617;13,20322;52,5372
196038;11;9;9051901;2019;6;15;6;3;2;6;0;0;1;0;0;0;0;0;810645,713;5821063,027;13,57238;52,45122
196039;11;4;4041137;2019;6;9;6;3;1;5;0;0;1;0;0;1;0;0;791522,5774;5824029,213;13,29439;52,48835
196040;11;5;5010311;2019;6;16;6;3;0;1;0;1;0;0;0;0;0;0;786156,5704;5830484,251;13,22113;52,54906
196041;11;12;12214424;2019;6;17;6;3;2;5;0;0;1;0;1;0;0;0;792467,8448;5832861,597;13,31604;52,56702
196042;11;9;9041301;2019;6;9;6;3;5;3;0;1;1;0;0;0;0;0;811910,1131;5817897,505;13,58797;52,42214
196043;11;1;1011302;2019;6;8;6;3;5;2;0;1;0;0;0;0;1;0;798131,474;5828444,262;13,39539;52,52436
196044;11;1;1011304;2019;6;9;6;3;5;2;0;1;1;0;0;0;0;0;799726,7969;5827764,924;13,41822;52,51739
196045;11;5;5010208;2019;6;8;6;3;2;6;0;0;1;0;0;0;0;0;784148,9657;5830052,495;13,19123;52,54624
196046;11;7;7040405;2019;6;11;6;3;6;4;0;1;0;1;0;0;0;0;798174,6541;5821908,313;13,39017;52,46575
196047;11;1;1044202;2019;6;8;6;3;5;3;0;1;1;0;0;0;0;0;795020,9372;5830107,059;13,35115;52,54095
196048;11;7;7010101;2019;6;19;6;3;5;7;0;0;1;0;1;0;0;0;794778,6242;5825692,749;13,34367;52,50151
196049;11;3;3061430;2019;6;8;6;3;6;7;0;0;1;1;0;0;0;0;801985,7871;5829703,369;13,45317;52,53352
196050;11;2;2020203;2019;6;18;6;3;5;3;0;1;1;0;0;0;0;0;797810,7721;5824934,53;13,38753;52,49307
196051;11;7;7060603;2019;6;8;6;3;5;3;0;0;1;0;1;0;0;0;798051,5519;5816719,985;13,38374;52,41931
196052;11;6;6040809;2019;6;7;6;3;5;2;0;0;1;0;1;0;0;0;792226,0834;5820532,067;13,30165;52,45662
196053;11;12;12214125;2019;6;17;6;3;2;2;0;0;1;0;0;0;0;0;791188,7422;5830906,307;13,2955;52,55018
196054;11;9;9020701;2019;6;17;6;3;5;2;0;1;1;0;0;0;0;0;807811,9852;5818556,036;13,5285;52,43036
196055;11;6;6040804;2019;6;5;6;3;2;6;1;0;1;0;0;1;0;0;788066,2409;5818623,272;13,23896;52,44172
196056;11;8;8010303;2019;6;23;6;3;1;5;2;1;1;0;0;0;0;0;801267,9055;5823819,425;13,43729;52,48118
196057;11;3;3040614;2019;6;8;6;3;6;2;0;0;1;1;0;0;0;0;798594,7018;5833050,082;13,40633;52,56539
196058;11;1;1011303;2019;6;21;6;3;6;4;1;0;1;1;0;0;0;0;799270,3715;5828501,482;13,41217;52,52425
196059;11;4;4020313;2019;6;8;6;3;5;2;0;0;1;0;0;0;0;0;790210,2683;5826040,525;13,27687;52,50708
196060;11;1;1011303;2019;6;20;6;3;5;2;1;0;1;0;0;0;0;0;799242,9516;5828468,574;13,41174;52,52397
196061;11;2;2020203;2019;6;1;6;2;5;3;2;1;1;0;0;0;0;0;797814,7878;5824933,508;13,38759;52,49306
196062;11;4;4020311;2019;6;8;6;3;5;2;0;1;1;0;0;0;0;0;790220,0386;5826436,092;13,27735;52,51062
196063;11;1;1011201;2019;6;0;6;3;5;3;2;1;1;0;0;0;0;0;797587,3122;5826522,387;13,38567;52,50743
196064;11;1;1011302;2019;6;18;6;2;0;7;0;1;0;0;0;0;0;0;797777,9177;5828812,525;13,39052;52,52785
196065;11;10;10010309;2019;6;7;6;3;5;3;0;1;1;0;0;0;0;0;807826,8034;5830174,684;13,53945;52,53448
196066;11;1;1011304;2019;6;18;6;3;6;4;0;0;1;1;0;0;0;0;799688,5395;5827847,177;13,41773;52,51815
196067;11;11;11051229;2019;6;18;6;3;5;2;0;1;1;0;0;0;0;0;804083,1975;5825984,516;13,4806;52,49902
196068;11;5;5020522;2019;6;7;6;3;3;6;0;0;1;0;1;0;0;0;781901,739;5827169,857;13,15573;52,52156
196069;11;7;7060604;2019;6;18;6;3;5;2;0;1;1;0;0;0;0;0;797598,0063;5815556,343;13,37605;52,40912
196070;11;1;1011202;2019;6;6;6;3;5;2;0;1;1;0;0;0;0;0;797204,0024;5827496,82;13,38091;52,51637
196071;11;1;1022103;2019;6;17;6;2;3;6;0;0;1;0;1;0;0;0;794606,7096;5829862,108;13,34484;52,53898
196072;11;2;2050802;2019;6;3;6;3;1;5;2;1;1;0;0;0;0;0;802688,1482;5826982,62;13,46102;52,50875
196073;11;2;2050801;2019;6;18;6;3;2;6;0;1;1;0;0;0;0;0;803176,406;5827273,126;13,46845;52,51108
196074;11;8;8010510;2019;6;17;6;3;1;5;0;1;1;0;0;0;1;0;802640,7788;5823050,129;13,45675;52,47352
196075;11;2;2010104;2019;6;17;6;3;5;2;0;1;1;0;0;0;0;0;799443,8727;5825667,332;13,41217;52,49875
196076;11;12;12231101;2019;6;17;6;3;2;6;0;0;1;0;0;0;0;0;791117,7185;5838216,224;13,30088;52,61575
196077;11;5;5010313;2019;6;19;6;3;5;3;0;0;1;0;0;0;0;0;784464,9664;5830252,731;13,19605;52,54787
196078;11;3;3020307;2019;6;7;6;3;5;3;0;0;1;1;0;0;0;0;800127,0951;5838393,371;13,43371;52,61244
196079;11;7;7070704;2019;6;18;6;3;8;1;0;1;0;0;0;0;0;0;800889,6214;5814179,307;13,42306;52,39498
196080;11;1;1033101;2019;6;9;6;3;3;6;0;1;0;0;0;1;0;0;797694,5379;5832873,169;13,39293;52,56429
196081;11;7;7050501;2019;6;8;6;3;5;3;0;0;1;0;0;0;1;0;797626,4255;5819188,068;13,3797;52,44166
196082;11;1;1011401;2019;6;17;5;2;2;6;0;1;0;0;0;0;0;0;797458,8939;5829358,004;13,38632;52,53291
196083;11;6;6040806;2019;6;22;6;3;1;1;2;0;1;0;0;0;0;0;789369,9158;5819784,569;13,25909;52,45144
196084;11;3;3061227;2019;6;8;5;3;5;3;0;1;1;0;0;0;0;0;799979,6171;5831084,82;13,42493;52,54701
196085;11;1;1022106;2019;6;21;6;2;5;2;0;1;1;0;0;0;0;0;793677,3866;5828111,168;13,32963;52,52379
196086;11;6;6040703;2019;6;17;5;2;5;3;0;0;1;0;0;0;0;0;784844,9681;5817637,543;13,19085;52,43457
196087;11;12;12214422;2019;6;20;6;2;5;3;0;0;1;0;1;0;0;0;792179,331;5832939,686;13,31186;52,56788
196088;11;7;7040403;2019;6;17;5;3;0;6;0;0;1;0;1;0;0;0;797319,6897;5822213,205;13,37789;52,46894
196089;11;10;10020621;2019;6;17;5;3;6;4;0;0;1;1;0;0;0;0;811666,7278;5829777,461;13,59551;52,52874
196090;11;2;2010104;2019;6;18;6;2;6;4;0;1;0;1;0;0;0;0;799560,0778;5825641,268;13,41386;52,49845
196091;11;8;8010303;2019;6;13;6;3;6;4;0;0;0;1;0;1;0;0;801098,4716;5824025,187;13,43499;52,48312
196092;11;1;1044101;2019;6;13;1;3;1;5;0;1;1;0;0;0;0;0;794019,0199;5831277,951;13,33745;52,55199
196093;11;8;8010117;2019;6;12;1;3;3;6;0;1;1;0;0;0;0;0;800543,9811;5823346,857;13,42624;52,47734
196094;11;6;6040808;2019;6;18;1;3;2;6;0;0;1;0;0;0;0;0;788514,1907;5821515,899;13,24803;52,46741
196095;11;5;5020625;2019;6;21;1;2;8;1;1;0;1;0;0;0;0;0;784753,3385;5828581,715;13,19886;52,53274
196096;11;1;1011402;2019;6;18;1;3;0;1;0;0;0;0;1;0;0;0;798758,7928;5829624,01;13,40567;52,53459
196097;11;11;11051330;2019;6;20;7;3;0;7;0;1;0;0;0;0;0;0;807329,7314;5825201,54;13,52755;52,49019
196098;11;10;10040931;2019;6;15;7;3;0;1;0;0;0;0;1;0;0;0;814892,8074;5830051,045;13,64316;52,52933
196099;11;6;6040703;2019;6;12;7;3;1;7;0;0;1;0;0;0;0;0;786468,744;5818208,959;13,21516;52,43884
196100;11;4;4020311;2019;6;19;7;3;2;2;0;0;1;0;0;0;1;0;789926,1556;5826699,838;13,27327;52,51314
196101;11;8;8010509;2019;6;15;7;3;5;2;0;0;1;0;0;0;0;0;803662,6822;5822280,206;13,47105;52,46606
196102;11;2;2010101;2019;6;15;7;3;5;3;0;0;1;0;0;0;0;0;797716,289;5826179,602;13,38726;52,50428
196103;11;8;8020620;2019;6;15;7;3;5;3;0;0;1;0;1;0;0;0;800794,3418;5820562,893;13,42741;52,45225
196104;11;7;7050503;2019;6;16;7;3;5;2;0;0;1;0;1;0;0;0;798989,1417;5819646,353;13,4001;52,44503
196105;11;11;11040925;2019;6;16;7;3;3;6;0;1;1;0;0;0;0;0;803577,0645;5826408,68;13,47355;52,50311
196106;11;3;3040818;2019;6;17;7;3;5;3;0;1;1;0;0;0;0;0;800077,0339;5832605,305;13,42774;52,56059
196107;11;8;8020622;2019;6;17;7;3;2;6;0;0;1;0;0;0;0;0;801371,2548;5820107,426;13,43546;52,44785
196108;11;7;7010101;2019;6;19;7;3;5;3;0;1;1;0;0;0;0;0;794779,9884;5825688,517;13,34369;52,50148
196109;11;4;4030931;2019;6;20;7;3;2;6;0;0;1;0;0;0;0;0;793692,6992;5825808,045;13,32782;52,50313
196110;11;11;11030721;2019;6;20;7;3;5;3;0;1;0;0;0;0;1;0;803849,6161;5828641,286;13,47959;52,52297
196111;11;11;11040925;2019;6;21;7;3;0;1;1;1;1;0;0;0;0;0;803438,3148;5826586,783;13,47168;52,50478
196112;11;2;2010104;2019;6;21;7;3;2;6;1;0;1;0;1;0;0;0;799790,8183;5825718,222;13,41732;52,49901
196113;11;1;1011302;2019;6;14;7;3;5;3;0;1;1;0;0;0;0;0;798137,0135;5828442,249;13,39547;52,52433
196114;11;12;12214125;2019;6;12;7;3;1;1;0;0;1;0;0;0;0;0;788529,5317;5832712,046;13,25796;52,56778
196115;11;10;10030724;2019;6;11;7;3;5;3;0;0;1;0;0;0;0;0;808747,2662;5828182,196;13,55113;52,5161
196116;11;4;4031032;2019;6;11;7;3;0;5;0;0;1;0;0;0;1;0;791909,2331;5825218,881;13,30111;52,49881
196117;11;6;6030501;2019;6;10;7;3;5;3;0;0;1;0;0;1;0;0;788256,8152;5816714,181;13,24011;52,4245
196118;11;11;11051330;2019;6;16;7;3;5;2;0;0;0;0;0;0;1;0;807284,6831;5825416,928;13,52709;52,49214
196119;11;9;9031001;2019;6;10;7;3;5;3;0;0;1;0;1;0;0;0;809500,1362;5815220,251;13,55017;52,39951
196120;11;11;11040926;2019;6;9;7;3;5;3;0;1;1;0;0;0;0;0;806127,402;5826692,213;13,51127;52,50422
196121;11;1;1033201;2019;6;2;7;3;6;4;2;0;0;1;0;0;1;0;797448,7295;5831118,995;13,38775;52,5487
196122;11;10;10010204;2019;6;15;6;3;2;6;0;0;1;0;0;0;1;0;809414,5211;5832696,553;13,56513;52,55618
196123;11;3;3020209;2019;6;18;6;3;0;7;0;1;0;0;0;0;1;0;798529,6238;5834865,875;13,40701;52,5817
196124;11;8;8010301;2019;6;14;6;3;2;2;0;1;1;0;0;0;0;0;801451,1579;5823884,106;13,44004;52,48166
196125;11;11;11051229;2019;6;14;6;3;3;6;0;0;1;0;0;1;0;0;803747,3472;5826219,156;13,47588;52,50131
196126;11;5;5010101;2019;6;17;6;3;5;3;0;1;1;0;0;0;0;0;785974,282;5831370,339;13,21921;52,5571
196127;11;5;5010311;2019;6;16;6;2;1;5;0;1;1;0;0;0;0;0;785391,9325;5830557,463;13,20994;52,55012
196128;11;5;5020419;2019;6;16;6;3;2;6;0;0;1;0;0;1;0;0;781674,1502;5828417,981;13,15345;52,53287
196129;11;6;6010208;2019;6;16;6;2;3;6;0;1;1;0;0;0;0;0;794258,7934;5820834,525;13,33175;52,45824
196130;11;2;2050803;2019;6;15;6;3;2;6;0;1;1;0;0;0;0;0;803095,5944;5826046,294;13,46615;52,50013
196131;11;3;3051017;2019;6;13;6;3;1;5;0;1;1;0;0;0;0;0;802425,4349;5832979,443;13,46261;52,56264
196132;11;1;1011303;2019;6;13;6;3;2;6;0;1;0;0;0;0;0;0;799723,777;5827470,28;13,41791;52,51475
196133;11;7;7030303;2019;6;13;6;3;5;2;0;0;1;0;0;0;0;0;795238,5269;5822271,521;13,3474;52,4706
196134;11;3;3051021;2019;6;13;6;3;0;7;0;1;0;0;0;0;0;0;802840,5611;5832671,611;13,46844;52,55965
196135;11;8;8010212;2019;6;18;6;3;5;2;0;0;1;0;0;0;0;0;800716,043;5823421,96;13,42883;52,47792
196136;11;1;1022104;2019;6;13;6;3;5;2;0;0;1;0;1;0;0;0;794051,376;5828458,812;13,33543;52,5267
196137;11;4;4030623;2019;6;13;6;3;2;6;0;0;1;0;0;0;0;0;793253,59;5826900,807;13,32233;52,51317
196138;11;2;2040701;2019;6;14;6;3;0;1;0;0;0;0;1;0;0;0;800393,4203;5827136,074;13,42745;52,51139
196139;11;11;11010206;2019;6;15;6;3;2;6;0;0;1;0;0;0;1;0;805834,7317;5833784,124;13,5135;52,56795
196140;11;1;1011304;2019;6;13;6;3;5;2;0;0;1;0;0;0;0;0;799732,0611;5827555,884;13,41811;52,51552
196141;11;11;11051229;2019;6;13;6;3;0;7;0;0;0;0;1;0;0;1;803909,5861;5826114,748;13,47817;52,50029
196142;11;2;2040701;2019;6;20;6;3;1;5;1;1;1;0;0;0;1;0;800113,392;5827272,813;13,42346;52,51277
196143;11;9;9041301;2019;6;19;6;3;3;6;0;1;0;0;0;0;1;0;811977,8239;5819600,797;13,59055;52,43736
196144;11;10;10020517;2019;6;19;6;2;5;3;0;1;1;0;0;0;0;0;812477,9364;5830550,681;13,60815;52,5352
196145;11;4;4051446;2019;6;19;6;3;1;5;0;1;0;0;0;1;0;0;792402,3929;5825024,343;13,30818;52,4968
196146;11;8;8010118;2019;6;19;6;3;2;2;0;0;1;0;0;0;0;0;800906,8327;5822387,926;13,4307;52,46855
196147;11;1;1033201;2019;6;19;6;3;5;2;0;1;0;0;0;0;1;0;798507,8682;5830233,012;13,40252;52,54018
196148;11;2;2030302;2019;6;19;6;3;0;7;0;0;1;0;0;0;1;0;801284,1838;5826172,47;13,43966;52,50226
196149;11;2;2020206;2019;6;7;6;3;1;5;0;1;1;0;0;0;1;0;800173,1678;5824913,474;13,42221;52,49159
196150;11;2;2050802;2019;6;23;6;2;0;1;2;1;0;0;0;0;1;0;802082,435;5827156,891;13,45228;52,51064
196151;11;11;11020412;2019;6;7;6;2;5;2;0;1;1;0;0;0;0;0;805039,4318;5831492,936;13,49969;52,54786
196152;11;9;9020602;2019;6;6;6;3;6;4;0;1;0;1;0;0;0;0;807422,2715;5820375,443;13,52446;52,44688
196153;11;12;12214424;2019;6;5;6;3;5;3;0;0;1;0;0;0;0;0;792366,4402;5832894,671;13,31457;52,56737
196154;11;8;8010510;2019;6;13;6;3;5;3;0;1;1;0;0;0;0;0;803760,7238;5821804,904;13,47205;52,46174
196155;11;1;1022103;2019;6;13;6;3;2;2;0;0;1;0;0;0;1;0;794893,9524;5829531,041;13,34877;52,53586
196156;11;1;1011303;2019;6;9;6;3;1;5;0;1;1;0;0;0;1;0;799127,6154;5828535,426;13,41011;52,52463
196157;11;6;6030502;2019;6;12;6;3;5;3;0;1;1;0;0;0;0;0;790291,6775;5814814,205;13,2683;52,40639
196158;11;5;5040936;2019;6;10;6;3;4;6;0;1;1;0;0;0;0;0;780565,0735;5819431,543;13,12957;52,45287
196159;11;1;1011301;2019;6;11;6;3;6;4;0;1;0;1;0;0;0;0;796759,35;5829658,327;13,37631;52,53599
196160;11;6;6020301;2019;6;10;6;3;5;3;0;0;1;0;0;0;0;0;796249,1228;5818266,885;13,35868;52,43415
196161;11;10;10040933;2019;6;9;6;3;5;3;0;1;1;0;0;0;0;0;812639,5978;5825271,268;13,60557;52,4878
196162;11;9;9041501;2019;6;10;6;2;5;2;0;1;0;0;0;1;0;0;811359,0494;5820147,027;13,58199;52,44261
196163;11;10;10040933;2019;6;9;6;3;5;3;0;1;1;0;0;0;0;0;812397,9908;5824300,815;13,60111;52,47924
196164;11;1;1011103;2019;6;10;6;3;2;6;0;0;1;0;0;0;0;0;795431,9458;5826136,18;13,35366;52,50514
196165;11;8;8010117;2019;6;3;6;3;3;6;2;0;1;0;1;0;0;1;800554,0583;5823317,972;13,42636;52,47708
196166;11;2;2050802;2019;6;0;6;3;6;4;2;0;1;1;0;0;0;1;802300,848;5826853,551;13,45521;52,5078
196167;11;1;1022204;2019;6;11;6;2;1;5;0;1;1;0;0;0;1;0;795008,2986;5828190,565;13,34926;52,52378
196168;11;7;7040403;2019;6;21;5;3;3;6;2;0;1;0;0;0;0;0;797229,1153;5820686,625;13,37521;52,45531
196169;11;7;7030301;2019;6;13;5;3;4;6;0;1;1;0;0;0;0;0;794010,7499;5822557,936;13,32963;52,47383
196170;11;1;1011101;2019;6;9;5;3;0;2;0;1;0;0;0;1;0;1;794582,0687;5826069,829;13,34112;52,505
196171;11;1;1022203;2019;6;9;5;3;0;1;0;1;0;0;0;0;0;1;795100,871;5828490,344;13,35089;52,52642
196172;11;4;4030415;2019;6;8;5;3;2;2;0;1;1;0;0;0;0;1;790788,3612;5827382;13,28653;52,5188
196173;11;3;3040512;2019;6;21;5;3;5;3;2;0;1;0;0;0;0;1;795959,0921;5835566,649;13,36981;52,58938
196174;11;2;2040701;2019;6;22;5;3;1;1;2;1;1;0;0;0;0;0;800942,249;5827121,251;13,4355;52,51095
196175;11;2;2020206;2019;6;23;5;3;0;3;1;1;0;0;1;0;0;0;799216,292;5824569,704;13,40785;52,48903
196176;11;8;8041035;2019;6;7;5;3;5;3;0;1;1;0;0;0;0;0;803817,2599;5818828,564;13,47018;52,43503
196177;11;3;3061227;2019;6;7;5;3;2;6;0;0;1;0;0;0;0;0;800047,0644;5831277,186;13,42609;52,5487
196178;11;1;1011301;2019;6;7;5;3;5;2;0;1;1;0;0;0;0;0;796894,1706;5828896,359;13,37761;52,52908
196179;11;9;9020701;2019;6;6;5;3;5;3;0;1;1;0;0;0;0;0;808808,9339;5819002,66;13,54353;52,4338
196180;11;9;9051901;2019;6;0;5;3;0;1;2;0;1;0;1;0;0;0;811902,3621;5821592,221;13,59131;52,45525
196181;11;6;6040808;2019;6;23;5;1;0;1;2;1;0;0;0;0;0;0;789975,5042;5819789,372;13,26798;52,45116
196182;11;4;4051652;2019;6;8;5;3;6;4;0;0;1;1;0;0;0;1;793443,0739;5824197,879;13,32274;52,48883
196183;11;1;1044102;2019;6;8;5;3;5;3;0;1;1;0;0;0;0;1;795057,5563;5831479,296;13,35291;52,55323
196184;11;9;9030901;2019;6;8;5;2;5;2;0;1;1;0;0;0;0;1;807681,3886;5817730,987;13,52583;52,42304
196185;11;6;6020409;2019;6;2;5;3;1;1;2;0;1;0;0;0;0;1;793245,7142;5817228,686;13,31372;52,42646
196186;11;2;2040703;2019;6;2;5;3;0;1;2;1;0;0;0;0;0;1;801122,4259;5826607,599;13,43768;52,50625
196187;11;1;1011303;2019;6;20;5;2;6;4;0;0;1;1;0;0;0;0;799498,019;5828344,449;13,41538;52,52271
196188;11;9;9020501;2019;6;7;5;3;5;3;0;1;1;0;0;0;0;0;806066,3474;5823414,898;13,50736;52,47489
196189;11;4;4030724;2019;6;13;5;3;5;7;0;1;1;0;0;0;0;0;790828,8834;5826359,841;13,28623;52,50961
196190;11;2;2020205;2019;6;7;5;3;5;2;0;1;0;0;0;0;1;0;798127,4916;5824542,844;13,39183;52,48939
196191;11;7;7040403;2019;6;13;5;3;5;3;0;0;1;0;0;0;1;0;797288,6397;5821211,93;13,37655;52,45999
196192;11;1;1022103;2019;6;0;5;3;1;7;2;0;1;0;0;0;1;0;794687,3573;5829769,919;13,34594;52,53811
196193;11;2;2040703;2019;6;17;5;3;5;5;0;1;1;0;0;0;0;0;801442,4418;5826397,186;13,44219;52,50419
196194;11;8;8020619;2019;6;14;5;3;1;5;0;0;1;0;0;0;0;0;801533,4904;5820711,273;13,43838;52,45317
196195;11;6;6020410;2019;6;16;5;3;2;6;0;0;1;0;1;0;0;0;794221,3344;5817537,85;13,3283;52,42871
196196;11;3;3010101;2019;6;15;5;3;5;3;0;1;1;0;0;0;0;0;804139,263;5841911,784;13,49603;52,64174
196197;11;4;4030931;2019;6;16;5;3;1;5;0;1;1;0;0;0;0;0;794498,7549;5825888,791;13,33974;52,50342
196198;11;4;4031032;2019;6;13;5;3;3;6;0;0;1;0;1;0;0;0;791763,7553;5824823,547;13,29862;52,49534
196199;11;12;12224230;2019;6;12;5;3;5;3;0;0;1;0;1;0;0;0;787552,434;5837345,792;13,24761;52,60984
196200;11;6;6020411;2019;6;16;5;3;5;2;0;0;1;0;0;0;0;0;793923,2296;5815474,628;13,32211;52,41037
196201;11;9;9020701;2019;6;16;5;3;5;3;0;1;1;0;0;0;0;0;807922,3341;5819889,065;13,53135;52,44224
196202;11;2;2030301;2019;6;11;5;3;5;3;0;0;1;0;0;0;0;0;799718,5267;5826304,694;13,41678;52,50431
196203;11;5;5020625;2019;6;15;5;3;5;2;0;1;1;0;0;0;0;0;784453,4907;5828664,903;13,19452;52,53364
196204;11;9;9041301;2019;6;12;5;2;5;3;0;0;1;0;1;0;0;0;814256,0662;5818409,294;13,62284;52,42538
196205;11;4;4030930;2019;6;19;5;3;6;4;0;0;1;1;0;0;0;0;792837,5394;5825442,086;13,31494;52,50031
196206;11;5;5030832;2019;6;11;5;3;5;7;0;0;1;0;1;0;0;0;788745,393;5830467,918;13,25919;52,54755
196207;11;8;8010404;2019;6;15;5;3;5;3;0;1;1;0;0;0;0;0;801999,3857;5823303,605;13,44756;52,47615
196208;11;2;2030302;2019;6;19;5;3;2;5;0;1;1;0;0;0;0;0;800303,845;5825827,901;13,42495;52,49971
196209;11;11;11051330;2019;6;11;4;3;5;2;0;1;1;0;0;0;0;0;807271,3787;5825411,435;13,52689;52,4921
196210;11;8;8010404;2019;6;8;4;3;1;5;0;1;1;0;0;0;0;0;802000,8727;5823314,615;13,4476;52,47625
196211;11;8;8020622;2019;6;11;5;3;5;3;0;0;1;0;0;0;0;1;801510,2358;5820188,838;13,43757;52,4485
196212;11;4;4051445;2019;6;11;5;3;6;4;0;0;1;1;0;0;0;1;792027,3718;5824089,229;13,30185;52,48862
196213;11;2;2010102;2019;6;13;4;3;6;4;0;0;1;1;0;0;0;0;797897,933;5826459,693;13,39018;52,50669
196214;11;8;8020622;2019;6;18;5;2;6;4;0;0;1;1;0;0;0;0;801426,2378;5820256,923;13,4364;52,44916
196215;11;4;4030724;2019;6;16;4;3;6;4;0;1;0;1;0;0;0;0;790784,2734;5826169,737;13,28541;52,50793
196216;11;1;1033102;2019;6;10;5;3;3;6;0;1;1;0;0;0;0;0;797023,4843;5831466,969;13,38181;52,55206
196217;11;7;7030301;2019;6;15;4;3;3;2;0;0;1;0;1;0;0;0;793943,1746;5822260,038;13,32837;52,47119
196218;11;2;2030402;2019;6;7;5;3;0;6;0;1;0;0;0;1;0;0;801963,6592;5825636,33;13,44915;52,49708
196219;11;3;3040818;2019;6;15;4;2;1;5;0;1;1;0;0;0;0;0;798867,4946;5832398,711;13,40976;52,5594
196220;11;7;7030301;2019;6;15;4;3;5;2;0;0;1;0;0;0;0;0;794241,6791;5822036,555;13,33256;52,46903
196221;11;6;6040809;2019;6;10;5;3;5;2;0;1;1;0;0;0;0;0;792176,1778;5820442,719;13,30084;52,45585
196222;11;1;1011302;2019;6;15;4;3;3;6;0;0;1;0;1;0;0;0;798427,42;5829045,267;13,40028;52,52958
196223;11;1;1022204;2019;6;9;5;2;6;4;0;0;1;1;0;0;0;1;795217,972;5828240,532;13,35239;52,52412
196224;11;1;1011204;2019;6;14;4;3;2;6;0;1;0;0;0;0;1;0;798345,6463;5827453,853;13,39765;52,51536
196225;11;7;7040403;2019;6;18;5;3;2;2;0;0;1;0;0;0;0;0;797861,339;5821928,636;13,38559;52,4661
196226;11;4;4030519;2019;6;14;4;3;5;2;0;1;1;0;0;0;0;0;792222,6675;5828623,635;13,3087;52,52916
196227;11;7;7020202;2019;6;17;5;3;2;6;0;0;1;0;0;0;0;0;794990,2762;5823578,844;13,34491;52,48245
196228;11;4;4051652;2019;6;13;4;3;5;5;0;1;1;0;0;0;0;0;793449,0679;5824323,281;13,32294;52,48995
196229;11;1;1011401;2019;6;13;4;2;0;2;0;1;1;0;0;0;0;0;798305,4323;5829373,286;13,39878;52,53259
196230;11;1;1044201;2019;6;18;5;3;5;3;0;0;1;0;0;0;0;0;796690,7013;5831748,868;13,37716;52,55476
196231;11;2;2030301;2019;6;17;5;3;5;2;0;1;0;0;0;0;1;0;799704,0752;5826013,821;13,41631;52,50171
196232;11;2;2050801;2019;6;13;4;3;6;4;0;0;1;1;0;0;0;0;803019,4482;5827018,88;13,46592;52,50889
196233;11;1;1044201;2019;6;13;4;3;5;2;0;0;1;0;0;0;0;0;795678,6581;5830932,866;13,36155;52,548
196234;11;1;1044101;2019;6;17;5;3;2;2;0;0;1;0;1;0;0;0;794008,0072;5830202,144;13,33634;52,54235
196235;11;1;1011302;2019;6;12;4;3;5;5;0;0;1;0;1;0;0;0;797641,3366;5828756,827;13,38846;52,52743
196236;11;7;7010101;2019;6;12;4;3;5;2;0;1;1;0;0;0;0;0;794985,0787;5824900,244;13,346;52,4943