OBJECTID;LAND;BEZ;LOR;UJAHR;UMONAT;USTUNDE;UWOCHENTAG;UKATEGORIE;UART;UTYP1;ULICHTVERH;IstRad;IstPKW;IstFuss;IstKrad;IstGkfz;IstSonstige;USTRZUSTAND;LINREFX;LINREFY;XGCSWGS84;YGCSWGS84
196237;11;4;4010101;2019;6;18;5;2;6;4;0;0;1;1;0;0;0;0;790674,9891;5829758,731;13,28694;52,54017
196238;11;1;1022103;2019;6;9;5;3;0;6;0;0;1;0;1;0;0;0;793418,647;5829470,748;13,32703;52,53611
196239;11;4;4030931;2019;6;22;4;3;6;4;2;0;0;1;1;0;0;0;794032,7402;5826209,647;13,33317;52,50655
196240;11;4;4010102;2019;6;16;5;3;5;7;0;0;1;0;1;0;0;0;793252,6105;5830068,649;13,32511;52,54156
196241;11;12;12301204;2019;6;22;4;3;1;5;2;0;1;0;0;0;0;0;792916,4273;5836689,176;13,32602;52,60109
196242;11;2;2050803;2019;6;9;5;3;3;6;0;0;1;0;0;0;1;1;802502,3945;5826219,904;13,4576;52,50201
196243;11;9;9041301;2019;6;21;4;3;5;3;1;0;1;0;1;0;0;0;813764,0433;5818822,444;13,61601;52,42936
196244;11;7;7040401;2019;6;9;5;3;0;4;0;0;0;1;0;0;1;0;797610,531;5823891,366;13,38366;52,48383
196245;11;1;1011302;2019;6;20;4;3;3;6;1;1;1;0;0;0;0;0;798647,9889;5828488,561;13,40302;52,52447
196246;11;4;4010101;2019;6;19;4;3;5;3;0;0;1;0;0;0;0;0;791285,631;5830682,739;13,29673;52,54812
196247;11;9;9051901;2019;6;9;5;3;1;1;0;1;1;0;0;0;0;1;810749,8831;5821396,986;13,57422;52,45416
196248;11;2;2010102;2019;6;19;4;3;5;2;0;1;1;0;0;0;0;0;798713,3573;5826435,194;13,40213;52,50603
196249;11;1;1033102;2019;6;8;5;3;0;2;0;0;1;0;1;0;0;1;797363,2471;5831193,192;13,38656;52,54942
196250;11;4;4031032;2019;6;18;4;3;6;4;0;1;0;1;0;0;0;0;791083,3915;5824929,304;13,28872;52,49665
196251;11;9;9020601;2019;6;17;5;3;5;2;0;1;1;0;0;0;0;0;805833,5457;5821886,401;13,50254;52,46132
196252;11;5;5010101;2019;6;17;4;3;2;6;0;0;1;0;0;0;0;0;785879,4213;5831725,117;13,21812;52,56033
196253;11;1;1033203;2019;6;10;5;3;0;1;0;0;0;0;1;0;0;1;796728,0277;5830461,229;13,37656;52,5432
196254;11;6;6040810;2019;6;17;4;3;5;2;0;1;1;0;0;0;0;0;790152,1911;5819783,649;13,27057;52,45102
196255;11;1;1011301;2019;6;17;4;3;1;5;0;1;1;0;0;0;0;0;797113,2349;5829247,211;13,38114;52,53211
196256;11;3;3061131;2019;6;16;5;3;4;1;0;0;1;0;0;0;0;1;798878,8259;5830381,999;13,40811;52,54132
196257;11;4;4010103;2019;6;15;5;3;3;6;0;0;1;0;0;0;0;0;791203,9276;5829151,275;13,29419;52,53444
196258;11;10;10010308;2019;6;10;4;3;0;2;0;0;1;0;1;0;0;0;806333,3389;5830184,991;13,51751;52,53541
196259;11;2;2040503;2019;6;10;4;3;2;6;0;0;1;0;1;0;0;0;801560,0203;5828840,491;13,44613;52,52602
196260;11;1;1011303;2019;6;15;5;3;6;4;0;0;1;1;0;0;0;0;799480,0961;5828849,4;13,41557;52,52725
196261;11;9;9010101;2019;6;9;4;3;2;6;0;1;1;0;0;0;0;0;802242,9308;5825199,27;13,45286;52,49301
196262;11;4;4020310;2019;6;15;5;3;0;2;0;1;1;0;0;0;0;0;788245,9272;5827790,604;13,24952;52,52381
196263;11;6;6020304;2019;6;9;4;3;6;2;0;0;1;1;0;0;0;0;794733,0789;5817795,511;13,33603;52,43074
196264;11;3;3040614;2019;6;8;4;3;1;1;0;0;1;0;0;0;1;0;798740,3538;5833135,11;13,40855;52,56607
196265;11;2;2030302;2019;6;8;4;3;2;6;0;1;0;0;0;0;0;0;801069,5916;5826326,356;13,43665;52,50376
196266;11;3;3061429;2019;6;8;5;3;0;1;0;1;0;0;0;0;0;1;801913,4694;5830916,313;13,45321;52,54443
196267;11;1;1011303;2019;6;8;4;3;5;2;0;1;1;0;0;0;0;0;799235,8031;5828467,756;13,41164;52,52396
196268;11;1;1033201;2019;6;18;4;2;5;3;0;0;1;0;0;0;0;0;798084,3445;5829984,001;13,39607;52,53818
196269;11;11;11030720;2019;6;8;4;3;2;6;0;0;1;0;0;0;0;0;804435,7686;5829898,21;13,48936;52,5339
196270;11;3;3010102;2019;6;8;4;3;5;3;0;1;1;0;0;0;0;0;804063,8289;5839911,95;13,49307;52,62386
196271;11;2;2020206;2019;6;14;4;3;0;3;0;1;0;0;0;0;0;1;799632,4793;5825054,91;13,41439;52,49315
196272;11;10;10020412;2019;6;7;4;3;2;6;0;0;1;0;0;0;0;0;811289,8831;5831966,889;13,59202;52,54857
196273;11;1;1011301;2019;6;7;4;3;1;5;0;1;1;0;0;0;0;0;797039,33;5828402,712;13,3793;52,52458
196274;11;4;4030519;2019;6;23;4;3;0;1;2;0;1;0;1;0;0;0;792185,4665;5827963,933;13,30757;52,52327
196275;11;7;7050505;2019;6;7;4;3;2;6;0;0;1;0;0;0;0;0;798974,1798;5817309,404;13,39779;52,42409
196276;11;7;7050505;2019;6;21;4;3;6;4;0;0;0;1;0;0;1;0;798509,097;5819046,321;13,39252;52,43991
196277;11;3;3061430;2019;6;6;4;3;6;4;0;1;0;1;0;0;0;0;801953,9555;5829749,805;13,45274;52,53395
196278;11;2;2020203;2019;6;4;4;3;3;6;1;0;1;0;0;0;0;0;797749,0954;5824294,587;13,38606;52,48737
196279;11;8;8010508;2019;6;20;4;3;5;3;0;0;1;0;0;0;0;0;803432,0017;5822935,222;13,46826;52,47206
196280;11;12;12214527;2019;6;19;4;3;5;3;0;0;1;0;1;0;0;0;789711,3505;5834707,826;13,2771;52,58505
196281;11;7;7040405;2019;6;12;4;2;5;3;0;1;0;0;0;0;1;0;798863,1603;5821766,238;13,40015;52,4641
196282;11;3;3040513;2019;6;11;4;3;0;2;0;0;1;0;1;0;0;0;796539,4217;5834273,802;13,3772;52,57748
196283;11;1;1044202;2019;6;18;4;3;1;5;0;1;1;0;0;0;0;0;795662,4248;5830548,304;13,36097;52,54456
196284;11;1;1011306;2019;6;11;4;3;6;7;0;0;0;1;0;0;1;0;800092,0892;5826414,991;13,42237;52,50509
196285;11;10;10010204;2019;6;17;4;3;5;3;0;1;1;0;0;0;0;0;810056,4193;5832605,828;13,57448;52,555
196286;11;2;2010101;2019;6;10;4;3;3;6;0;1;0;0;0;0;0;0;797149,6371;5826435,473;13,37916;52,50689
196287;11;1;1022206;2019;6;22;4;3;0;2;2;0;1;0;0;0;1;0;796115,1037;5828431,086;13,36574;52,52534
196288;11;10;10010310;2019;6;10;4;3;0;2;0;0;1;0;0;0;1;0;809129,0323;5830468,046;13,55886;52,53637
196289;11;1;1011204;2019;6;9;4;3;5;2;0;0;1;0;0;0;0;0;798699,3097;5827083,718;13,40251;52,51185
196290;11;4;4051445;2019;6;10;4;3;5;3;0;1;0;0;0;0;0;0;791946,6451;5824178,495;13,30074;52,48946
196291;11;6;6010101;2019;6;13;4;3;5;3;0;0;1;0;0;0;1;0;793312,0413;5820739,027;13,31777;52,4579
196292;11;5;5020625;2019;6;9;4;2;5;2;0;0;1;0;0;0;0;0;783862,0486;5827897,751;13,18517;52,52707
196293;11;1;1011304;2019;6;18;4;3;0;7;0;1;0;0;0;0;0;0;799550,2668;5828083,718;13,41591;52,52035
196294;11;1;1022101;2019;6;11;3;3;3;6;0;0;0;0;1;0;1;0;793655,2031;5828118,928;13,32931;52,52387
196295;11;1;1044201;2019;6;9;4;3;2;6;0;0;1;0;0;0;0;0;796750,1651;5831913,295;13,37818;52,55621
196296;11;1;1022201;2019;6;10;3;3;5;2;0;1;1;0;0;0;0;0;795041,1803;5829166,323;13,35061;52,53251
196297;11;5;5030833;2019;6;8;4;3;5;2;0;1;1;0;0;0;0;0;789404,391;5828683,603;13,26732;52,5312
196298;11;8;8010404;2019;6;21;3;3;1;5;0;1;1;0;0;0;0;0;801446,1814;5823761,021;13,43986;52,48056
196299;11;7;7060604;2019;6;7;4;3;1;5;0;1;1;0;0;0;0;0;795745,5602;5815157,115;13,34855;52,40655
196300;11;2;2050802;2019;6;20;3;3;2;6;0;0;1;0;0;0;0;0;802036,7038;5827168,082;13,45162;52,51077
196301;11;6;6010103;2019;6;7;4;3;1;5;0;0;0;0;1;0;1;0;793726,2642;5821460,653;13,32449;52,46414
196302;11;4;4010101;2019;6;13;3;3;2;6;0;0;0;0;1;1;0;0;791411,1408;5830685,449;13,29858;52,54808
196303;11;7;7070704;2019;6;13;3;3;5;2;0;1;1;0;0;0;0;0;800641,2479;5814140,639;13,41939;52,39477
196304;11;10;10040933;2019;6;7;4;3;5;3;0;1;1;0;0;0;0;0;813174,7641;5825652,483;13,61378;52,49091
196305;11;2;2040701;2019;6;10;3;3;3;6;0;0;1;0;0;0;1;0;800692,5516;5827569,598;13,43223;52,51511
196306;11;6;6040806;2019;6;7;4;3;5;3;0;1;0;0;0;0;0;0;788927,5468;5819640,604;13,25247;52,45038
196307;11;12;12103117;2019;6;13;3;3;5;3;0;1;1;0;0;0;0;0;795925,5955;5832888,91;13,36693;52,5654
196308;11;5;5020417;2019;6;12;3;3;5;2;0;1;0;0;0;1;0;0;782825,6295;5828572,342;13,17051;52,53366
196309;11;9;9020802;2019;6;7;4;2;5;2;0;1;1;0;0;0;0;0;810166,8813;5819568,605;13,56397;52,4381
196310;11;2;2050803;2019;6;11;3;3;3;6;0;0;1;0;0;0;1;0;803020,4986;5825763,363;13,46479;52,49763
196311;11;2;2040703;2019;6;6;4;3;5;2;0;0;1;0;0;0;0;0;801476,9449;5827258,571;13,44347;52,51189
196312;11;10;10020622;2019;6;11;3;2;3;6;0;1;0;0;0;0;1;0;810691,379;5827997,283;13,57951;52,51334
196313;11;7;7040401;2019;6;1;4;3;2;6;2;1;1;0;0;0;0;0;797306,9864;5823476,706;13,37883;52,48028
196314;11;1;1044103;2019;6;10;3;2;5;5;0;0;1;0;1;0;0;0;794733,8245;5830405,047;13,34719;52,54378
196315;11;3;3051021;2019;6;7;4;3;0;7;0;1;0;0;0;0;0;0;802933,6883;5832275,027;13,46945;52,55604
196316;11;1;1033201;2019;6;10;3;3;2;6;0;0;1;0;0;0;0;0;798462,3493;5830198,647;13,40182;52,5399
196317;11;4;4020310;2019;6;19;3;3;4;2;0;0;1;0;0;0;0;0;790565,9197;5827336,214;13,28322;52,51851
196318;11;8;8020625;2019;6;16;4;3;5;2;0;1;0;0;0;0;1;0;801545,417;5819189,846;13,43719;52,43953
196319;11;2;2010103;2019;6;16;4;3;5;3;0;1;1;0;0;0;0;0;799402,3208;5825915,846;13,41179;52,501
196320;11;2;2020204;2019;6;8;3;3;5;2;0;1;1;0;0;0;0;0;798490,6547;5825224,92;13,39778;52,4953
196321;11;7;7020202;2019;6;15;4;3;1;5;0;1;1;0;0;0;0;0;794566,9344;5823418,705;13,33855;52,48124
196322;11;3;3050920;2019;6;8;3;3;5;3;0;1;1;0;0;0;0;0;802037,8121;5832161,649;13,45617;52,55552
196323;11;11;11020412;2019;6;13;4;3;6;4;0;0;0;1;0;0;1;0;804948,4479;5831404,184;13,49827;52,54711
196324;11;2;2020205;2019;6;8;3;3;5;2;0;1;0;0;0;0;0;0;798500,5236;5824510,45;13,39728;52,48889
196325;11;12;12103219;2019;6;15;4;3;5;2;0;0;1;0;0;0;0;0;795565,6586;5833227,065;13,36193;52,56863
196326;11;1;1011304;2019;6;19;3;3;5;2;0;1;1;0;0;0;0;0;799989,895;5828081,402;13,42237;52,52008
196327;11;1;1011401;2019;6;8;3;3;0;1;0;1;0;0;0;0;0;0;798324,646;5829352,359;13,39904;52,53239
196328;11;1;1033102;2019;6;15;4;3;1;5;0;1;1;0;0;0;0;0;797252,0062;5831542,797;13,38523;52,55261
196329;11;6;6020304;2019;6;8;3;2;5;7;0;0;1;0;0;0;0;0;794792,1005;5817998,57;13,33707;52,43253
196330;11;1;1033201;2019;6;14;4;2;5;2;0;0;1;0;1;0;0;0;798074,378;5829990,292;13,39593;52,53825
196331;11;1;1011401;2019;6;8;3;3;0;1;0;1;0;0;0;0;0;0;798325,3261;5829351,2;13,39905;52,53238
196332;11;8;8020620;2019;6;11;4;3;3;2;0;1;1;0;0;0;0;0;800593,9436;5821187,163;13,42503;52,45796
196333;11;8;8020619;2019;6;18;3;3;5;2;0;1;0;0;0;0;1;0;802460,6095;5820696,871;13,45197;52,45253
196334;11;4;4030931;2019;6;12;4;3;2;6;0;1;1;0;0;0;0;0;793920,6279;5825688,625;13,33107;52,50194
196335;11;2;2010102;2019;6;18;3;3;5;2;0;1;1;0;0;0;0;0;798179,9327;5826506,461;13,39436;52,50696
196336;11;9;9010302;2019;6;18;3;3;5;2;0;0;1;0;1;0;0;0;804941,2614;5820716,285;13,48838;52,45133
196337;11;8;8010118;2019;6;11;4;2;5;2;0;0;1;0;1;0;0;0;800848,8582;5822527,558;13,42998;52,46983
196338;11;2;2040502;2019;6;18;3;3;5;2;0;1;0;0;0;1;0;0;801247,5829;5827816,857;13,44061;52,51702
196339;11;9;9020802;2019;6;11;4;3;2;6;0;0;1;0;0;0;0;0;810037,9566;5820439,564;13,56289;52,44598
196340;11;9;9020601;2019;6;18;3;2;5;2;0;1;1;0;0;0;0;0;806880,0161;5821188,45;13,51726;52,45447
196341;11;9;9020602;2019;6;10;4;3;5;3;0;1;1;0;0;0;0;0;808401,6536;5820867,723;13,53928;52,45074
196342;11;1;1011203;2019;6;17;3;2;5;7;0;1;1;0;0;0;0;0;797608,0418;5827117,875;13,38651;52,51275
196343;11;4;4010101;2019;6;10;4;3;2;6;0;0;1;0;0;0;1;0;790216,7937;5830655,042;13,28099;52,54845
196344;11;10;10030724;2019;6;13;3;3;5;3;0;1;1;0;0;0;0;0;809663,6249;5829684,518;13,56599;52,52904
196345;11;5;5030731;2019;6;15;3;3;6;2;0;0;1;1;0;0;0;0;787069,8944;5829480,015;13,23369;52,53958
196346;11;6;6020411;2019;6;10;4;3;5;3;0;0;1;0;1;0;0;0;794957,0477;5815655,303;13,33743;52,41144
196347;11;7;7040405;2019;6;10;4;3;0;5;0;0;1;0;0;0;0;0;797908,3226;5822208,274;13,38653;52,46858
196348;11;9;9041403;2019;6;16;3;2;5;3;0;1;0;0;0;1;0;0;812470,0516;5819772,416;13,59793;52,43862
196349;11;6;6020303;2019;6;16;3;3;2;6;0;0;1;0;0;1;0;0;795338,1906;5818430,521;13,34546;52,43611
196350;11;1;1011306;2019;6;9;4;3;5;3;0;1;0;0;1;0;0;0;800083,4125;5826461,503;13,42228;52,50551
196351;11;2;2020204;2019;6;16;3;3;2;2;0;0;1;0;0;0;0;0;798290,1729;5825307,501;13,39491;52,49615
196352;11;8;8030831;2019;6;13;3;3;2;6;0;0;1;0;0;0;0;0;803873,1451;5818180,005;13,47041;52,42919
196353;11;7;7040403;2019;6;16;3;3;0;2;0;1;1;0;0;0;0;0;797313,522;5822178,051;13,37777;52,46863
196354;11;3;3061126;2019;6;15;3;2;0;1;0;1;0;0;0;0;0;0;798517,0511;5831468,954;13,40377;52,55126
196355;11;3;3040614;2019;6;10;3;3;5;3;0;1;1;0;0;0;0;0;798851,9797;5834892,114;13,41178;52,58176
196356;11;7;7040402;2019;6;15;3;2;3;6;0;0;0;0;1;1;0;0;796394,0927;5820707,916;13,36297;52,45595
196357;11;4;4030827;2019;6;15;3;3;5;2;0;0;1;0;0;0;0;0;792725,1354;5826104,009;13,31387;52,50631
196358;11;2;2010104;2019;6;16;3;3;6;7;0;1;0;1;0;0;0;0;798999,9975;5825433,209;13,40545;52,49689
196359;11;5;5020625;2019;6;14;3;3;5;3;0;1;1;0;0;0;0;0;784441,0796;5828682,406;13,19435;52,53381
196360;11;7;7040405;2019;6;11;3;3;1;5;0;1;1;0;0;0;0;0;798010,1863;5821324,224;13,38724;52,4606
196361;11;1;1011305;2019;6;8;3;3;0;5;0;0;1;0;1;0;0;0;799474,7414;5827098,931;13,41392;52,51156
196362;11;4;4030623;2019;6;7;3;2;1;5;0;1;1;0;0;0;0;0;793541,9053;5826334,032;13,32607;52,50793
196363;11;4;4030518;2019;6;0;3;3;1;1;2;0;1;0;0;0;0;0;791525,8828;5828095,782;13,298;52,5248
196364;11;11;11020513;2019;6;6;3;3;2;6;0;0;1;0;0;1;0;0;802909,7786;5831180,951;13,4681;52,54625
196365;11;2;2010103;2019;6;18;3;3;5;2;0;1;1;0;0;0;0;0;799233,6531;5826240,415;13,4096;52,504
196366;11;1;1011402;2019;6;1;3;3;0;1;2;0;0;0;0;0;1;0;798219,8821;5829697,156;13,39781;52,53554
196367;11;2;2010103;2019;6;19;2;3;5;2;0;1;0;0;1;0;0;0;799331,0758;5826223,943;13,41102;52,5038
196368;11;3;3040512;2019;6;3;3;3;0;1;2;0;0;0;1;0;0;0;795698,4478;5834920,169;13,3654;52,58373
196369;11;4;4030931;2019;6;15;3;3;0;4;0;1;0;1;0;0;0;0;794149,17;5825692,267;13,33443;52,50185
196370;11;8;8010214;2019;6;11;2;3;2;6;0;0;1;0;0;1;0;0;802108,2299;5821999,076;13,44798;52,4644
196371;11;1;1011303;2019;6;19;2;3;5;3;0;0;1;0;0;0;1;0;798781,5854;5828021,163;13,40456;52,52021
196372;11;4;4051655;2019;6;9;3;3;5;3;0;1;0;0;0;0;0;0;793939,6625;5823394,215;13,32932;52,48136
196373;11;4;4030827;2019;6;15;2;3;3;2;0;1;0;0;0;0;1;0;792532,8085;5826371,279;13,31128;52,50881
196374;11;3;3061227;2019;6;15;3;3;6;4;0;1;0;1;0;0;0;0;800192,7476;5831612,991;13,42854;52,55163
196375;11;1;1044202;2019;6;18;2;3;6;4;0;1;0;1;0;0;0;0;795409,1368;5830588,371;13,35728;52,54506
196376;11;6;6010206;2019;6;18;2;3;5;2;0;1;1;0;0;0;0;0;794546,1698;5820084,092;13,3353;52,45136
196377;11;1;1011305;2019;6;15;3;3;2;6;0;0;1;0;0;0;0;0;799660,683;5827084,612;13,41663;52,51133
196378;11;12;12301206;2019;6;14;2;3;5;3;0;1;0;0;0;0;1;0;793845,0796;5838392,601;13,3412;52,61586
196379;11;5;5010101;2019;6;16;2;3;5;3;0;1;1;0;0;0;0;0;784401,435;5831930,035;13,19655;52,56295
196380;11;8;8010404;2019;6;20;3;3;1;5;1;1;1;0;0;0;0;0;801491,6164;5823429,722;13,44022;52,47756
196381;11;3;3030405;2019;6;16;2;2;5;3;0;1;0;0;0;0;0;0;804457,0452;5838459,256;13,49753;52,61062
196382;11;8;8010214;2019;6;16;3;3;5;3;0;0;1;0;0;0;0;0;801422,879;5822255,102;13,43815;52,46707
196383;11;2;2020206;2019;6;20;2;3;3;6;0;0;1;0;0;0;0;0;800303,915;5824575,473;13,42382;52,48849
196384;11;1;1044101;2019;6;17;2;3;5;2;0;1;1;0;0;0;0;0;794021,4369;5830177,358;13,33651;52,54212
196385;11;6;6020305;2019;6;16;3;3;5;7;0;1;0;0;0;0;0;0;795583,1429;5817599,582;13,34832;52,42853
196386;11;1;1044203;2019;6;16;3;3;6;4;0;0;0;1;0;0;1;0;795591,1168;5831745,433;13,36099;52,55533
196387;11;7;7070705;2019;6;18;2;3;5;5;0;1;1;0;0;0;0;0;798101,3212;5814239,286;13,38226;52,39704
196388;11;10;10010207;2019;6;17;2;3;4;6;0;1;0;0;0;0;0;0;809461,9812;5831454,051;13,56467;52,54502
196389;11;1;1022205;2019;6;16;3;3;0;6;0;1;0;0;0;0;1;0;795994,3719;5828615,528;13,36413;52,52706
196390;11;4;4030827;2019;6;17;2;3;5;3;0;0;1;0;0;0;0;0;792735,2686;5826109,727;13,31402;52,50635
196391;11;11;11020514;2019;6;15;3;3;3;6;0;1;1;0;0;0;0;0;804315,4737;5830621,774;13,48825;52,54046
196392;11;1;1022104;2019;6;17;2;3;2;6;0;0;1;0;1;0;0;0;794555,6083;5829055,256;13,34337;52,53178
196393;11;7;7010102;2019;6;16;2;3;3;6;0;0;1;0;1;0;0;0;794969,9526;5825669,679;13,34646;52,5012
196394;11;4;4030930;2019;6;10;2;3;5;2;0;0;1;0;1;0;0;0;792961,2852;5825693,653;13,31698;52,5025
196395;11;7;7060604;2019;6;14;3;3;5;2;0;0;1;0;1;0;0;0;797613,124;5815560,394;13,37628;52,40915
196396;11;7;7040401;2019;6;9;2;3;5;3;0;0;1;0;0;0;0;0;797578,9496;5823507,492;13,38285;52,48041
196397;11;8;8020619;2019;6;15;3;3;5;7;0;0;1;0;0;0;1;0;801279,2331;5821471,903;13,43534;52,46013
196398;11;2;2020206;2019;6;18;2;2;2;6;0;0;1;0;1;0;0;0;799484,244;5824520,697;13,41174;52,48845
196399;11;3;3071639;2019;6;15;3;3;6;4;0;0;1;1;0;0;0;0;800476,1224;5829083,905;13,43042;52,5288
196400;11;1;1044202;2019;6;8;2;3;5;2;0;1;0;0;0;0;1;0;795524,0115;5830731,603;13,3591;52,54628
196401;11;10;10030726;2019;6;15;3;3;5;2;0;1;1;0;0;0;0;0;809226,209;5827219,354;13,55727;52,5072
196402;11;1;1033102;2019;6;17;2;2;6;4;0;0;1;1;0;0;0;0;797283,3041;5831280,165;13,38546;52,55024
196403;11;7;7040403;2019;6;15;3;3;2;6;0;0;0;0;1;0;1;0;797242,2319;5820731,908;13,37544;52,45571
196404;11;4;4030827;2019;6;18;2;3;2;6;0;0;1;0;0;0;0;0;792514,6077;5826100,887;13,31077;52,50639
196405;11;1;1033102;2019;6;15;3;2;0;1;0;1;0;0;0;0;0;0;797735,4481;5831867,135;13,39263;52,55525
196406;11;5;5020626;2019;6;18;2;3;5;3;0;0;1;0;0;0;0;0;784753,4558;5827199,641;13,19768;52,52035
196407;11;9;9010302;2019;6;16;2;3;5;2;0;0;0;0;1;0;1;0;804610,8816;5820174,78;13,48304;52,44666
196408;11;4;4030930;2019;6;16;3;3;6;7;0;0;1;1;0;0;0;0;793169,7845;5825624,075;13,31998;52,50176
196409;11;7;7040401;2019;6;18;2;3;2;6;0;0;1;0;0;0;0;0;797302,0786;5823160,709;13,37848;52,47745
196410;11;1;2010102;2019;6;11;3;3;6;4;0;0;1;1;0;0;0;0;797905,5497;5826558,77;13,39038;52,50758
196411;11;12;12304314;2019;6;15;2;2;1;5;0;0;1;0;0;0;0;0;791236,3706;5836415,069;13,30104;52,59954
196412;11;1;1011305;2019;6;15;2;3;5;2;0;1;1;0;0;0;0;0;799687,1707;5827210,076;13,41714;52,51244
196413;11;7;7070701;2019;6;13;3;3;1;7;0;0;1;0;0;0;0;0;799452,2415;5815074,68;13,4028;52,40379
196414;11;6;6040810;2019;6;15;2;3;5;2;0;0;1;0;0;0;0;0;790156,4915;5819781,138;13,27063;52,45099
196415;11;7;7030303;2019;6;12;3;3;5;3;0;0;1;0;0;0;0;0;796061,1581;5822858,306;13,35999;52,47541
196416;11;12;12214421;2019;6;8;2;3;5;2;0;1;1;0;0;0;0;0;793019,0701;5833869,434;13,32504;52,57576
196417;11;9;9031101;2019;6;12;3;3;5;2;0;0;1;0;1;0;0;0;811064,1462;5818017,816;13,57568;52,4237
196418;11;7;7030301;2019;6;10;2;3;5;2;0;0;1;0;1;0;0;0;793926,5698;5822508,88;13,32835;52,47343
196419;11;2;2030302;2019;6;12;3;3;5;3;0;0;1;0;1;0;0;0;800748,0776;5826523,079;13,4321;52,5057
196420;11;4;4030930;2019;6;15;2;3;5;7;0;0;1;0;0;0;0;0;792952,0172;5825414,338;13,3166;52,5
196421;11;7;7010101;2019;6;15;2;3;5;3;0;0;1;0;0;0;0;0;794870,5834;5825571,573;13,34492;52,50038
196422;11;10;10030727;2019;6;12;3;3;0;7;0;0;1;0;0;0;0;0;809555,2665;5826585,643;13,56151;52,50133
196423;11;12;12302108;2019;6;12;3;3;5;3;0;0;1;0;0;0;0;0;793944,419;5836640,616;13,34111;52,6001
196424;11;7;7040403;2019;6;15;2;3;2;6;0;0;1;0;0;0;1;0;797199,09;5820701,35;13,37478;52,45546
196425;11;10;10010102;2019;6;11;3;3;5;5;0;0;1;0;0;0;0;0;809597,9526;5834296,712;13,56932;52,57041
196426;11;2;2050602;2019;6;6;2;3;2;7;0;0;1;0;1;0;0;0;803066,9162;5827813,361;13,46734;52,51598
196427;11;9;9010301;2019;6;21;3;3;6;2;2;0;1;1;0;0;0;0;805013,875;5822699,212;13,49126;52,46906
196428;11;3;3050919;2019;6;6;2;3;5;2;0;1;0;0;0;0;1;0;801861,0983;5832889,949;13,45423;52,56215
196429;11;3;3061332;2019;6;7;2;3;2;7;0;1;0;0;0;0;1;0;800022,6212;5830693,078;13,42521;52,54348
196430;11;11;11030618;2019;6;19;3;3;5;3;0;1;0;0;0;0;0;0;803154,3449;5829566,188;13,47022;52,53164
196431;11;2;2010103;2019;6;18;3;3;2;6;0;1;1;0;0;0;0;0;799506,2926;5826130,621;13,41351;52,50286
196432;11;4;4030620;2019;6;14;2;3;5;2;0;0;1;0;0;0;0;0;791794,0085;5827482,429;13,3014;52,51916
196433;11;7;7040405;2019;6;16;2;3;2;6;0;0;1;0;0;0;1;0;798537,5148;5820615,065;13,39434;52,45396
196434;11;8;8010118;2019;6;19;3;3;0;6;0;0;1;0;0;0;1;0;800990,0965;5822194,578;13,43175;52,46677
196435;11;6;6040810;2019;6;14;2;3;3;6;0;0;1;0;1;0;0;0;790248,2793;5820032,773;13,27219;52,4532
196436;11;8;8010115;2019;6;19;3;2;6;4;0;0;1;1;0;0;0;0;799878,5908;5823646,986;13,41674;52,4804
196437;11;2;2020206;2019;6;13;2;3;6;7;0;0;0;1;0;0;1;0;800172,7082;5824423,593;13,42176;52,4872
196438;11;12;12304314;2019;6;12;2;3;0;2;0;0;1;0;1;0;0;0;790698,5851;5835383,738;13,29222;52,59058
196439;11;4;4041342;2019;6;18;3;3;5;2;0;0;1;0;0;0;0;0;792526,692;5822912,069;13,30815;52,4778
196440;11;3;3010104;2019;6;11;2;3;3;6;0;0;1;0;0;0;0;0;800889,5662;5838793,767;13,44531;52,6156
196441;11;5;5020417;2019;6;18;3;3;3;6;0;0;1;0;0;0;0;0;782403,7727;5828519,675;13,16426;52,53341
196442;11;1;1011302;2019;6;23;2;2;6;2;2;0;1;1;0;0;0;0;797936,329;5828424,181;13,3925;52,52428
196443;11;12;12214527;2019;6;18;3;3;2;2;0;1;1;0;0;0;0;0;789906,282;5835707,892;13,28084;52,59391
196444;11;8;8010301;2019;6;21;2;3;3;6;2;1;1;0;0;0;0;0;800611,513;5825122,352;13,42883;52,49322
196445;11;8;8010510;2019;6;11;3;3;2;6;0;0;1;0;0;0;0;0;802472,2616;5822573,559;13,45384;52,46935
196446;11;3;3040614;2019;6;11;2;3;5;3;0;1;1;0;0;0;0;0;798043,869;5833451,403;13,39859;52,56929
196447;11;11;11051331;2019;6;10;2;3;5;2;0;0;1;0;0;0;1;0;807307,329;5824799,114;13,52685;52,48659
196448;11;1;1022204;2019;6;17;3;3;5;3;0;1;0;0;0;0;0;0;794544,9314;5828182,34;13,34244;52,52396
196449;11;6;6040804;2019;6;11;3;3;5;3;0;1;1;0;0;0;0;0;787672,6609;5819217,977;13,23369;52,44726
196450;11;1;1011304;2019;6;21;2;2;6;4;1;0;0;1;0;0;1;0;800058,4458;5828482,361;13,42374;52,52364
196451;11;9;9041301;2019;6;10;2;3;5;3;0;1;1;0;0;0;0;0;811761,802;5819770,843;13,58754;52,43901
196452;11;1;1011304;2019;6;10;3;3;2;6;0;0;1;0;0;0;0;0;799825,7636;5827506,975;13,41944;52,51503