OBJECTID;LAND;BEZ;LOR;UJAHR;UMONAT;USTUNDE;UWOCHENTAG;UKATEGORIE;UART;UTYP1;ULICHTVERH;IstRad;IstPKW;IstFuss;IstKrad;IstGkfz;IstSonstige;USTRZUSTAND;LINREFX;LINREFY;XGCSWGS84;YGCSWGS84
197102;11;2;2030301;2019;7;19;7;3;5;7;0;0;1;0;1;0;0;0;799870,7862;5826248,182;13,41897;52,50372
197103;11;9;9020802;2019;7;18;7;2;5;7;0;0;1;0;0;0;0;0;810585,3352;5819897,073;13,57041;52,44081
197104;11;1;1011301;2019;7;17;7;3;6;2;0;0;1;1;0;0;0;0;797320,976;5829005,401;13,38398;52,52983
197105;11;6;6010206;2019;7;16;7;3;2;6;0;1;1;0;0;0;0;1;794947,5572;5819474,287;13,34066;52,44568
197106;11;1;1033102;2019;7;16;7;3;1;5;0;0;1;0;0;0;0;1;797257,927;5831878,711;13,38562;52,55562
197107;11;7;7010104;2019;7;15;7;3;0;1;0;0;1;0;1;0;0;1;796239,0451;5824311,294;13,3639;52,48834
197108;11;1;1044101;2019;7;14;7;3;5;3;0;1;1;0;0;0;0;1;793792,9793;5832163,694;13,33491;52,56005
197109;11;12;12224230;2019;7;14;7;3;2;6;0;0;1;0;0;0;0;0;785492,957;5837398,507;13,21732;52,6114
197110;11;6;6040701;2019;7;14;7;3;6;4;0;0;1;1;0;0;0;0;781854,2043;5815270,002;13,14498;52,41489
197111;11;5;5010207;2019;7;13;7;3;5;2;0;0;1;0;1;0;0;0;783575,2;5830201,053;13,18292;52,54787
197112;11;5;5010103;2019;7;13;7;3;5;3;0;0;1;0;0;0;0;0;783907,128;5831176,626;13,18863;52,55645
197113;11;11;11030721;2019;7;13;7;3;0;1;0;1;0;0;0;0;0;0;803615,8329;5828336,249;13,47588;52,52036
197114;11;7;7010104;2019;7;12;7;3;5;2;0;1;1;0;0;0;0;0;796164,5486;5824370,482;13,36286;52,48891
197115;11;8;8010404;2019;7;12;7;3;5;2;0;0;1;0;0;0;0;0;802169,7127;5823374,504;13,45013;52,47669
197116;11;4;4051654;2019;7;11;7;3;2;3;0;0;1;0;0;0;0;0;793353,7601;5823652,018;13,32095;52,48399
197117;11;6;6040810;2019;7;8;7;3;0;2;0;1;1;0;0;0;0;0;790969,1417;5820706,189;13,28336;52,45885
197118;11;1;1022106;2019;7;7;7;3;6;2;0;0;1;1;0;0;0;0;794572,771;5828357,256;13,34301;52,52551
197119;11;4;4030930;2019;7;10;7;3;3;6;0;1;1;0;0;0;0;0;793201,6485;5825616,068;13,32044;52,50168
197120;11;9;9010401;2019;7;12;7;3;2;6;0;0;1;0;0;0;1;0;806294,4957;5820737,415;13,50825;52,45076
197121;11;10;10040933;2019;7;8;6;2;5;3;0;1;1;0;0;0;0;1;812442,4382;5824756,206;13,60219;52,4833
197122;11;4;4030931;2019;7;14;6;3;1;5;0;0;1;0;0;0;0;0;793919,4245;5825656,487;13,33102;52,50165
197123;11;10;10030727;2019;7;10;6;3;5;3;0;0;1;0;0;0;0;1;809439,8724;5826351,946;13,5596;52,49931
197124;11;7;7020202;2019;7;11;6;3;6;7;0;0;1;1;0;0;0;0;794916,1388;5823299,351;13,34357;52,47998
197125;11;8;8010211;2019;7;21;6;3;0;5;2;0;1;0;0;0;0;0;801003,9612;5823765,708;13,43337;52,48084
197126;11;3;3061126;2019;7;17;6;3;5;2;0;1;1;0;0;0;0;0;798826,9009;5831788,062;13,40861;52,55395
197127;11;1;1022206;2019;7;17;6;3;3;6;0;1;0;0;0;0;1;1;796136,1842;5828404,509;13,36603;52,52509
197128;11;6;6030503;2019;7;17;6;3;5;2;0;1;1;0;0;0;0;0;789319,9223;5817256,982;13,25617;52,42881
197129;11;10;10010310;2019;7;17;4;3;2;2;0;0;1;0;0;0;0;0;809907,5146;5831583,053;13,57134;52,54592
197130;11;4;4051655;2019;7;8;4;3;5;3;0;1;0;0;0;0;1;0;793922,0006;5823112,785;13,32881;52,47885
197131;11;5;5010204;2019;7;15;6;3;5;2;0;1;1;0;0;0;0;1;781562,7048;5830766,442;13,1538;52,55399
197132;11;6;6030609;2019;7;14;6;3;2;6;0;0;1;0;0;0;0;0;793057,0315;5818007,901;13,31163;52,43355
197133;11;3;3010102;2019;7;14;6;2;5;3;0;0;1;0;1;0;0;1;804652,2118;5841367,366;13,50308;52,63657
197134;11;1;1033102;2019;7;14;6;3;2;6;0;0;1;0;0;0;0;1;797294,0209;5831270,903;13,38561;52,55015
197135;11;12;12214125;2019;7;14;6;3;2;2;0;0;1;0;0;0;1;1;790263,3588;5833690,696;13,28433;52,57564
197136;11;12;12302107;2019;7;13;6;3;2;6;0;0;1;0;0;0;0;1;793843,3595;5836234,5;13,33926;52,59652
197137;11;1;1022106;2019;7;12;6;3;2;6;0;0;1;0;0;0;0;1;794464,55;5828354,325;13,34141;52,52554
197138;11;2;2040703;2019;7;12;6;3;6;7;0;1;0;0;0;0;1;1;801743,3706;5826214,14;13,44644;52,50238
197139;11;10;10010311;2019;7;16;6;3;2;6;0;0;1;0;0;0;0;0;810695,07;5831986,204;13,58329;52,54908
197140;11;10;10010308;2019;7;12;6;3;5;3;0;0;1;0;0;0;1;1;806457,9333;5829895,049;13,51907;52,53274
197141;11;10;10020412;2019;7;12;6;3;5;3;0;1;1;0;0;0;0;1;811349,1556;5831945,481;13,59287;52,54835
197142;11;7;7060604;2019;7;11;6;3;5;2;0;0;1;0;0;0;0;0;795808,5758;5816024,228;13,35024;52,41429
197143;11;12;12301203;2019;7;10;6;2;5;3;0;0;1;0;0;0;0;1;793947,8322;5835309,547;13,33998;52,58817
197144;11;7;7010104;2019;7;10;6;3;0;1;0;1;0;0;0;0;0;1;796433,7501;5824890,893;13,36727;52,49343
197145;11;11;11040926;2019;7;12;6;3;1;5;0;1;1;0;0;0;0;1;803939,111;5826288,31;13,47876;52,50183
197146;11;12;12304314;2019;7;10;6;3;8;1;0;0;1;0;0;0;0;1;790163,0729;5835941,561;13,28482;52,59587
197147;11;3;3040614;2019;7;16;6;3;2;6;0;0;1;0;0;0;0;1;799308,4863;5833874,867;13,41758;52,57239
197148;11;4;4030623;2019;7;15;6;3;5;7;0;0;1;0;0;0;0;1;793676,9165;5826073,595;13,32783;52,50552
197149;11;1;1011101;2019;7;10;6;3;0;1;0;0;0;0;1;0;0;1;795334,701;5826189,054;13,35228;52,50566
197150;11;3;3010102;2019;7;10;6;3;0;3;0;0;1;0;1;0;0;1;804371,2048;5840424,905;13,49807;52,62828
197151;11;7;7030301;2019;7;9;6;3;1;5;0;1;1;0;0;0;0;1;794203,034;5822906,528;13,33276;52,47685
197152;11;4;4051549;2019;7;9;6;3;2;6;0;0;1;0;0;0;1;1;793299,0048;5823682,661;13,32017;52,48429
197153;11;5;5010103;2019;7;8;6;3;2;6;0;0;1;0;0;0;0;1;784709,0519;5831107,949;13,20037;52,55541
197154;11;1;1011204;2019;7;9;6;3;0;7;0;1;1;0;0;0;0;0;798514,7806;5827198,654;13,3999;52,51298
197155;11;7;7050504;2019;7;8;6;2;9;1;0;0;1;0;0;0;0;1;800047,085;5820445,536;13,41634;52,45161
197156;11;4;4031032;2019;7;8;6;3;0;1;0;0;0;0;1;0;0;1;791620,1576;5825060,646;13,29672;52,49754
197157;11;7;7040404;2019;7;8;6;3;5;2;0;0;1;0;0;0;1;1;796697,0764;5820024,721;13,36681;52,44967
197158;11;1;1011105;2019;7;7;6;3;2;6;0;0;1;0;0;1;0;1;795970,9345;5826211,178;13,36165;52,50552
197159;11;10;10020413;2019;7;7;6;3;5;3;0;0;1;0;0;0;0;1;811313,109;5831176,218;13,59162;52,54147
197160;11;12;12304314;2019;7;7;6;3;2;6;0;0;1;0;0;0;0;1;790156,6791;5835952,441;13,28474;52,59597
197161;11;1;1011401;2019;7;6;6;2;5;2;0;0;1;0;1;0;0;1;798314,4189;5829376,811;13,39891;52,53262
197162;11;5;5020626;2019;7;6;6;3;5;3;0;0;1;0;0;0;0;1;784777,6971;5827102,122;13,19795;52,51946
197163;11;2;2020204;2019;7;1;6;3;0;3;2;1;1;0;0;0;0;0;798427,7726;5824743,903;13,39642;52,49103
197164;11;4;4030827;2019;7;16;6;3;2;7;0;1;1;0;0;0;0;0;792726,4931;5826128,347;13,31391;52,50652
197165;11;2;2020202;2019;7;9;5;3;5;2;0;1;0;0;0;0;0;0;797661,0636;5825317,545;13,38568;52,49659
197166;11;2;2040702;2019;7;14;5;3;6;7;0;0;0;1;0;0;1;0;802032,5047;5827371,129;13,45174;52,51259
197167;11;2;2040701;2019;7;14;5;3;6;4;0;1;0;1;0;0;0;0;800639,847;5826980,6;13,43093;52,50986
197168;11;5;5020625;2019;7;14;5;3;5;3;0;0;1;0;1;0;0;0;784732,3607;5828648,515;13,19861;52,53335
197169;11;3;3040614;2019;7;14;5;3;2;6;0;0;1;0;0;0;0;0;800057,0513;5835757,408;13,43029;52,58885
197170;11;7;7040403;2019;7;22;5;3;5;2;2;1;1;0;0;0;0;1;797851,2133;5821927,683;13,38544;52,4661
197171;11;1;1033203;2019;7;13;5;3;6;4;0;1;0;1;0;0;0;0;796597,8888;5830356,901;13,37456;52,54234
197172;11;4;4030415;2019;7;19;5;2;0;7;0;1;0;0;0;0;0;0;790971,4214;5827411,11;13,28925;52,51896
197173;11;1;1011201;2019;7;13;5;3;6;6;0;1;0;1;0;0;0;0;797398,0218;5826955,837;13,38328;52,51141
197174;11;2;2050803;2019;7;20;5;3;2;6;0;0;1;0;1;0;0;0;803042,268;5825825,851;13,46517;52,49818
197175;11;1;1033102;2019;7;19;5;3;6;4;0;0;1;1;0;0;0;0;797359,5557;5831214,526;13,38652;52,54961
197176;11;2;2050601;2019;7;13;5;3;2;7;0;0;1;0;1;0;0;0;801911,5697;5828869,829;13,45132;52,52609
197177;11;2;2030302;2019;7;20;5;3;5;3;0;1;0;0;0;0;0;0;800915,6175;5826359,864;13,43442;52,50414
197178;11;10;10010310;2019;7;12;5;3;0;3;0;0;1;0;1;0;0;0;809539,7863;5831440,351;13,5658;52,54485
197179;11;4;7030301;2019;7;12;5;2;5;3;0;0;1;0;0;0;0;0;793366,333;5822846,322;13,32042;52,47676
197180;11;5;5020625;2019;7;11;5;3;5;2;0;0;1;0;1;0;0;0;784341,644;5828351,942;13,19261;52,5309
197181;11;2;2050602;2019;7;10;5;3;5;2;0;1;1;0;0;0;0;0;802769,6125;5827688,356;13,46286;52,51503
197182;11;9;9010202;2019;7;9;5;2;2;6;0;0;1;0;0;0;0;0;804312,6215;5824043,759;13,48219;52,4815
197183;11;1;1022202;2019;7;9;5;3;5;2;0;0;1;0;0;0;0;0;795664,665;5829738,324;13,36028;52,5373
197184;11;8;8010301;2019;7;17;5;2;1;5;0;1;1;0;0;0;0;0;800898,8392;5824614,108;13,43259;52,48851
197185;11;7;7020201;2019;7;8;5;3;5;2;0;1;1;0;0;0;0;0;794956,6499;5824452,051;13,34519;52,4903
197186;11;2;2010101;2019;7;8;5;3;6;2;0;0;1;1;0;0;0;0;797856,5457;5825650,681;13,38885;52,49947
197187;11;9;9010202;2019;7;9;5;3;5;2;0;1;1;0;0;0;0;0;803887,5924;5823382,523;13,47535;52,47581
197188;11;8;8010212;2019;7;23;5;3;9;1;2;0;1;0;0;0;0;1;801115,388;5823525,231;13,43479;52,47863
197189;11;12;12304314;2019;7;23;5;3;0;1;2;1;0;0;0;0;0;0;790781,4751;5836541,889;13,29446;52,60092
197190;11;8;8010117;2019;7;22;5;3;1;5;2;1;1;0;0;0;0;1;800685,9156;5822952,854;13,42797;52,47373
197191;11;7;7050503;2019;7;17;5;3;6;7;0;0;1;1;0;0;0;0;798061,2757;5819655,531;13,3865;52,44561
197192;11;11;11040926;2019;7;14;5;3;0;1;0;0;0;0;1;0;0;0;805336,8087;5827358,653;13,50027;52,51064
197193;11;5;5010339;2019;7;21;4;3;1;5;1;0;1;0;0;1;0;0;787460,7852;5828073,673;13,23822;52,52676
197194;11;7;7040406;2019;7;21;4;2;5;3;1;1;0;0;0;0;1;0;800351,6851;5821674,106;13,42191;52,46245
197195;11;2;2020204;2019;7;21;4;3;5;3;1;1;1;0;0;0;0;1;798621,7826;5825130,473;13,39962;52,49438
197196;11;1;1011401;2019;7;21;4;3;0;1;2;0;0;0;1;0;0;1;797460,8575;5829185;13,38619;52,53136
197197;11;1;1011201;2019;7;21;4;3;5;3;2;1;1;0;0;0;0;1;797894,1815;5826569,591;13,39022;52,50768
197198;11;4;4030930;2019;7;20;4;3;3;6;0;1;1;0;0;0;0;0;793451,9101;5825695,36;13,32419;52,50225
197199;11;5;5020420;2019;7;20;4;2;9;1;0;0;0;0;1;0;0;0;779790,0585;5828609,546;13,1259;52,53556
197200;11;1;1011202;2019;7;20;4;3;5;2;0;1;1;0;0;0;0;0;797866,1111;5827607,568;13,39074;52,517
197201;11;11;11030619;2019;7;19;4;3;5;3;0;0;1;0;0;0;0;0;804212,2936;5829084,485;13,48533;52,52674
197202;11;2;2020204;2019;7;19;4;3;0;2;0;0;1;0;1;0;0;0;798909,3858;5825257,539;13,40396;52,49537
197203;11;10;10010308;2019;7;18;4;3;5;7;0;0;1;0;0;0;0;0;806551,8652;5829133,367;13,51975;52,52586
197204;11;6;6010103;2019;7;18;4;3;0;6;0;1;0;0;0;0;1;0;793804,7504;5821211,364;13,32542;52,46187
197205;11;8;8010404;2019;7;17;4;3;5;2;0;1;1;0;0;0;0;0;802024,3987;5823487,78;13,4481;52,47779
197206;11;1;1011201;2019;7;17;4;3;5;2;0;1;1;0;0;0;0;0;797294,108;5827231,553;13,382;52,51394
197207;11;10;10030724;2019;7;15;4;3;5;2;0;0;1;0;0;0;0;0;809598,405;5828542,104;13,56396;52,51884
197208;11;3;3061430;2019;7;14;4;3;5;3;0;1;0;0;0;0;1;0;802341,2649;5829201,323;13,45794;52,52882
197209;11;1;1033203;2019;7;14;4;3;2;7;0;1;1;0;0;0;0;0;796563,2038;5830501,648;13,37417;52,54365
197210;11;12;12214125;2019;7;13;4;3;3;6;0;0;1;0;0;0;0;0;791810,9804;5831241,076;13,30495;52,55285
197211;11;12;12224230;2019;7;13;4;3;1;5;0;0;1;0;0;0;0;0;786779,6032;5837513,077;13,23637;52,61175
197212;11;8;8010117;2019;7;11;4;3;2;6;0;0;1;0;0;1;0;0;800636,7894;5823075,924;13,42736;52,47486
197213;11;9;9020602;2019;7;10;4;2;6;4;0;0;1;1;0;0;0;0;808418,5731;5820877,047;13,53954;52,45082
197214;11;3;3040818;2019;7;7;4;3;1;5;0;0;1;0;0;0;1;0;799574,6241;5833175,311;13,42086;52,56597
197215;11;3;3030715;2019;7;10;4;3;2;6;0;0;1;0;0;0;0;0;801097,8653;5834753,495;13,4447;52,57928
197216;11;3;3061126;2019;7;9;4;3;3;6;0;0;1;0;1;0;0;0;799165,1604;5831807,483;13,41361;52,55394
197217;11;1;1011301;2019;7;10;4;3;5;3;0;0;1;0;1;0;0;0;796967,0401;5828843,044;13,37863;52,52857
197218;11;8;8010301;2019;7;3;7;3;2;6;2;1;1;0;0;0;0;0;801412,1275;5823929,395;13,43951;52,48208
197219;11;2;2020204;2019;7;3;7;2;0;1;2;0;0;0;1;0;0;0;798145,4599;5824850,008;13,39237;52,49213
197220;11;5;5030833;2019;7;2;7;2;0;1;2;0;1;0;0;0;0;0;789329,1113;5828958,247;13,26646;52,53371
197221;11;1;1011101;2019;7;22;6;2;5;3;2;1;0;0;0;0;0;0;794807,7151;5826245,815;13,34459;52,50646
197222;11;4;4030621;2019;7;14;7;3;5;2;0;1;1;0;0;0;0;0;793498,9662;5827611,55;13,32657;52,5194
197223;11;4;4030827;2019;7;14;7;2;3;6;0;1;1;0;0;0;0;0;791983,5437;5826456,165;13,30328;52,50986
197224;11;1;1022201;2019;7;13;7;3;0;2;0;0;1;0;1;0;0;0;795409,5452;5829565,725;13,35638;52,53589
197225;11;9;9010101;2019;7;22;7;3;6;4;2;1;0;1;0;0;0;0;801505,9058;5824928,523;13,44179;52,49099
197226;11;1;1011203;2019;7;13;7;2;0;7;0;0;1;1;0;0;1;0;797881,2197;5827067,96;13,39048;52,51216
197227;11;1;1022104;2019;7;12;7;2;2;2;0;1;1;0;0;0;0;0;794542,7963;5829072,984;13,3432;52,53194
197228;11;2;2040701;2019;7;21;7;3;5;2;1;1;1;0;0;0;0;0;800586,6892;5827009,168;13,43017;52,51014
197229;11;5;5020626;2019;7;12;7;2;5;2;0;0;1;0;0;0;0;0;784144,997;5827314,427;13,18883;52,5217
197230;11;12;12231101;2019;7;12;7;3;5;2;0;1;1;0;0;0;0;0;792167,14;5838069,796;13,31621;52,61387
197231;11;6;6040703;2019;7;12;7;3;5;2;0;1;1;0;0;0;0;0;787770,1067;5821679,68;13,23725;52,46928
197232;11;12;12103220;2019;7;12;7;3;4;5;0;0;1;0;0;0;1;0;794289,2458;5833707,616;13,34358;52,57363
197233;11;10;10030724;2019;7;19;7;3;3;6;0;0;1;0;1;0;0;0;809602,0821;5828545,501;13,56402;52,51887
197234;11;8;8030831;2019;7;11;7;3;0;1;0;0;0;0;1;0;0;0;804323,5288;5817812,264;13,47668;52,42564
197235;11;1;1011401;2019;7;11;7;3;1;5;0;1;0;0;0;0;1;0;797758,4472;5829256,873;13,39063;52,53184
197236;11;3;3050923;2019;7;11;7;3;5;2;0;0;1;0;0;0;0;0;800204,762;5832142,254;13,4292;52,55636
197237;11;9;9010202;2019;7;11;7;3;5;3;0;0;1;0;0;0;0;0;804484,064;5823235,645;13,48397;52,47416
197238;11;1;1011101;2019;7;11;7;2;5;3;0;1;1;0;0;0;0;0;794905,8172;5825973,833;13,34579;52,50396
197239;11;11;11051332;2019;7;10;7;3;5;3;0;1;0;0;0;0;1;0;807217,1539;5823900,22;13,5247;52,47859
197240;11;9;9020701;2019;7;8;7;3;0;6;0;0;0;0;1;0;1;0;808991,9267;5818122,718;13,5454;52,42581
197241;11;2;2040701;2019;7;4;7;3;5;3;1;0;1;0;0;0;0;0;800293,5857;5827628,335;13,42642;52,51586
197242;11;4;4020310;2019;7;7;6;3;3;6;0;1;0;0;0;0;1;0;790243,0954;5828067,494;13,27912;52,52523
197243;11;9;9010401;2019;7;6;6;3;3;6;0;1;0;0;0;0;1;0;806326,186;5820933,198;13,5089;52,4525
197244;11;11;11010310;2019;7;16;6;3;5;2;0;1;1;0;0;0;0;0;805463,7605;5833353,913;13,50764;52,5643
197245;11;3;3020209;2019;7;16;6;3;5;3;0;1;1;0;0;0;0;0;797369,0117;5835183,886;13,39022;52,58518
197246;11;6;6010206;2019;7;15;6;3;2;6;0;0;1;0;1;0;0;0;794393,3543;5820190,127;13,33316;52,45239
197247;11;11;11051331;2019;7;15;6;2;0;1;0;0;0;0;0;0;1;0;807793,1954;5824286,643;13,53351;52,48173
197248;11;6;6030503;2019;7;15;6;2;5;7;0;0;0;0;1;0;1;0;789550,4445;5817882,802;13,26009;52,43429
197249;11;2;2030401;2019;7;15;6;2;5;3;0;1;0;0;0;0;1;0;801141,3718;5825433,129;13,43689;52,49571
197250;11;7;7010102;2019;7;13;6;3;2;6;0;0;1;0;0;0;1;0;795121,9291;5825777,188;13,34879;52,50209
197251;11;3;3051017;2019;7;13;6;3;5;3;0;0;1;0;0;0;0;0;803395,3345;5833104,087;13,47699;52,56322
197252;11;4;4010102;2019;7;13;6;3;2;6;0;0;1;0;1;0;0;0;793338,2519;5829756,106;13,3261;52,53872
197253;11;9;9010401;2019;7;13;6;3;5;2;0;1;1;0;0;0;0;0;806135,2139;5821074,864;13,50623;52,45387
197254;11;8;8020625;2019;7;12;6;2;2;6;0;0;1;0;0;0;0;0;801386,9496;5819252,51;13,43492;52,44018
197255;11;2;2020205;2019;7;12;6;3;0;7;0;1;0;0;0;0;0;0;799214,794;5824493,424;13,40776;52,48835
197256;11;4;4030724;2019;7;11;6;3;6;7;0;0;1;1;0;0;0;0;790830,1176;5826383,249;13,28627;52,50982
197257;11;7;7070701;2019;7;11;6;3;3;6;0;0;1;0;1;0;0;0;799119,5536;5816189,822;13,39892;52,41397
197258;11;2;2030302;2019;7;10;6;3;5;2;0;1;0;0;0;1;0;0;800612,2044;5826605,897;13,43018;52,50652
197259;11;3;3061430;2019;7;22;6;3;5;3;2;1;1;0;0;0;0;0;802196,1459;5829420,706;13,456;52,53087
197260;11;7;7040403;2019;7;21;6;3;5;2;2;0;1;0;0;0;0;0;796920,95;5822284,02;13,3721;52,4698
197261;11;9;9010101;2019;7;21;6;2;5;3;1;1;1;0;0;0;0;0;802329,4441;5825307,772;13,45423;52,49393
197262;11;2;2040701;2019;7;20;6;3;5;3;0;1;1;0;0;0;0;0;800584,3583;5827010,421;13,43014;52,51016
197263;11;7;7040401;2019;7;19;6;3;5;2;0;0;1;0;0;0;0;0;797824,2186;5822535,858;13,38559;52,47156
197264;11;4;4030929;2019;7;1;6;3;5;3;2;0;1;0;0;0;0;0;792580,2204;5825448,123;13,31116;52,5005
197265;11;8;8030829;2019;7;19;6;3;5;7;0;1;1;0;0;0;0;0;802766,7787;5818171,919;13,45418;52,42973
197266;11;11;11051331;2019;7;10;6;3;6;4;0;0;1;1;0;0;0;0;807251,878;5824282,871;13,52556;52,482
197267;11;5;5020625;2019;7;9;6;3;0;6;0;0;0;0;0;0;1;0;784609,1042;5828341,795;13,19653;52,53066
197268;11;11;11030619;2019;7;9;6;3;5;2;0;1;1;0;0;0;0;0;804144,0293;5829828,569;13,485;52,53344
197269;11;1;1011301;2019;7;9;6;3;5;3;0;0;1;0;0;0;1;0;797629,814;5828204,983;13,3878;52,52249
197270;11;1;1044202;2019;7;8;6;2;5;3;0;1;1;0;0;0;0;0;795398,3563;5830283,802;13,35685;52,54233
197271;11;7;7030301;2019;7;8;6;3;4;6;0;1;1;0;0;0;0;0;794083,7562;5822045,924;13,33025;52,4692
197272;11;11;11040926;2019;7;7;6;3;5;3;0;1;1;0;0;0;0;0;805189,6453;5826252,541;13,49709;52,50081
197273;11;9;9052001;2019;7;6;6;3;1;1;0;0;1;0;0;0;0;0;810892,5807;5822275,948;13,57713;52,46195
197274;11;2;2050803;2019;7;6;6;3;5;2;0;1;1;0;0;0;0;0;803103,0948;5826085,88;13,4663;52,50048
197275;11;1;1011202;2019;7;15;6;3;3;6;0;0;1;0;0;0;1;0;797532,7647;5827566,101;13,3858;52,51681
197276;11;8;8020727;2019;7;11;5;3;0;3;0;1;1;0;0;0;0;0;800987,8167;5817122,088;13,42715;52,4213
197277;11;8;8010508;2019;7;21;5;2;9;1;2;0;0;0;1;0;0;0;803138,0051;5822672,845;13,4637;52,46987
197278;11;1;1011303;2019;7;21;5;3;6;4;0;1;0;1;0;0;0;0;799020,4092;5827873,927;13,40794;52,51876
197279;11;1;1044203;2019;7;20;5;3;5;2;0;0;1;0;0;0;1;0;795451,436;5831591,824;13,3588;52,55403
197280;11;4;4030931;2019;7;19;5;3;5;3;0;1;1;0;0;0;0;0;793938,5461;5825810,689;13,33144;52,50302
197281;11;6;6040804;2019;7;18;5;3;5;3;0;0;1;0;1;0;0;0;787738,8229;5818260,274;13,23384;52,43863
197282;11;8;8020727;2019;7;18;5;3;5;2;0;0;1;0;0;0;0;0;800952,209;5816263,563;13,42585;52,41363
197283;11;11;11020513;2019;7;16;5;3;0;7;0;0;1;0;0;0;1;0;802987,6234;5830854,857;13,46894;52,54328
197284;11;2;2020206;2019;7;15;5;3;5;2;0;1;0;0;0;0;1;0;799774,4273;5824825,1;13,41627;52,49102
197285;11;1;1011201;2019;7;18;5;3;5;3;0;1;1;0;0;0;0;0;797902,559;5826576,585;13,39035;52,50774
197286;11;2;2040701;2019;7;15;5;3;2;6;0;0;1;0;0;0;0;0;800392,9357;5827855,974;13,42809;52,51784
197287;11;1;1022106;2019;7;17;5;3;5;7;0;1;0;0;0;0;1;0;793703,5118;5828112,761;13,33002;52,52379
197288;11;1;1044201;2019;7;15;5;3;5;2;0;0;1;0;1;0;0;0;796190,236;5831009,098;13,36914;52,54841
197289;11;1;1011203;2019;7;17;5;3;5;7;0;1;1;0;0;0;0;0;797810,3491;5827136,663;13,3895;52,51281
197290;11;1;1044201;2019;7;15;5;3;6;7;0;0;1;1;0;0;0;0;796886,1079;5831538,794;13,37985;52,55277
197291;11;4;4051653;2019;7;15;5;3;6;3;0;0;1;1;0;0;0;0;794029,3386;5824715,871;13,3318;52,49316
197292;11;8;8010301;2019;7;17;5;3;5;3;0;1;0;0;0;0;0;0;801551,9419;5824363,932;13,44196;52,4859
197293;11;8;8020622;2019;7;14;5;3;1;5;0;0;1;0;0;0;1;0;801341,3722;5820026,322;13,43495;52,44714
197294;11;7;7030303;2019;7;16;5;2;5;3;0;1;1;0;0;0;0;0;795229,4533;5822260,095;13,34725;52,4705
197295;11;12;12302212;2019;7;14;5;3;0;5;0;0;1;0;0;0;1;0;793540,5442;5837847,668;13,33624;52,61114
197296;11;9;9051702;2019;7;13;5;3;1;1;0;1;1;0;0;0;0;0;814032,502;5820745,63;13,62176;52,44644
197297;11;1;1011102;2019;7;11;5;3;3;2;0;0;1;0;0;0;0;0;795161,8216;5827090,891;13,35054;52,51384
197298;11;7;7070701;2019;7;11;5;3;5;2;0;0;1;0;0;1;0;0;798707,8463;5816019,87;13,39273;52,41267
197299;11;1;1022102;2019;7;11;5;3;6;2;0;0;0;1;0;0;1;0;793573,4952;5828507,524;13,32845;52,5274
197300;11;9;9020702;2019;7;11;5;3;2;6;0;0;1;0;0;0;1;0;809528,9404;5818795,339;13,5539;52,43153
197301;11;7;7040401;2019;7;11;5;3;2;6;0;0;1;0;0;0;1;0;797757,2024;5822626,559;13,38469;52,47241
197302;11;1;1011301;2019;7;10;5;3;5;3;0;0;1;0;0;0;1;0;797045,9479;5828361,996;13,37936;52,52421
197303;11;1;1011105;2019;7;10;5;3;1;5;0;1;1;0;0;0;0;0;796928,6652;5826430,217;13,37591;52,50696
197304;11;11;11040926;2019;7;10;5;3;1;1;0;0;1;0;0;0;0;0;805338,0777;5827208,857;13,50015;52,5093
197305;11;11;11020411;2019;7;9;5;2;5;2;0;0;0;0;1;0;1;0;806356,863;5832164,587;13,51968;52,55314
197306;11;3;3030715;2019;7;9;5;3;2;6;0;0;1;0;0;0;0;0;800096,4792;5833877,837;13,42917;52,57198
197307;11;1;1011306;2019;7;9;5;3;5;3;0;1;1;0;0;0;0;0;799901,7061;5826514,373;13,41966;52,50609
197308;11;4;4041241;2019;7;7;5;3;5;3;0;1;1;0;0;0;0;0;791578,2942;5822164,356;13,29357;52,4716
197309;11;7;7040401;2019;7;5;5;3;0;1;1;0;0;0;0;0;1;0;797271,8433;5822823,492;13,37774;52,47444
197310;11;5;5010209;2019;7;3;5;2;1;1;2;0;1;0;0;0;0;0;781394,3375;5829726,48;13,15044;52,54475
197311;11;3;3050925;2019;7;17;5;3;6;2;0;0;1;1;0;0;0;0;802262,617;5831577,211;13,45894;52,55016
197312;11;2;2030402;2019;7;14;5;3;5;7;0;0;0;0;1;0;1;0;801515,292;5825998,741;13,4429;52,50058
197313;11;7;7010104;2019;7;10;5;3;0;7;0;0;0;0;1;0;0;1;796019,5531;5824976,068;13,36126;52,49442
197314;11;4;4030931;2019;7;10;4;3;1;5;0;1;0;0;0;0;1;0;793749,2853;5825832,119;13,32868;52,50332
197315;11;7;7030302;2019;7;15;4;3;6;4;0;1;0;1;0;0;0;0;794574,3506;5822329,132;13,3377;52,47147
197316;11;5;5010206;2019;7;17;4;2;5;2;0;1;1;0;0;0;0;0;782434,567;5830490,2;13,16639;52,55106
197317;11;11;11020514;2019;7;17;4;3;5;2;0;1;1;0;0;0;0;0;804371,8011;5830844,325;13,48928;52,54242
197318;11;2;2040701;2019;7;17;4;3;0;2;0;0;1;0;1;0;0;0;801206,464;5827467,49;13,43969;52,51391