OBJECTID;LAND;BEZ;LOR;UJAHR;UMONAT;USTUNDE;UWOCHENTAG;UKATEGORIE;UART;UTYP1;ULICHTVERH;IstRad;IstPKW;IstFuss;IstKrad;IstGkfz;IstSonstige;USTRZUSTAND;LINREFX;LINREFY;XGCSWGS84;YGCSWGS84
197319;11;9;9010301;2019;7;16;4;3;6;2;0;0;0;1;0;1;0;0;804746,5982;5822302,503;13,48697;52,46565
197320;11;1;1033201;2019;7;16;4;3;6;7;0;1;0;1;0;0;0;0;797882,533;5831027,186;13,39404;52,54764
197321;11;6;6020302;2019;7;16;4;3;5;3;0;1;1;0;0;0;0;0;794339,5264;5819041,313;13,33135;52,44212
197322;11;7;7040405;2019;7;16;4;3;2;7;0;0;0;0;1;0;1;0;798170,1912;5821908,165;13,39011;52,46575
197323;11;4;4010103;2019;7;5;4;3;0;6;0;0;0;0;1;0;0;0;791141,0786;5829174,408;13,29328;52,53468
197324;11;5;5040934;2019;7;23;4;3;0;1;2;1;0;0;0;0;0;0;783747,479;5824142,705;13,18028;52,49346
197325;11;1;1033201;2019;7;20;4;3;0;3;0;1;0;0;0;0;1;0;798507,5333;5830233,396;13,40252;52,54019
197326;11;1;1011402;2019;7;19;4;3;1;5;0;1;1;0;0;0;0;0;798782,3379;5829671,733;13,40605;52,535
197327;11;12;1044101;2019;7;19;4;3;2;4;0;0;1;1;0;0;0;0;791950,0482;5831492,874;13,30721;52,55503
197328;11;11;11051229;2019;7;18;4;3;2;3;0;0;1;0;0;0;0;0;803361,7038;5826298,587;13,47029;52,50224
197329;11;2;2050802;2019;7;18;4;3;0;6;0;1;0;0;0;0;0;0;802547,5962;5826732,022;13,45872;52,50658
197330;11;1;1011302;2019;7;18;4;3;5;3;0;1;1;0;0;0;0;0;798603,908;5828890,418;13,40273;52,5281
197331;11;5;5030730;2019;7;18;4;2;2;6;0;0;1;0;1;0;0;0;786044,5055;5829165,312;13,21834;52,5373
197332;11;2;2020204;2019;7;18;4;3;5;2;0;0;1;0;1;0;0;0;798322,9117;5825139,64;13,39524;52,49463
197333;11;7;7040401;2019;7;18;4;3;6;2;0;1;0;1;0;0;0;0;798099,158;5823964,834;13,3909;52,48422
197334;11;1;1011402;2019;7;18;4;3;0;1;0;1;0;0;0;0;0;0;798545,2399;5829189,163;13,40214;52,53081
197335;11;10;10020414;2019;7;17;4;3;6;7;0;0;1;1;0;0;0;0;812123,4917;5830905,826;13,60328;52,53859
197336;11;1;1044102;2019;7;12;4;3;2;2;0;0;1;0;0;0;1;0;794913,1324;5832044,113;13,35128;52,55838
197337;11;9;9020502;2019;7;12;4;3;0;6;0;0;1;0;1;0;0;0;806685,7465;5822696,904;13,51579;52,4681
197338;11;7;7010104;2019;7;12;4;3;5;2;0;1;1;0;0;0;0;0;796347,0883;5824919,951;13,36602;52,49374
197339;11;9;9010202;2019;7;11;4;2;6;7;0;0;1;1;0;0;0;0;804282,1573;5823767,033;13,48149;52,47904
197340;11;3;3071639;2019;7;10;4;2;6;4;0;0;1;1;0;0;0;0;800710,2781;5829144,165;13,43392;52,52921
197341;11;7;7010101;2019;7;9;4;3;5;2;0;0;1;0;0;0;0;0;794567,3052;5825796,196;13,34066;52,50256
197342;11;7;7010102;2019;7;8;4;3;5;3;0;1;1;0;0;0;0;0;795426,1992;5825488,69;13,353;52,49933
197343;11;1;1011204;2019;7;8;4;3;1;5;0;1;1;0;0;0;0;0;798855,242;5827027,577;13,40475;52,51126
197344;11;11;11030619;2019;7;8;4;3;5;2;0;1;1;0;0;0;0;0;803969,6837;5829072,463;13,48175;52,52676
197345;11;11;11030721;2019;7;7;4;3;5;3;0;0;1;0;1;0;0;0;804308,5809;5828168,371;13,4859;52,51847
197346;11;5;5010339;2019;7;7;4;3;6;4;0;0;1;1;0;0;0;0;786804,9857;5828211,49;13,2287;52,52835
197347;11;3;3010102;2019;7;16;4;3;2;6;0;0;1;0;0;0;0;0;804644,687;5841357,339;13,50296;52,63649
197348;11;11;11051331;2019;7;16;4;3;0;7;0;1;1;0;0;0;0;0;808400,6053;5823572,31;13,54177;52,47498
197349;11;4;4030726;2019;7;15;4;2;5;2;0;0;1;0;1;0;0;0;792302,3205;5825377,025;13,30702;52,50002
197350;11;12;12214125;2019;7;15;4;3;3;5;0;1;1;0;0;0;0;0;788353,7777;5832100,746;13,25485;52,5624
197351;11;4;4051653;2019;7;14;4;2;6;4;0;1;0;1;0;0;0;0;794028,2973;5824715,809;13,33179;52,49316
197352;11;3;1033102;2019;7;14;4;3;2;6;0;0;1;0;0;0;0;0;798047,2902;5831836,487;13,39719;52,55481
197353;11;3;3050924;2019;7;13;4;3;6;2;0;0;1;1;0;0;0;0;801536,4047;5831445,505;13,44815;52,54938
197354;11;1;1022207;2019;7;13;4;3;0;3;0;0;1;0;0;0;0;0;794479,002;5827387,3;13,34077;52,51687
197355;11;1;1022202;2019;7;13;4;3;5;2;0;1;1;0;0;0;0;0;795668,9129;5829732,336;13,36034;52,53724
197356;11;11;11020412;2019;7;12;4;3;3;6;0;0;1;0;0;1;0;0;805522,379;5831606,095;13,5069;52,5486
197357;11;2;2050601;2019;7;13;4;2;3;6;0;0;1;0;1;0;0;0;801730,635;5828912,954;13,4487;52,52658
197358;11;10;10010310;2019;7;5;4;3;6;4;0;0;0;1;0;0;1;0;809206,1174;5830597,75;13,56011;52,53749
197359;11;2;2040701;2019;7;20;4;3;5;2;0;0;1;0;1;0;0;0;800425,6853;5827973,981;13,42868;52,51888
197360;11;9;9031101;2019;7;19;3;3;6;4;0;1;0;1;0;0;0;0;813473,2629;5816411,605;13,60949;52,40793
197361;11;1;1033202;2019;7;21;3;3;5;3;2;0;1;0;1;0;0;0;797804,4315;5830038,942;13,39201;52,53883
197362;11;1;1033203;2019;7;20;3;3;0;7;0;0;1;0;0;0;0;0;796401,9495;5830096,117;13,37144;52,54011
197363;11;7;7020203;2019;7;19;3;3;2;7;0;1;0;0;0;0;1;0;796206,5206;5824232,496;13,36335;52,48765
197364;11;9;9020502;2019;7;19;3;3;5;2;0;1;1;0;0;0;0;0;807367,0132;5822350,367;13,52547;52,46461
197365;11;2;2020206;2019;7;19;3;2;5;7;1;0;1;0;1;0;0;0;799766,8115;5824819,202;13,41615;52,49097
197366;11;1;1011302;2019;7;19;3;2;1;5;0;1;1;0;0;0;0;0;798617,6698;5828850,144;13,4029;52,52773
197367;11;1;1011302;2019;7;18;3;3;2;6;0;0;1;0;1;0;0;0;798372,7401;5829037,422;13,39946;52,52954
197368;11;5;5020523;2019;7;18;3;3;5;3;0;0;1;0;0;0;0;0;782375,924;5827033,052;13,16259;52,52009
197369;11;8;8041037;2019;7;18;3;3;0;3;0;0;1;0;1;0;0;0;805354,681;5817314,53;13,49134;52,42061
197370;11;2;2040703;2019;7;17;3;3;6;4;0;0;1;1;0;0;0;0;801427,4069;5826416,965;13,44198;52,50437
197371;11;2;2030302;2019;7;17;3;3;2;6;0;1;0;0;0;0;0;0;801627,8052;5826057,583;13,4446;52,50104
197372;11;2;2050803;2019;7;16;3;3;5;3;0;1;1;0;0;0;0;0;802218,9191;5826089,384;13,45331;52,501
197373;11;9;9020501;2019;7;16;3;3;5;7;0;0;1;0;0;0;1;0;806509,9448;5822550,203;13,51308;52,46689
197374;11;3;3010102;2019;7;11;3;3;0;1;0;1;0;0;0;0;0;0;804086,6477;5841238,982;13,49463;52,63574
197375;11;1;1011402;2019;7;16;3;2;0;1;0;1;0;0;0;0;0;0;798678,5389;5829460,684;13,40434;52,53317
197376;11;1;1011401;2019;7;16;3;3;0;1;0;1;0;0;0;0;0;0;798474,5082;5829096,249;13,40101;52,53001
197377;11;1;1011203;2019;7;15;3;3;5;2;0;0;1;0;1;0;0;0;797776,8136;5827345,155;13,38919;52,5147
197378;11;8;8010303;2019;7;15;3;2;0;1;0;1;0;0;0;0;0;0;800329,3289;5824358,696;13,424;52,48653
197379;11;2;2040701;2019;7;14;3;3;0;7;0;1;1;0;0;0;0;0;801207,7451;5827481,316;13,43972;52,51403
197380;11;1;1044103;2019;7;13;3;3;2;6;0;0;0;0;1;0;1;0;794554,3647;5830743,303;13,34485;52,54691
197381;11;6;6020302;2019;7;13;3;3;5;7;0;0;1;0;1;0;0;0;795142,4399;5818859,104;13,34297;52,44006
197382;11;9;9041301;2019;7;13;3;2;5;3;0;1;1;0;0;0;0;0;811558,5299;5818886,184;13,58374;52,4312
197383;11;8;8010117;2019;7;12;3;3;5;7;0;0;1;0;1;0;0;0;800185,1982;5823612,589;13,42121;52,47992
197384;11;4;4030929;2019;7;12;3;3;3;2;0;0;1;0;0;0;0;0;792628,5074;5825441,235;13,31187;52,50042
197385;11;1;1011301;2019;7;12;3;3;1;5;0;1;1;0;0;0;0;0;797240,287;5828237,236;13,3821;52,52299
197386;11;4;4051445;2019;7;11;3;3;2;2;0;0;1;0;1;0;0;0;792439,2963;5824109,262;13,30792;52,48858
197387;11;2;2030301;2019;7;11;3;3;6;4;0;0;1;1;0;0;0;0;800282,3398;5826085,137;13,42487;52,50203
197388;11;4;4030929;2019;7;11;3;3;2;6;0;0;1;0;1;0;0;0;792378,8498;5825383,952;13,30815;52,50004
197389;11;3;3040614;2019;7;11;3;3;5;3;0;0;1;0;1;0;0;0;798977,7695;5835029,233;13,41375;52,58292
197390;11;5;5010314;2019;7;17;3;3;2;6;0;0;1;0;0;0;0;0;785138,3518;5828966,141;13,20485;52,53599
197391;11;5;5020521;2019;7;10;3;3;2;6;0;0;1;0;0;0;0;0;779617,7478;5827822,114;13,12271;52,52859
197392;11;7;7040401;2019;7;10;3;3;2;2;0;0;1;0;1;0;0;0;798741,9674;5823946,932;13,40032;52,48371
197393;11;2;2030402;2019;7;10;3;3;0;1;0;1;0;0;0;0;0;0;801416,9208;5825630,388;13,44112;52,49733
197394;11;1;1044203;2019;7;9;3;3;2;6;0;0;1;0;0;0;0;0;795375,1858;5831089,716;13,35723;52,54957
197395;11;11;11051229;2019;7;9;3;3;5;2;0;1;1;0;0;0;0;0;804095,0153;5825995,295;13,48078;52,49911
197396;11;4;4030518;2019;7;9;3;3;2;2;0;0;1;0;1;0;0;0;791474,7366;5828282,774;13,29741;52,52651
197397;11;3;3061429;2019;7;9;3;3;1;5;0;1;1;0;0;0;0;0;801620,921;5830165,634;13,44823;52,53787
197398;11;9;9051702;2019;7;7;3;3;5;7;0;1;0;0;0;0;1;0;814207,5313;5821766,947;13,62528;52,4555
197399;11;3;3040512;2019;7;6;3;3;5;3;0;0;1;0;0;0;1;0;796278,303;5835300,553;13,37427;52,58683
197400;11;11;11010205;2019;7;6;3;3;5;3;0;0;1;0;1;0;0;0;806501,8618;5833022,41;13,5226;52,56075
197401;11;1;1011301;2019;7;6;3;3;5;2;0;0;1;0;1;0;0;0;797556,1451;5828722,82;13,38718;52,52717
197402;11;4;4051446;2019;7;3;3;3;5;3;2;1;1;0;0;0;0;0;792847,2806;5824332,448;13,31411;52,49036
197403;11;1;1011303;2019;7;18;3;3;0;1;0;0;0;0;0;0;1;0;798485,4558;5828032,274;13,40022;52,52047
197404;11;5;5020417;2019;7;13;3;3;1;5;0;1;1;0;0;0;0;0;781733,6368;5828491,503;13,15438;52,5335
197405;11;1;1011301;2019;7;19;3;3;1;5;0;1;1;0;0;0;0;0;797482,0528;5828817,64;13,38618;52,52806
197406;11;3;3061227;2019;7;7;2;3;5;3;0;0;1;0;0;0;0;0;799586,5108;5831413,305;13,41945;52,55017
197407;11;4;4010102;2019;7;6;2;3;2;2;0;0;1;0;0;1;0;0;791672,953;5830679,627;13,30242;52,54789
197408;11;7;7070701;2019;7;1;2;3;0;1;2;0;1;0;0;0;0;0;799160,2544;5816219,514;13,39954;52,41421
197409;11;1;1011303;2019;7;15;2;3;5;3;0;1;1;0;0;0;0;0;799106,9793;5828466,091;13,40974;52,52402
197410;11;3;3040614;2019;7;15;2;3;2;7;0;0;0;0;1;1;0;0;799980,5304;5835126,008;13,4286;52,58323
197411;11;4;4051448;2019;7;17;2;3;5;2;0;1;1;0;0;0;0;1;793631,3299;5824864,161;13,32609;52,4947
197412;11;4;4031032;2019;7;17;2;3;0;7;0;1;1;0;0;0;0;1;791839,1431;5824921,469;13,29982;52,49618
197413;11;1;1033202;2019;7;13;2;3;5;2;0;1;1;0;0;0;0;0;797763,2654;5829744,614;13,39114;52,53621
197414;11;1;1033202;2019;7;13;2;3;3;6;0;1;0;0;0;0;1;0;797705,0865;5829652,281;13,3902;52,53542
197415;11;1;1044201;2019;7;16;2;3;2;7;0;0;1;0;0;0;0;0;796369,3878;5831657,559;13,37236;52,55412
197416;11;1;1011201;2019;7;15;2;2;5;2;0;1;1;0;0;0;0;0;797471,2321;5826798,786;13,38421;52,50997
197417;11;1;1033201;2019;7;15;2;3;1;1;0;0;1;0;0;0;0;0;797811,5894;5831131,418;13,39309;52,54862
197418;11;5;5020626;2019;7;16;2;3;2;6;0;0;1;0;0;0;1;0;784702,1072;5827686,122;13,19734;52,52474
197419;11;4;4020313;2019;7;14;2;2;3;6;0;0;1;0;0;0;0;0;790381,6894;5825984,707;13,27934;52,50649
197420;11;4;4030415;2019;7;17;2;2;0;1;0;0;0;0;1;0;0;1;790732,0781;5827657,588;13,28594;52,5213
197421;11;5;5010103;2019;7;21;2;3;9;1;1;0;1;0;0;0;0;1;784926,624;5831138,701;13,2036;52,55558
197422;11;8;8010211;2019;7;20;2;3;2;7;1;0;1;0;1;0;0;0;800717,3842;5823850,426;13,42924;52,48176
197423;11;12;12214424;2019;7;19;2;3;2;6;0;0;1;0;0;0;0;0;793509,8551;5832413,303;13,33097;52,56244
197424;11;1;1044203;2019;7;19;2;3;1;5;0;1;1;0;0;0;1;0;795112,1716;5831237,511;13,35349;52,55104
197425;11;2;2010103;2019;7;13;2;3;5;3;0;0;1;0;0;0;0;0;799022,9659;5826071,454;13,40636;52,5026
197426;11;4;4030726;2019;7;13;2;3;5;2;0;0;1;0;1;0;0;0;792312,4101;5825381,533;13,30717;52,50005
197427;11;1;1022106;2019;7;12;2;3;5;3;0;1;0;0;0;0;0;0;793831,3744;5828141,03;13,33192;52,52397
197428;11;9;9051901;2019;7;12;2;3;5;3;0;0;1;0;0;0;0;0;811065,6118;5821224,398;13,57869;52,45243
197429;11;11;11041022;2019;7;11;2;3;0;7;0;0;0;0;0;1;0;0;806591,6061;5827752,818;13,51906;52,51347
197430;11;6;6020306;2019;7;11;2;3;5;3;0;0;1;0;0;0;1;0;796875,8598;5817496,01;13,36719;52,4269
197431;11;9;9020501;2019;7;11;2;3;5;3;0;1;1;0;0;0;0;0;806409,5666;5822969,801;13,51199;52,4707
197432;11;2;2010102;2019;7;9;2;3;2;6;0;1;0;0;0;0;0;0;798346,1963;5825563,927;13,39596;52,49842
197433;11;11;11051332;2019;7;9;2;3;2;6;0;0;1;0;0;0;0;0;807217,6113;5824022,971;13,52482;52,47969
197434;11;3;3040614;2019;7;8;2;3;5;3;0;1;1;0;0;0;0;0;798684,5131;5833804,311;13,40833;52,5721
197435;11;1;1011301;2019;7;6;2;3;6;4;0;1;0;1;0;0;0;0;797087,5049;5828852,287;13,38041;52,52858
197436;11;5;5010101;2019;7;10;2;3;5;2;0;1;1;0;0;0;0;0;785202,6906;5831163,583;13,20768;52,55565
197437;11;4;4020311;2019;7;10;2;2;6;4;0;0;1;1;0;0;0;0;789756,334;5826384,785;13,2705;52,51041
197438;11;3;3020210;2019;7;20;2;3;1;5;1;1;1;0;0;0;0;0;798149,9737;5835473,657;13,40197;52,58735
197439;11;5;5010103;2019;7;11;2;3;6;2;0;0;1;1;0;0;0;0;783903,2146;5831186,961;13,18859;52,55654
197440;11;9;9030901;2019;7;14;1;3;6;4;0;0;1;1;0;0;0;0;809277,9159;5817390,902;13,54892;52,41909
197441;11;1;1044103;2019;7;19;1;3;2;6;0;0;1;0;0;0;0;0;794706,6407;5830843,821;13,34718;52,54773
197442;11;3;3040818;2019;7;22;1;3;1;7;2;0;0;0;1;0;1;0;800149,2991;5831877,123;13,42814;52,55402
197443;11;4;4051445;2019;7;19;1;3;1;5;0;0;1;0;1;0;0;0;791975,8154;5824146,324;13,30114;52,48916
197444;11;3;3061131;2019;7;19;1;3;5;3;0;1;1;0;0;0;0;0;799136,13;5830553,416;13,41205;52,54271
197445;11;6;6030503;2019;7;19;1;3;1;5;0;0;1;0;0;0;0;0;790696,3993;5817892,226;13,27691;52,43377
197446;11;8;8010301;2019;7;18;1;3;0;2;0;0;1;0;0;0;1;0;800750,0551;5824332,298;13,43015;52,48606
197447;11;9;9010202;2019;7;18;1;3;5;2;0;0;1;0;0;0;1;0;803842,6567;5823840,348;13,47511;52,47994
197448;11;9;9031202;2019;7;17;1;2;5;3;0;0;1;0;1;0;0;0;818821,531;5812575,883;13,68421;52,37047
197449;11;11;11030720;2019;7;16;1;3;3;6;0;0;1;0;1;0;0;0;805514,1552;5830038,116;13,50533;52,53455
197450;11;11;11010309;2019;7;16;1;2;6;4;0;0;1;1;0;0;0;0;805043,606;5833518,386;13,50161;52,56601
197451;11;11;11010102;2019;7;16;1;3;4;6;0;0;1;0;1;0;0;0;805830,8108;5834831,459;13,5144;52,57734
197452;11;2;2040701;2019;7;15;1;3;5;3;0;0;1;0;1;0;0;0;800618,9241;5827215,663;13,43083;52,51198
197453;11;5;5010207;2019;7;15;1;3;5;2;0;0;1;0;0;0;0;1;783691,1223;5830167,514;13,18459;52,54751
197454;11;4;4061757;2019;7;14;1;3;2;6;0;1;1;0;0;0;0;0;785817,4789;5825053,083;13,21147;52,50055
197455;11;9;9020801;2019;7;14;1;3;1;5;0;1;1;0;0;0;0;0;810570,0901;5820665,306;13,5709;52,4477
197456;11;4;4030930;2019;7;14;1;3;1;5;0;1;1;0;0;0;0;0;792933,6467;5825549,874;13,31645;52,50123
197457;11;1;1022104;2019;7;15;1;3;8;1;0;0;1;0;0;0;1;0;794423,8217;5828948,138;13,34134;52,53089
197458;11;12;12301206;2019;7;10;1;3;5;3;0;0;1;0;0;0;0;1;793890,5372;5837581,197;13,34115;52,60857
197459;11;8;8010301;2019;7;2;1;2;1;5;2;1;1;0;0;0;0;1;801218,4211;5824851,347;13,4375;52,49046
197460;11;1;1033102;2019;7;22;1;2;0;7;2;0;0;0;0;0;1;0;797411,7651;5831253,655;13,38732;52,54993
197461;11;3;3061228;2019;7;20;7;3;5;2;1;1;1;0;0;0;0;0;800624,1669;5831371,523;13,43467;52,54923
197462;11;1;1033203;2019;7;18;7;3;6;4;0;0;1;1;0;0;0;0;797351,5866;5831186,295;13,38638;52,54936
197463;11;12;12224230;2019;7;22;7;3;6;7;2;1;0;1;0;0;0;1;787238,4723;5837814,425;13,24339;52,61421
197464;11;7;7010104;2019;7;20;7;3;5;2;0;0;1;0;0;0;1;0;796014,0049;5824955,601;13,36116;52,49424
197465;11;12;12214424;2019;7;20;7;3;2;2;0;0;1;0;0;0;0;0;793267,6298;5832584,139;13,32756;52,56411
197466;11;8;8010301;2019;7;18;7;2;5;2;0;0;1;0;1;0;0;0;800663,9273;5824384,824;13,42894;52,48658
197467;11;11;11010102;2019;7;17;7;3;9;1;0;0;1;0;0;0;0;0;806362,865;5835157,976;13,52253;52,57996
197468;11;1;1022201;2019;7;17;7;3;5;7;0;0;1;0;1;0;0;0;795079,6277;5829098,479;13,35112;52,53188
197469;11;7;7010102;2019;7;16;7;2;1;5;0;1;1;0;0;0;0;0;794959,2689;5825281,655;13,34596;52,49773
197470;11;4;4010101;2019;7;16;7;3;5;3;0;1;1;0;0;0;0;0;790669,1179;5829639,788;13,28675;52,5391
197471;11;3;3050923;2019;7;16;7;3;8;1;0;0;0;0;0;0;1;0;800910,4538;5832110,499;13,43954;52,55569
197472;11;4;4051445;2019;7;15;7;3;5;2;0;1;1;0;0;0;0;0;792061,585;5824052,229;13,30232;52,48827
197473;11;4;4020314;2019;7;14;7;3;2;6;0;0;1;0;1;0;0;0;790363,3212;5825570,779;13,2787;52,50279
197474;11;4;4051654;2019;7;13;7;2;5;2;0;0;1;0;0;0;0;0;793433,5209;5823929,36;13,32236;52,48643
197475;11;11;11030720;2019;7;12;7;2;2;6;0;0;1;0;0;0;0;0;805112,0017;5829972,509;13,49936;52,53419
197476;11;6;6020409;2019;7;12;7;3;3;6;0;0;1;0;1;0;0;0;793238,1486;5816841,304;13,31327;52,42299
197477;11;7;7050502;2019;7;11;7;3;5;2;0;0;1;0;0;0;0;0;797576,81;5818421,451;13,37829;52,43482
197478;11;7;7060604;2019;7;11;7;3;5;3;0;1;1;0;0;0;0;0;795889,7709;5815352,929;13,35083;52,40822
197479;11;10;10020412;2019;7;10;7;3;5;3;0;1;1;0;0;0;0;0;811314,4224;5831721,137;13,59215;52,54635
197480;11;3;3020307;2019;7;10;7;2;6;3;0;0;1;1;0;0;0;0;800073,7201;5837478,547;13,4321;52,60427
197481;11;5;5030730;2019;7;9;7;3;0;6;0;0;0;0;0;0;1;0;786050,9259;5829162,042;13,21843;52,53726
197482;11;9;9010201;2019;7;9;7;2;6;2;0;0;1;1;0;0;0;0;802660,822;5824427,915;13,45829;52,48586
197483;11;12;12214421;2019;7;8;7;3;5;3;0;0;1;0;1;0;0;0;793309,3532;5833875,298;13,32931;52,57566
197484;11;8;8020619;2019;7;18;7;3;5;3;0;0;1;0;0;0;0;0;801860,1336;5821749,947;13,44411;52,4623
197485;11;3;3050923;2019;7;22;7;3;5;2;2;1;0;0;0;0;1;1;800598,249;5831859,304;13,43473;52,55361
197486;11;5;5010310;2019;7;14;6;3;2;6;0;0;1;0;0;0;0;0;784758,5282;5830452,191;13,20054;52,54951
197487;11;6;6010209;2019;7;16;6;3;5;3;0;0;1;0;0;0;0;0;794297,0485;5820851,728;13,33233;52,45838
197488;11;5;5020521;2019;7;19;6;2;5;3;0;0;1;0;0;0;0;0;780018,3664;5827865,477;13,12863;52,52877
197489;11;1;1011201;2019;7;18;6;3;5;3;0;0;1;0;1;0;0;0;796971,2111;5826858,103;13,37692;52,51077
197490;11;3;3061227;2019;7;16;6;2;5;3;0;0;1;0;1;0;0;1;800086,2845;5831671,075;13,42703;52,55221
197491;11;12;12304314;2019;7;15;6;3;2;6;0;0;1;0;0;0;0;0;791255,5223;5836431,173;13,30134;52,59967
197492;11;11;11020516;2019;7;14;6;3;4;6;0;0;1;0;0;1;0;0;805713,464;5830900,713;13,50906;52,54217
197493;11;2;2040702;2019;7;13;6;3;2;7;0;0;0;0;1;1;0;0;801777,7042;5827424,505;13,44804;52,51321
197494;11;5;5020419;2019;7;12;6;3;5;2;0;0;1;0;0;0;0;0;780873,0764;5828322,241;13,14159;52,53243
197495;11;12;12301203;2019;7;11;6;3;0;5;0;1;1;0;0;0;1;0;793235,7463;5835960,562;13,33008;52,59439
197496;11;1;1011303;2019;7;10;6;3;2;6;0;0;0;0;1;0;1;0;799248,351;5828469,191;13,41182;52,52397
197497;11;6;6020303;2019;7;10;6;3;5;2;0;1;1;0;0;0;0;0;795348,9043;5818441,799;13,34563;52,43621
197498;11;1;1011203;2019;7;8;6;3;5;3;0;1;1;0;0;0;0;0;797761,9208;5827443,002;13,38906;52,51558
197499;11;5;5010206;2019;7;22;6;3;2;2;2;0;1;0;1;0;0;0;782374,2671;5830505,233;13,16551;52,55123
197500;11;8;8020620;2019;7;20;6;3;5;3;2;0;1;0;0;0;0;0;800893,7323;5821468,207;13,42968;52,46031
197501;11;2;2050804;2019;7;16;6;3;0;1;0;0;0;0;1;0;0;1;803212,0236;5825840,015;13,46767;52,49821
197502;11;1;1011104;2019;7;12;6;2;6;2;0;0;0;1;0;0;1;0;796622,5384;5825637,032;13,37071;52,50002
197503;11;4;4020313;2019;7;10;6;2;5;3;0;0;1;0;0;0;0;0;790471,356;5826697,152;13,28127;52,51283
197504;11;11;11030619;2019;7;16;6;3;0;1;0;0;0;0;1;0;0;1;804119,0134;5829830,649;13,48464;52,53348
197505;11;1;1011302;2019;7;17;6;3;0;1;0;1;0;0;0;0;0;1;798551,2712;5828965,436;13,40202;52,5288
197506;11;10;10030724;2019;8;15;3;3;0;2;0;1;1;0;0;0;0;1;809183,9232;5830215,01;13,55943;52,53407
197507;11;3;3040818;2019;8;17;3;1;5;5;0;0;0;0;0;0;1;0;799689,7096;5832577,9;13,42201;52,56055
197508;11;8;8020621;2019;8;13;2;3;3;6;0;1;1;0;0;0;0;0;800988,8133;5819508,749;13,42931;52,44269
197509;11;1;1011105;2019;8;22;2;3;1;5;2;1;1;0;0;0;0;0;796694,0784;5826907,377;13,37289;52,51136
197510;11;4;4020311;2019;8;17;2;3;0;1;0;0;0;0;1;0;0;0;789934,7848;5826209,149;13,27296;52,50874
197511;11;4;4030621;2019;8;16;2;3;2;2;0;0;1;0;0;0;1;0;793508,1029;5827633,456;13,32672;52,5196
197512;11;1;1011302;2019;8;16;2;3;3;6;0;1;1;0;0;0;0;0;798343,1575;5828962,346;13,39896;52,52888
197513;11;4;4030417;2019;8;16;2;3;5;3;0;1;1;0;0;0;0;0;790855,6336;5826736,783;13,28696;52,51298
197514;11;9;9020601;2019;8;9;2;3;5;2;0;1;0;0;0;0;1;0;805794,606;5821825,33;13,50192;52,46079
197515;11;4;4051655;2019;8;17;2;3;3;6;0;1;1;0;0;0;0;0;794178,0473;5824120,51;13,33346;52,48774
197516;11;9;9052001;2019;8;16;2;3;0;2;0;1;0;0;0;0;1;0;809215,9385;5823033,132;13,55323;52,46969
197517;11;3;3061430;2019;8;16;2;3;6;2;0;0;0;1;0;1;0;0;802304,781;5829214,319;13,45741;52,52896
197518;11;9;9020702;2019;8;16;2;3;0;3;0;1;1;0;0;0;0;0;809182,6593;5819531,062;13,5495;52,43832
197519;11;8;8010301;2019;8;15;2;3;2;6;0;0;1;0;0;0;0;0;800845,1669;5824283,899;13,43151;52,48558
197520;11;7;7020204;2019;8;15;2;2;1;5;0;1;1;0;0;0;0;0;796145,7741;5824014,932;13,36226;52,48573
197521;11;1;1022101;2019;8;15;2;3;0;2;0;1;1;0;0;0;0;0;793098,2877;5828963,683;13,32187;52,53174
197522;11;7;7030303;2019;8;13;2;3;0;1;0;0;0;0;1;0;0;1;795889,5071;5820821,862;13,35567;52,45725
197523;11;1;1011204;2019;8;11;2;3;5;3;0;1;0;0;0;0;1;0;797962,6729;5826580,54;13,39124;52,50774
197524;11;2;2020203;2019;8;11;2;3;1;5;0;1;1;0;0;0;0;0;797035,7873;5823991,334;13,37531;52,48504
197525;11;4;4030621;2019;8;11;2;3;6;7;0;1;0;1;0;0;0;0;793162,6303;5827770,961;13,32177;52,52101
197526;11;8;8041035;2019;8;11;2;3;5;7;0;0;1;0;1;0;0;0;804345,654;5818310,531;13,47745;52,4301
197527;11;6;6010206;2019;8;11;2;3;5;3;0;0;1;0;0;0;0;0;794730,9606;5820070,642;13,338;52,45114
197528;11;1;1011202;2019;8;8;2;2;5;3;0;1;1;0;0;0;0;0;798550,2721;5827802,738;13,40097;52,51838
197529;11;7;7070703;2019;8;8;2;3;5;2;0;1;1;0;0;0;0;0;799802,6047;5813185,422;13,40624;52,38667
197530;11;1;2040701;2019;8;8;2;3;2;6;0;0;1;0;0;0;1;0;800251,8139;5827564,013;13,42575;52,5153
197531;11;8;8010117;2019;8;8;2;3;5;2;0;1;1;0;0;0;0;0;800477,1364;5823615,274;13,4255;52,47978
197532;11;4;4020311;2019;8;7;2;3;2;6;0;0;1;0;0;0;0;0;789431,5024;5826660,338;13,26596;52,51305
197533;11;3;3040614;2019;8;7;2;3;2;7;0;0;1;0;0;0;0;0;798846,4673;5834955,918;13,41176;52,58233
197534;11;3;3040614;2019;8;10;2;3;0;3;0;1;0;0;0;0;1;0;799984,783;5835246,868;13,42877;52,58431