OBJECTID;LAND;BEZ;LOR;UJAHR;UMONAT;USTUNDE;UWOCHENTAG;UKATEGORIE;UART;UTYP1;ULICHTVERH;IstRad;IstPKW;IstFuss;IstKrad;IstGkfz;IstSonstige;USTRZUSTAND;LINREFX;LINREFY;XGCSWGS84;YGCSWGS84
197535;11;3;3050925;2019;8;7;2;3;5;2;0;0;1;0;1;0;0;0;801962,582;5831443,645;13,45441;52,54913
197536;11;9;9010402;2019;8;6;2;3;5;3;0;1;1;0;0;0;0;0;806494,525;5820614,202;13,51107;52,44954
197537;11;2;2030401;2019;8;2;2;3;5;3;2;0;1;0;0;0;1;0;800519,5831;5825464,878;13,42779;52,49634
197538;11;1;1033203;2019;8;6;2;3;1;5;0;1;1;0;0;0;0;0;797099,6089;5830996,804;13,3825;52,5478
197539;11;3;3051017;2019;8;10;2;3;2;6;0;0;1;0;0;0;0;0;802911,368;5833188,512;13,46995;52,56424
197540;11;6;6010208;2019;8;9;2;3;5;2;0;0;1;0;1;0;0;0;794108,7055;5820903,111;13,32961;52,45894
197541;11;10;10030725;2019;8;9;2;3;2;6;0;0;1;0;0;0;0;0;809583,1018;5828033,338;13,56327;52,51429
197542;11;5;5010313;2019;8;9;2;3;5;2;0;1;1;0;0;0;0;0;784580,4094;5829771,713;13,19733;52,5435
197543;11;7;7040401;2019;8;4;1;3;2;6;2;0;1;0;0;0;0;0;797751,0534;5823954,123;13,38578;52,48432
197544;11;3;3051017;2019;8;17;1;2;0;1;0;1;0;0;0;0;0;0;804141,6584;5832425,905;13,48735;52,55672
197545;11;1;1011201;2019;8;13;1;3;0;1;0;0;0;0;1;0;0;0;796957,468;5826861,653;13,37672;52,51081
197546;11;1;1011303;2019;8;0;1;3;0;1;2;0;0;0;0;0;1;0;799101,3121;5828264,602;13,40948;52,52221
197547;11;5;5010314;2019;8;12;1;3;2;6;0;0;1;0;1;0;1;0;785277,1754;5829298,541;13,20717;52,53889
197548;11;3;3030406;2019;8;17;1;3;5;3;0;0;1;0;1;0;0;0;804148,1813;5838509,244;13,49303;52,61124
197549;11;6;6020303;2019;8;16;1;3;5;3;0;0;1;0;1;0;0;0;795357,9475;5818459,732;13,34578;52,43636
197550;11;5;5020522;2019;8;13;1;3;2;6;0;0;1;0;0;0;0;0;781831,5477;5827188,266;13,15472;52,52176
197551;11;5;5030730;2019;8;12;1;3;3;6;0;0;1;0;1;0;0;0;785667,9962;5829287,353;13,21291;52,53859
197552;11;4;4051447;2019;8;4;1;3;1;5;2;0;1;0;0;0;1;0;793227,5015;5825204,887;13,32046;52,49798
197553;11;3;3040614;2019;8;4;1;3;5;3;2;0;1;0;0;0;0;0;798602,6767;5833049,917;13,40645;52,56538
197554;11;11;11010101;2019;8;18;1;3;0;7;0;1;0;0;0;0;0;0;804137,6143;5834704,442;13,48938;52,57715
197555;11;2;2030402;2019;8;0;1;3;0;5;2;1;1;0;0;0;1;0;801991,933;5825603,084;13,44954;52,49677
197556;11;1;1011101;2019;8;21;1;3;1;5;2;1;1;0;0;0;0;0;794525,6392;5826093,588;13,34031;52,50524
197557;11;8;8020620;2019;8;20;1;2;5;3;1;0;1;0;0;0;0;0;801176,6426;5820600,381;13,43305;52,45238
197558;11;2;2020204;2019;8;19;1;3;0;1;0;1;0;0;0;0;0;0;798295,803;5825335,049;13,39501;52,4964
197559;11;11;11051332;2019;8;19;1;3;0;1;0;1;0;0;0;0;0;0;807244,2199;5824179,594;13,52535;52,48108
197560;11;12;12214424;2019;8;21;7;3;2;6;0;0;1;0;0;0;0;0;792918,752;5832171,662;13,32206;52,5606
197561;11;2;2030302;2019;8;14;7;3;4;6;0;1;0;0;0;0;1;0;800759,6584;5825807,211;13,43163;52,49928
197562;11;12;12214527;2019;8;14;7;3;2;6;0;0;1;0;0;0;0;0;790476,4778;5834680,712;13,28833;52,5844
197563;11;12;12214422;2019;8;19;7;3;5;3;0;0;1;0;0;0;0;0;791742,429;5832955,592;13,30545;52,56826
197564;11;4;4041136;2019;8;13;7;3;6;4;0;0;1;1;0;0;0;0;789636,0109;5823315,306;13,26606;52,48295
197565;11;8;8041035;2019;8;13;7;3;5;3;0;1;1;0;0;0;0;0;804307,6774;5819649,526;13,47812;52,44212
197566;11;2;2030301;2019;8;15;7;3;2;6;0;1;1;0;0;0;0;0;799983,5511;5826185,739;13,42057;52,5031
197567;11;8;8020727;2019;8;15;7;3;1;5;0;1;1;0;0;0;0;0;801494,5371;5817761,548;13,43515;52,42676
197568;11;8;8030831;2019;8;17;7;3;5;2;0;1;1;0;0;0;0;0;804102,8817;5817517,229;13,47317;52,42312
197569;11;12;12214424;2019;8;15;7;3;5;2;0;0;1;0;0;0;0;0;793297,9642;5832586,726;13,32801;52,56411
197570;11;1;1033101;2019;8;15;7;3;6;4;0;0;1;1;0;0;0;0;796949,0676;5832582,088;13,38171;52,56209
197571;11;3;3020209;2019;8;17;7;2;5;3;0;0;1;0;1;0;0;0;797958,8765;5835932,98;13,39957;52,59158
197572;11;5;5020625;2019;8;16;7;3;0;2;0;1;1;0;0;0;0;0;784029,1293;5828512,442;13,18815;52,5325
197573;11;9;9020701;2019;8;17;7;2;2;6;0;0;1;0;1;0;0;0;809337,736;5818509,287;13,55083;52,42908
197574;11;10;10040828;2019;8;18;7;3;5;3;0;0;1;0;0;0;0;0;812423,4106;5829322,003;13,6062;52,52422
197575;11;2;2050602;2019;8;19;7;3;0;1;0;1;0;0;0;0;0;0;802192,2314;5828107,844;13,45475;52,51911
197576;11;1;1011401;2019;8;19;7;2;1;5;0;1;0;0;0;0;1;0;797604,817;5829222,413;13,38834;52,53162
197577;11;12;12214424;2019;8;23;7;3;5;2;2;0;1;0;1;0;0;0;792908,9831;5832163,636;13,32191;52,56053
197578;11;9;9010301;2019;8;22;7;3;0;3;2;0;1;0;1;0;0;0;804758,3299;5822290,433;13,48714;52,46554
197579;11;6;6020410;2019;8;23;7;3;5;3;2;1;0;0;0;0;0;0;794133,631;5817331,112;13,32683;52,4269
197580;11;12;12103117;2019;8;13;7;2;2;7;0;1;1;0;0;0;0;0;796697,2496;5832997,085;13,37838;52,56595
197581;11;4;4020311;2019;8;11;7;3;5;5;0;0;1;0;1;0;0;0;789108,9976;5827326,726;13,2618;52,5192
197582;11;4;4030931;2019;8;11;7;3;2;6;0;1;1;0;0;0;0;0;794029,5785;5826123,672;13,33305;52,50578
197583;11;4;4030725;2019;8;11;7;3;2;6;0;1;1;0;0;0;0;0;791323,4101;5826066,443;13,29324;52,50672
197584;11;1;1044201;2019;8;10;7;3;0;2;0;0;0;0;0;1;1;0;796977,257;5831917,222;13,38153;52,55612
197585;11;11;11051229;2019;8;1;7;2;6;4;2;0;1;1;0;0;0;0;803792,3675;5826174,458;13,4765;52,50089
197586;11;8;8020727;2019;8;14;6;2;6;4;0;0;1;1;0;0;0;0;801527,5653;5817384,764;13,4353;52,42336
197587;11;5;5010313;2019;8;0;6;3;6;2;2;0;0;1;0;0;1;0;785039,0148;5829825,629;13,20413;52,54374
197588;11;1;1044201;2019;8;16;6;3;5;3;0;1;1;0;0;0;0;0;795860,801;5831121,351;13,3644;52,54959
197589;11;12;12103218;2019;8;18;6;3;0;2;0;1;1;0;0;0;0;0;794511,5874;5834270,775;13,34735;52,57855
197590;11;1;1011301;2019;8;9;6;3;6;7;0;0;0;1;0;0;1;0;797573,5057;5828588,184;13,38732;52,52595
197591;11;1;1022201;2019;8;14;6;2;5;3;0;0;1;0;1;0;0;0;795091,1428;5828855,464;13,35107;52,5297
197592;11;2;2010101;2019;8;18;6;3;0;2;0;1;1;0;0;0;0;1;797844,167;5825634,055;13,38865;52,49932
197593;11;1;1044201;2019;8;11;6;3;5;5;0;0;1;0;0;0;0;0;796602,2082;5831240,986;13,37541;52,55026
197594;11;3;3030406;2019;8;11;6;3;0;5;0;1;0;0;0;0;0;0;803016,6304;5838438,872;13,4763;52,61124
197595;11;2;2040701;2019;8;15;6;3;5;2;0;1;1;0;0;0;0;0;800154,6356;5827339,713;13,42412;52,51335
197596;11;8;8010404;2019;8;14;6;3;6;4;0;0;1;1;0;0;0;0;802027,1344;5823490,961;13,44814;52,47782
197597;11;4;4051445;2019;8;14;6;3;5;3;0;0;0;0;1;0;1;0;792459,7366;5824274,246;13,30836;52,49004
197598;11;6;6010102;2019;8;13;6;3;1;5;0;1;0;0;0;0;1;0;793219,8801;5821326,368;13,31693;52,46321
197599;11;7;7020203;2019;8;13;6;3;2;6;0;0;1;0;1;0;0;0;795666,0311;5824476,945;13,35563;52,49013
197600;11;4;4010102;2019;8;12;6;3;5;7;0;0;1;0;1;0;0;0;793041,3872;5829760,398;13,32174;52,53891
197601;11;5;5020627;2019;8;11;6;3;2;6;0;0;1;0;0;0;0;0;785136,0117;5828334,744;13,20427;52,53033
197602;11;12;12214423;2019;8;11;6;2;5;3;0;0;1;0;1;0;0;0;792481,0036;5833903,364;13,31715;52,57636
197603;11;5;5010208;2019;8;10;6;3;1;5;0;0;1;0;0;0;1;0;783755,3949;5829856,59;13,18527;52,54469
197604;11;6;6030608;2019;8;8;6;2;0;1;0;0;1;0;1;0;0;0;791059,2378;5816495,064;13,28101;52,42105
197605;11;2;2020204;2019;8;8;6;3;5;3;0;1;0;0;0;0;0;0;798523,0266;5825303,253;13,39832;52,49599
197606;11;10;10030724;2019;8;8;6;3;2;7;0;0;1;0;0;0;0;0;809579,6071;5828544,082;13,56369;52,51887
197607;11;12;12214421;2019;8;8;6;3;2;6;0;0;1;0;0;0;0;0;793463,1948;5833666,784;13,33139;52,57371
197608;11;6;6030502;2019;8;8;6;3;5;2;0;1;1;0;0;0;0;0;790227,0581;5814993,992;13,26751;52,40804
197609;11;11;11040926;2019;8;19;6;3;0;2;1;0;1;0;1;0;0;1;804496,0143;5826390,017;13,48703;52,50243
197610;11;3;3040818;2019;8;19;6;3;1;5;0;1;1;0;0;0;0;1;799103,2468;5832206,353;13,41305;52,55755
197611;11;9;9051901;2019;8;18;6;3;2;2;0;0;1;0;0;0;0;1;810525,5977;5821116,219;13,57067;52,45177
197612;11;4;4030519;2019;8;18;6;2;5;3;0;0;1;0;1;0;0;1;792666,7316;5827732,154;13,31444;52,52093
197613;11;11;11051330;2019;8;18;6;3;1;5;1;1;1;0;0;0;0;1;807089,6669;5824392,69;13,52328;52,48307
197614;11;3;3061430;2019;8;17;6;2;0;1;0;1;0;0;0;0;0;1;801788,137;5829991,342;13,45053;52,53621
197615;11;3;11030618;2019;8;17;6;3;2;6;0;0;1;0;0;0;0;1;802339,3481;5829174,13;13,45788;52,52858
197616;11;4;4030828;2019;8;17;6;3;6;4;0;0;1;1;0;0;0;1;793152,9979;5826190,93;13,32023;52,50686
197617;11;3;3061435;2019;8;17;6;3;5;3;0;0;1;0;0;0;0;1;801741,5648;5829168,902;13,44909;52,52887
197618;11;4;4020311;2019;8;16;6;3;5;3;0;0;1;0;0;0;0;1;789638,2713;5826254,713;13,26865;52,5093
197619;11;1;1033203;2019;8;16;6;3;2;6;0;0;1;0;0;0;0;1;796752,3643;5830496,269;13,37695;52,5435
197620;11;5;5020625;2019;8;22;6;3;6;4;2;0;1;1;0;0;0;0;784521,1104;5828649,896;13,1955;52,53347
197621;11;1;1044201;2019;8;20;6;3;0;1;0;1;0;0;0;0;0;0;795781,6142;5831019,172;13,36314;52,54872
197622;11;3;3061227;2019;8;18;6;3;0;2;1;1;1;0;0;0;0;1;799501,2195;5831356,33;13,41814;52,54971
197623;11;1;1033101;2019;8;15;5;3;2;6;0;0;1;0;1;0;0;0;797212,1013;5832020,146;13,38507;52,55691
197624;11;4;4030931;2019;8;22;5;3;1;5;2;1;1;0;0;0;0;0;794274,039;5825500,123;13,33609;52,50006
197625;11;6;6010101;2019;8;21;5;2;5;2;2;0;1;0;0;0;0;0;793313,8046;5820742,14;13,3178;52,45792
197626;11;3;3050923;2019;8;21;5;2;5;3;1;1;0;0;0;0;1;0;800396,6454;5831947,294;13,43184;52,55451
197627;11;2;2050801;2019;8;20;5;3;1;5;1;1;1;0;0;0;0;0;803097,8769;5826934,929;13,46699;52,50809
197628;11;2;2010101;2019;8;20;5;3;6;4;1;1;0;1;0;0;0;0;797817,6452;5825899,514;13,3885;52,50172
197629;11;3;3071536;2019;8;19;5;3;6;4;0;0;1;1;0;0;0;0;799084,9113;5830225,218;13,411;52,5398
197630;11;10;10030726;2019;8;19;5;3;5;3;0;1;1;0;0;0;0;0;809226,1922;5827212,697;13,55726;52,50714
197631;11;5;5010101;2019;8;16;5;3;2;6;0;0;1;0;1;0;0;1;785236,4594;5831826,472;13,20875;52,56158
197632;11;8;8010117;2019;8;18;5;3;1;5;0;1;1;0;0;0;0;0;800206,5944;5823526,513;13,42145;52,47914
197633;11;2;2030302;2019;8;18;5;3;0;3;0;0;1;0;1;0;0;0;800733,3861;5826516,318;13,43188;52,50565
197634;11;5;5010209;2019;8;17;5;3;5;2;0;0;1;0;0;0;0;0;783248,7712;5830289,788;13,17819;52,54884
197635;11;4;4030620;2019;8;16;5;3;2;6;0;0;1;0;0;0;1;0;792447,9746;5827189,429;13,31075;52,51619
197636;11;7;7040404;2019;8;16;5;3;0;1;0;1;0;0;0;0;0;0;796541,7762;5820099,424;13,3646;52,45042
197637;11;4;4051550;2019;8;16;5;3;5;3;0;1;1;0;0;0;0;0;792887,7282;5824294,618;13,31467;52,49
197638;11;7;7040401;2019;8;14;5;3;5;3;0;0;1;0;0;0;0;0;797325,2524;5823511,807;13,37913;52,48058
197639;11;5;5010311;2019;8;14;5;3;2;6;0;0;1;0;0;0;0;0;785231,6755;5830968,843;13,20794;52,55389
197640;11;12;12302212;2019;8;14;5;3;0;6;0;1;0;0;0;1;0;0;792682,3423;5837413,295;13,32321;52,60771
197641;11;3;3030715;2019;8;14;5;2;6;4;0;0;1;1;0;0;0;0;800685,1946;5833668,563;13,43764;52,56978
197642;11;4;4020204;2019;8;13;5;3;5;2;0;0;1;0;1;0;0;0;787702,1174;5826432,639;13,24035;52,51192
197643;11;1;1033203;2019;8;15;5;3;5;3;0;0;1;0;0;0;0;0;796725,178;5830441,734;13,3765;52,54303
197644;11;3;3061227;2019;8;13;5;3;6;4;0;0;0;1;1;0;0;0;799424,8288;5831371,47;13,41703;52,54989
197645;11;1;1011305;2019;8;13;5;2;6;4;0;0;1;1;0;0;0;0;798901,0781;5826692,217;13,40512;52,50823
197646;11;11;11040926;2019;8;13;5;3;5;2;0;1;1;0;0;0;0;0;805141,918;5826177,218;13,49632;52,50016
197647;11;10;10040829;2019;8;12;5;3;0;6;0;1;1;0;0;0;0;0;810878,2694;5827352,626;13,58165;52,50746
197648;11;2;2020204;2019;8;12;5;3;1;5;0;1;0;0;0;1;0;0;798472,0431;5824764,597;13,39709;52,49119
197649;11;3;3040614;2019;8;12;5;2;5;3;0;0;1;0;0;1;0;0;800023,5387;5834675,494;13,42882;52,57917
197650;11;4;4020310;2019;8;12;5;3;2;6;0;0;1;0;0;0;0;0;790578,244;5827355,304;13,28342;52,51867
197651;11;8;8020621;2019;8;12;5;3;5;7;0;0;1;0;0;0;0;0;800255,8668;5820518,579;13,41947;52,45215
197652;11;4;4020311;2019;8;10;5;3;5;3;0;0;1;0;0;0;0;0;788993,5354;5826824,874;13,25967;52,51476
197653;11;2;2020204;2019;8;12;5;3;2;2;0;0;1;0;1;0;0;1;798307,2909;5825319,943;13,39517;52,49625
197654;11;3;3071536;2019;8;9;5;3;5;2;0;1;1;0;0;0;0;0;799097,3877;5829119,467;13,41019;52,52988
197655;11;11;11030618;2019;8;8;5;3;5;3;0;0;0;0;0;1;1;0;802962,5382;5829199,311;13,46707;52,52846
197656;11;3;3061227;2019;8;11;5;3;5;7;0;0;1;0;0;0;0;0;800091,4071;5831671,63;13,4271;52,55221
197657;11;11;11030618;2019;8;8;5;3;5;5;0;0;1;0;1;0;0;1;802961,9857;5829229,121;13,46709;52,52873
197658;11;7;7010103;2019;8;10;5;3;0;6;0;1;1;0;0;0;0;0;795222,5234;5824517,249;13,34915;52,49074
197659;11;3;3020210;2019;8;10;5;3;1;5;0;0;1;0;0;0;0;0;798713,9284;5835849,209;13,41061;52,59041
197660;11;4;4041344;2019;8;8;5;3;0;3;0;0;1;0;1;0;0;0;793345,4634;5822848,241;13,32012;52,47679
197661;11;12;12103218;2019;8;8;5;3;5;2;0;1;1;0;0;0;0;0;794973,7113;5833121,37;13,35313;52,568
197662;11;1;1011105;2019;8;7;5;3;8;1;0;0;1;0;0;0;0;0;796143,4566;5826287,673;13,36425;52,50611
197663;11;2;2030402;2019;8;6;5;3;0;4;0;1;0;1;0;0;0;1;801701,6301;5825858,256;13,44551;52,49921
197664;11;11;11040925;2019;8;6;5;3;2;6;0;0;1;0;1;0;0;0;803714,6044;5826360,447;13,47553;52,5026
197665;11;1;1033201;2019;8;5;5;3;5;3;1;0;1;0;0;0;0;1;797904,0587;5831002,832;13,39434;52,54741
197666;11;4;4051655;2019;8;2;5;3;5;2;2;0;1;0;0;0;0;0;794005,4386;5824068,884;13,33088;52,48737
197667;11;2;2030302;2019;8;0;5;3;0;2;2;1;1;0;0;0;0;1;801420,6965;5826071,803;13,44157;52,50128
197668;11;12;12214421;2019;7;2;4;3;0;7;2;1;0;0;0;0;0;0;793457,9125;5833874,317;13,3315;52,57557
197669;11;4;4041136;2019;7;20;4;3;5;2;1;0;1;0;0;0;0;1;790688,312;5822694,722;13,28097;52,47683
197670;11;12;12103218;2019;7;20;4;3;1;5;2;0;1;0;0;0;0;1;795516,1985;5834371,925;13,36223;52,57892
197671;11;12;12103117;2019;7;20;4;3;0;1;1;0;0;0;1;0;0;1;795775,2458;5832574,735;13,36444;52,56267
197672;11;2;2020203;2019;7;19;4;3;5;5;1;0;1;0;1;0;0;0;797639,2191;5824583,574;13,3847;52,49002
197673;11;2;2040701;2019;7;23;4;3;5;7;2;0;1;0;1;0;0;1;800550,3391;5826943,713;13,42958;52,50958
197674;11;4;4051447;2019;7;22;4;3;0;1;2;0;0;0;1;0;0;1;793383,6209;5824666,596;13,32228;52,49307
197675;11;4;4030827;2019;7;18;4;3;5;2;0;0;1;0;0;0;0;0;792725,01;5826102,048;13,31387;52,50629
197676;11;8;8041036;2019;7;18;4;3;5;3;0;0;1;0;0;0;0;0;805253,9858;5817245,999;13,4898;52,42005
197677;11;1;1011303;2019;7;17;4;3;2;6;0;0;1;0;0;0;0;1;799129,2984;5828985,888;13,41054;52,52866
197678;11;4;4030929;2019;7;17;4;3;0;6;0;0;1;0;1;0;0;1;792709,7555;5825553,248;13,31316;52,50138
197679;11;4;4030725;2019;7;17;4;2;0;1;0;1;0;0;0;0;0;1;791464,1874;5825787,123;13,29507;52,50414
197680;11;10;10030727;2019;7;17;4;3;6;4;0;0;1;1;0;0;0;1;809541,086;5827065,572;13,56175;52,50564
197681;11;1;1011303;2019;7;17;4;2;5;2;0;1;1;0;0;0;0;1;798724,5164;5828298,304;13,40397;52,52272
197682;11;1;1022106;2019;7;16;4;3;0;5;0;0;1;0;1;0;0;1;794477,2405;5828352,663;13,3416;52,52552
197683;11;7;7050505;2019;7;16;4;3;2;6;0;0;1;0;0;0;0;1;798357,8334;5818989,156;13,39025;52,43948
197684;11;1;1011301;2019;7;16;4;3;5;3;0;0;1;0;0;0;0;1;797037,4266;5829318,799;13,38009;52,53279
197685;11;12;12231101;2019;7;15;4;3;5;2;0;1;1;0;0;0;0;1;791292,4727;5838941,212;13,30409;52,62216
197686;11;1;1011101;2019;7;15;4;3;2;6;0;0;1;0;0;0;0;1;795245,906;5826623,983;13,35136;52,50961
197687;11;4;4010102;2019;7;10;4;3;5;2;0;0;1;0;0;0;0;0;793340,7633;5829719,994;13,3261;52,53839
197688;11;1;1022204;2019;7;9;4;3;5;7;0;1;1;0;0;0;0;0;794769,7231;5828313,4;13,34586;52,52501
197689;11;12;12214422;2019;7;9;4;2;4;6;0;1;0;0;0;0;0;0;792106,8156;5832956,029;13,31081;52,56806
197690;11;2;2020203;2019;7;9;4;3;2;6;0;0;1;0;1;0;0;0;797822,382;5824931,546;13,3877;52,49304
197691;11;2;2030301;2019;7;7;4;3;5;2;0;1;1;0;0;0;0;0;799720,0578;5826052,13;13,41658;52,50204
197692;11;1;1011302;2019;7;15;4;2;5;7;0;0;1;0;0;0;0;0;798396,0525;5829040,767;13,39981;52,52956
197693;11;1;1011402;2019;7;7;4;3;5;3;0;1;0;0;0;0;1;0;798715,4912;5829563,106;13,40497;52,53407
197694;11;5;5030731;2019;7;7;4;3;5;2;0;0;0;0;1;0;1;0;787597,2147;5829401,001;13,24138;52,53859
197695;11;12;12214422;2019;7;4;4;3;5;3;1;1;1;0;0;0;0;0;791496,771;5833027,919;13,3019;52,56904
197696;11;11;11010204;2019;7;2;4;3;0;1;2;1;0;0;0;0;0;0;806693,6647;5833980,849;13,52631;52,56923
197697;11;5;5010312;2019;7;14;4;3;6;4;0;0;1;1;0;0;0;0;785297,9785;5830407,972;13,20843;52,54883
197698;11;1;1044101;2019;7;14;4;3;5;3;0;0;1;0;0;0;0;0;793529,1778;5832017,906;13,3309;52,55889
197699;11;6;6040810;2019;7;12;4;3;5;3;0;0;0;0;1;0;1;0;791574,3862;5821712,915;13,29312;52,46756
197700;11;4;4030929;2019;7;12;4;3;5;3;0;0;1;0;0;0;1;0;792444,0765;5825425,954;13,30914;52,50038
197701;11;12;12214527;2019;7;11;4;2;5;7;0;0;1;0;1;0;0;0;790584,9238;5834488,186;13,28976;52,58261
197702;11;7;7020203;2019;7;10;4;3;1;5;0;1;1;0;0;0;0;0;795592,4922;5824160,714;13,35427;52,48734
197703;11;4;4061757;2019;7;10;4;3;5;3;0;1;0;0;0;0;0;0;788657,619;5825722,151;13,25378;52,50505
197704;11;8;8010118;2019;7;10;4;3;6;4;0;0;1;1;0;0;0;0;800898,0072;5822408,954;13,43059;52,46874
197705;11;12;12103218;2019;7;9;3;3;0;6;0;1;1;0;0;0;0;0;794850,991;5833071,512;13,35128;52,56762
197706;11;3;3040818;2019;7;7;3;3;6;7;0;0;1;1;0;0;0;0;799443,2167;5832748,76;13,41854;52,56222
197707;11;10;10040933;2019;7;9;3;3;5;3;0;0;1;0;0;0;0;0;811989,6215;5826852,58;13,59751;52,50234
197708;11;3;3051017;2019;7;8;3;3;2;2;0;0;1;0;0;0;0;1;802839,7771;5832687,346;13,46844;52,55979
197709;11;1;1011401;2019;7;8;3;3;3;6;0;1;0;0;0;0;0;0;797300,6481;5829109,322;13,38377;52,53077
197710;11;1;1011204;2019;7;0;3;2;5;2;2;0;1;0;1;0;0;0;798901,2925;5827345,255;13,40571;52,51408
197711;11;9;9010401;2019;7;6;3;2;1;5;0;1;1;0;0;0;0;0;806046,1012;5820006,085;13,50394;52,44435
197712;11;11;11051331;2019;7;17;3;3;5;3;0;0;1;0;0;0;0;0;807676,676;5824535,78;13,53203;52,48403
197713;11;4;4041241;2019;7;16;3;2;1;5;0;1;1;0;0;0;0;0;791954,0242;5822499,632;13,29938;52,47441
197714;11;5;5020625;2019;7;16;3;2;5;7;0;0;1;0;1;0;0;0;784748,3734;5828694,96;13,19888;52,53376
197715;11;1;1044102;2019;7;15;3;3;5;2;0;1;1;0;0;0;0;0;794707,6267;5831780,937;13,34803;52,55613
197716;11;4;4030828;2019;7;15;3;3;5;7;0;0;1;0;1;0;0;0;792977,3795;5826184,837;13,31765;52,5069
197717;11;1;1011101;2019;7;15;3;3;0;3;0;0;1;0;1;0;0;0;794963,3007;5826080,539;13,34673;52,50489
197718;11;2;2020203;2019;7;23;3;3;0;1;2;1;0;0;0;0;0;0;797247,7859;5824831,582;13,37917;52,49245
197719;11;1;1033102;2019;7;15;3;3;6;4;0;0;0;1;1;0;0;0;797583,724;5831293,124;13,38989;52,55019
197720;11;3;3061228;2019;7;20;3;3;1;5;1;1;1;0;0;0;0;0;801022,3297;5830798,88;13,44;52,54387
197721;11;4;4020312;2019;7;13;3;3;0;7;0;0;1;0;1;0;0;0;789598,367;5827272,506;13,26895;52,51845
197722;11;1;1011101;2019;7;20;3;2;0;1;0;1;0;0;0;0;0;0;794549,2754;5826088,225;13,34065;52,50518
197723;11;8;8010117;2019;7;14;3;3;5;3;0;0;1;0;1;0;0;0;800380,4474;5823330,392;13,42382;52,47728
197724;11;1;1011101;2019;7;20;3;3;5;3;0;0;1;0;0;0;0;0;795324,9037;5826261,334;13,3522;52,50632
197725;11;5;5020417;2019;7;20;3;3;5;3;0;1;1;0;0;0;0;0;782573,5164;5828540,581;13,16677;52,53351
197726;11;7;7010101;2019;7;19;3;3;5;7;0;0;1;0;1;0;0;0;794624,1034;5825565,122;13,34129;52,50045
197727;11;9;9010202;2019;7;13;3;3;3;1;0;1;0;0;0;0;1;0;804279,5321;5823056,603;13,48081;52,47267
197728;11;5;5040936;2019;7;12;3;3;2;2;0;1;1;0;0;0;0;0;781551,3758;5819649,201;13,14423;52,45431
197729;11;8;8010404;2019;7;18;3;3;2;6;0;0;1;0;0;0;0;0;801839,1619;5823625,641;13,4455;52,47913
197730;11;6;6040804;2019;7;18;3;3;5;2;0;1;1;0;0;0;0;0;788760,1197;5819994,54;13,25032;52,45365
197731;11;4;4030725;2019;7;18;3;3;3;6;0;0;1;0;0;0;0;0;791881,5694;5826501,475;13,30182;52,51032
197732;11;9;9010402;2019;7;17;3;3;2;7;0;0;1;0;1;0;0;0;806289,1047;5819201,096;13,50677;52,43699
197733;11;8;8020728;2019;7;17;3;3;5;3;0;1;0;0;0;0;1;0;801800,8908;5817488,167;13,4394;52,42414
197734;11;9;9051702;2019;7;10;3;2;1;5;0;0;1;0;1;0;0;0;814030,5204;5820744,837;13,62173;52,44644
197735;11;1;1033101;2019;7;9;3;3;1;5;0;1;0;0;0;1;0;0;797963,6549;5832408,763;13,39648;52,55998
197736;11;8;8041037;2019;7;12;3;3;5;2;0;0;1;0;0;0;1;0;805438,8438;5818396,446;13,49356;52,43026
197737;11;7;7010102;2019;7;14;3;1;6;2;0;0;0;1;0;1;0;0;794950,1287;5825642,635;13,34615;52,50097
197738;11;2;2040502;2019;7;13;2;3;5;2;0;1;0;0;0;0;1;0;801250,7933;5827844,043;13,44068;52,51726
197739;11;7;7070701;2019;7;15;2;3;0;7;0;1;0;0;0;0;0;0;799195,4451;5816141,739;13,39999;52,4135
197740;11;10;10040933;2019;7;12;2;3;0;1;0;1;0;0;0;0;0;0;812433,1499;5824753,677;13,60205;52,48328
197741;11;1;1033102;2019;7;22;2;3;2;6;2;0;1;0;1;0;0;1;797662,7325;5831882,289;13,39158;52,55543
197742;11;3;3040614;2019;7;21;2;3;0;2;2;0;1;0;1;0;0;1;798606,8339;5833049,831;13,40651;52,56538
197743;11;2;2050802;2019;7;20;2;3;1;1;0;0;1;0;1;0;0;1;802589,8442;5827014,158;13,4596;52,50908
197744;11;1;1033202;2019;7;18;2;3;5;2;0;1;0;0;0;0;1;1;797763,8745;5829744,158;13,39115;52,53621
197745;11;4;4030930;2019;7;18;2;3;0;6;0;0;1;0;1;0;0;1;793293,0704;5825627,007;13,32179;52,50172
197746;11;6;6030610;2019;7;18;2;3;0;5;0;1;1;0;0;0;0;1;791844,99;5818906,647;13,29464;52,44225
197747;11;1;1033203;2019;7;18;2;3;2;6;0;0;1;0;0;0;0;1;796586,3302;5831006,272;13,37497;52,54816
197748;11;1;1011302;2019;7;16;2;3;2;6;0;0;1;0;0;0;0;0;797978,3241;5828497,041;13,39318;52,52491
197749;11;5;5010311;2019;7;16;2;3;5;7;0;1;1;0;0;0;0;0;785352,2748;5830155,443;13,20902;52,54654
197750;11;6;6010210;2019;7;19;2;3;2;6;0;0;1;0;0;0;0;1;794923,1007;5821446,918;13,34204;52,46337