OBJECTID;LAND;BEZ;LOR;UJAHR;UMONAT;USTUNDE;UWOCHENTAG;UKATEGORIE;UART;UTYP1;ULICHTVERH;IstRad;IstPKW;IstFuss;IstKrad;IstGkfz;IstSonstige;USTRZUSTAND;LINREFX;LINREFY;XGCSWGS84;YGCSWGS84
197967;11;12;12224230;2019;8;10;6;2;6;4;0;0;1;1;0;0;0;0;786260,6304;5838957,347;13,22998;52,62497
197968;11;5;5010314;2019;8;10;6;3;0;2;0;0;1;0;1;0;0;0;784787,2588;5828801,308;13,19954;52,53469
197969;11;3;3050920;2019;8;9;6;3;5;2;0;1;0;0;0;0;0;0;801713,8007;5831783,336;13,45106;52,55231
197970;11;1;1044202;2019;8;9;6;3;5;2;0;1;1;0;0;0;0;0;794628,0174;5829879,14;13,34517;52,53912
197971;11;9;9010101;2019;8;9;6;3;5;2;0;1;1;0;0;0;0;0;802628,1212;5824462,347;13,45785;52,48619
197972;11;5;5020625;2019;8;15;6;2;6;4;0;0;1;1;0;0;0;0;784538,1313;5828641,949;13,19575;52,53339
197973;11;1;1044103;2019;8;15;6;3;5;2;0;1;1;0;1;0;0;0;794988,267;5831179,99;13,35162;52,55059
197974;11;2;2010101;2019;8;14;6;3;3;6;0;1;0;0;0;0;1;0;797532,4692;5826001,06;13,3844;52,50278
197975;11;5;5010209;2019;8;14;6;3;5;2;0;0;1;0;0;0;0;0;781904,5467;5829571,257;13,15781;52,54309
197976;11;11;11030619;2019;8;13;6;3;2;6;0;0;1;0;0;0;1;0;803672,6347;5829500,063;13,47778;52,53076
197977;11;4;4051549;2019;8;2;6;3;0;1;2;1;0;0;0;0;0;0;792458,2732;5824011,377;13,30811;52,48769
197978;11;3;3071536;2019;8;23;6;3;9;1;2;0;0;0;0;0;1;0;799185,3849;5830027,242;13,4123;52,53797
197979;11;4;4030931;2019;8;14;5;2;5;2;0;0;1;0;1;0;0;0;793914,3833;5825527,807;13,33083;52,5005
197980;11;5;5020625;2019;8;16;5;2;5;2;0;0;1;0;0;0;0;0;784452,915;5828671,699;13,19452;52,5337
197981;11;11;11030618;2019;8;19;5;3;4;6;0;1;0;0;0;0;0;0;803846,9648;5828899,179;13,47979;52,52528
197982;11;4;4030931;2019;8;17;5;3;6;4;0;1;0;1;0;0;0;0;793910,4477;5826223,901;13,33139;52,50674
197983;11;9;9020501;2019;8;18;5;3;5;2;0;1;1;0;0;0;0;0;806606,8689;5822047,592;13,51404;52,46233
197984;11;6;6020301;2019;8;17;5;3;2;6;0;0;1;0;1;0;0;0;796275,5319;5818274,425;13,35907;52,4342
197985;11;6;6030504;2019;8;16;5;3;5;3;0;1;1;0;0;0;0;0;790291,7049;5817165,004;13,27034;52,42747
197986;11;1;1011101;2019;8;16;5;3;2;2;0;0;1;0;1;0;0;0;795116,5643;5826507,405;13,34936;52,50863
197987;11;1;1011305;2019;8;18;5;3;3;2;0;1;1;0;0;0;0;0;799490,22;5826644,834;13,41373;52,50748
197988;11;9;9020502;2019;8;16;5;2;5;2;0;1;1;0;0;0;0;0;807389,932;5821730,017;13,52524;52,45904
197989;11;8;8010405;2019;8;15;5;3;5;3;0;1;0;0;0;0;0;0;802493,7404;5823233,965;13,45476;52,47525
197990;11;2;2010102;2019;8;15;5;3;1;5;0;1;1;0;0;0;0;0;797983,1023;5826068,888;13,39108;52,50314
197991;11;1;1011204;2019;8;15;5;3;2;6;0;1;1;0;0;0;0;0;797968,0824;5826581,411;13,39132;52,50775
197992;11;8;8010301;2019;8;14;5;3;0;3;0;0;1;0;0;0;1;0;801101,1948;5824132,292;13,43513;52,48408
197993;11;1;1033202;2019;8;14;5;3;5;2;0;1;0;0;0;0;1;0;796960,9901;5830140,194;13,3797;52,5402
197994;11;5;5010314;2019;8;14;5;3;3;6;0;0;1;0;1;0;0;0;784988,2766;5829498,698;13,2031;52,54084
197995;11;2;2040701;2019;8;14;5;3;2;6;0;0;1;0;0;0;1;0;800302,8577;5827593,182;13,42653;52,51554
197996;11;8;8020619;2019;8;14;5;3;5;2;0;1;1;0;0;0;0;0;802612,8087;5820747,366;13,45425;52,4529
197997;11;11;11010204;2019;8;13;5;3;5;3;0;1;1;0;0;0;0;0;806721,0308;5833968,491;13,5267;52,5691
197998;11;1;1022106;2019;8;10;5;3;5;2;0;1;1;0;0;0;0;0;793842,8454;5827938,222;13,33191;52,52215
197999;11;7;7020203;2019;8;21;5;3;6;7;2;1;0;1;0;0;0;0;795605,2521;5824203,297;13,35449;52,48771
198000;11;4;4031032;2019;8;19;5;2;5;2;0;0;1;0;1;0;0;0;790958,544;5824828,662;13,2868;52,49582
198001;11;6;6040810;2019;8;8;5;3;5;5;0;1;1;0;0;0;0;0;792390,0143;5821311,806;13,30474;52,46352
198002;11;12;12304313;2019;8;10;5;2;5;3;0;0;1;0;0;0;0;0;792143,1969;5834902,424;13,31306;52,58549
198003;11;3;3051017;2019;8;8;5;3;5;3;0;1;0;0;0;0;0;0;802905,2808;5833190,584;13,46986;52,56427
198004;11;3;3061430;2019;8;8;5;3;5;7;0;0;1;0;1;0;0;0;802577,2722;5829421,258;13,46161;52,53066
198005;11;1;1011201;2019;8;9;5;3;0;1;0;1;0;0;0;0;0;1;797045,1174;5826556,027;13,37774;52,50802
198006;11;8;8020622;2019;8;8;5;3;2;6;0;0;1;0;0;0;0;0;801289,3341;5819652,694;13,43385;52,44382
198007;11;5;5010205;2019;8;8;5;3;5;3;0;1;1;0;0;0;0;0;780096,1591;5830192,289;13,13174;52,5496
198008;11;10;10010204;2019;8;6;5;2;6;4;0;0;1;1;0;0;0;0;809583,1292;5832688,2;13,5676;52,55601
198009;11;5;5030731;2019;8;8;4;3;6;7;0;1;0;1;0;0;0;0;786952,3021;5829373,308;13,23187;52,53868
198010;11;1;1011203;2019;8;14;4;3;5;2;0;1;0;0;0;0;0;1;797883,4172;5827468,3;13,39087;52,51574
198011;11;9;9020601;2019;8;12;4;2;6;7;0;1;0;1;0;0;0;0;806755,6134;5821023,154;13,51528;52,45306
198012;11;7;7040405;2019;8;11;4;3;3;6;0;0;1;0;0;0;0;0;798871,0405;5821208,386;13,39976;52,45909
198013;11;4;4051446;2019;8;11;4;2;6;4;0;0;1;1;0;0;0;0;792379,5086;5825041,82;13,30786;52,49697
198014;11;2;2020203;2019;8;11;4;3;2;6;0;0;1;0;0;0;0;0;797294,6702;5824859,541;13,37989;52,49268
198015;11;2;2020204;2019;8;9;4;3;6;4;0;1;0;1;0;0;0;0;798646,6606;5825146,559;13,4;52,49451
198016;11;8;8020728;2019;8;9;4;3;6;4;0;0;1;1;0;0;0;0;802450,0222;5817211,62;13,44866;52,4213
198017;11;4;4030724;2019;8;9;4;3;5;7;0;0;1;0;0;0;0;0;791053,258;5826041,686;13,28925;52,50664
198018;11;4;4051446;2019;8;9;4;3;5;3;0;1;1;0;0;0;0;0;792912,4407;5824395,27;13,31512;52,49089
198019;11;6;6030608;2019;8;9;4;2;5;3;0;1;1;0;0;0;0;0;791931,0031;5817469,527;13,29465;52,42932
198020;11;1;1011402;2019;8;8;4;3;0;6;0;0;1;0;1;0;0;0;798153,3287;5829856,451;13,39697;52,537
198021;11;1;1011201;2019;8;7;4;3;2;2;0;0;1;0;1;0;0;0;797471,6288;5826797,767;13,38422;52,50996
198022;11;8;8010510;2019;8;3;4;3;5;3;2;1;1;0;0;0;0;0;802944,2055;5822480,612;13,46069;52,46825
198023;11;1;1011103;2019;8;20;4;3;5;3;0;0;1;0;1;0;0;0;795948,4133;5825842,049;13,36099;52,50222
198024;11;4;4051653;2019;8;7;4;3;5;2;0;0;1;0;0;0;0;0;793959,4928;5824711,478;13,33077;52,49316
198025;11;12;12231101;2019;8;12;4;3;5;3;0;0;1;0;0;0;0;0;791063,3653;5838521,126;13,30035;52,61851
198026;11;12;12214424;2019;8;12;4;3;0;1;0;1;0;0;0;0;0;0;793166,4873;5832631,332;13,32611;52,56458
198027;11;3;3040512;2019;8;7;4;3;2;6;0;0;1;0;0;0;0;0;796351,7231;5835763,049;13,37577;52,59093
198028;11;6;6020301;2019;8;2;4;3;9;1;2;0;1;0;0;0;0;0;795797,0108;5819015,273;13,35271;52,4411
198029;11;2;2020204;2019;8;16;4;3;5;3;0;0;1;0;0;0;0;0;798432,2293;5824775,349;13,39652;52,4913
198030;11;3;3040818;2019;8;8;4;3;3;6;0;1;1;0;0;0;0;0;799817,8277;5832027,341;13,4234;52,55555
198031;11;1;1011402;2019;8;15;4;3;6;7;0;0;0;1;0;0;1;0;798796,2729;5829200,867;13,40584;52,53077
198032;11;7;7020204;2019;8;15;4;3;3;7;0;1;0;0;0;0;0;0;796253,8663;5823582,794;13,36347;52,4818
198033;11;1;1011204;2019;8;15;4;3;5;2;0;1;0;0;0;0;1;1;798118,3084;5826806,719;13,39373;52,50968
198034;11;2;2030402;2019;8;14;4;3;0;6;0;1;1;0;0;0;0;0;801840,4319;5825742,687;13,44744;52,4981
198035;11;1;1011303;2019;8;14;4;3;0;1;0;0;0;0;1;0;0;1;799539,2574;5828242,843;13,41589;52,52178
198036;11;7;7050501;2019;8;14;4;3;0;3;0;1;1;0;0;0;0;1;797341,9626;5818651,203;13,37505;52,437
198037;11;2;2020204;2019;8;14;4;3;0;2;0;0;0;0;1;0;1;1;798295,634;5825321,221;13,395;52,49627
198038;11;3;3061430;2019;8;14;4;3;5;2;0;1;1;0;0;0;0;1;802417,5389;5829233,88;13,45909;52,52907
198039;11;4;4030623;2019;8;19;4;3;5;2;0;1;1;0;0;0;0;0;793021,543;5826957,25;13,31898;52,5138
198040;11;5;5020419;2019;8;18;4;3;5;3;0;0;1;0;0;0;0;0;780874,55;5828327,515;13,14161;52,53247
198041;11;11;11041128;2019;8;17;4;3;5;3;0;0;1;0;1;0;0;0;806669,2935;5825621,953;13,51824;52,49433
198042;11;11;11030720;2019;8;13;4;3;5;7;0;0;1;0;0;1;0;1;804930,4818;5828708,41;13,49554;52,52296
198043;11;10;10040828;2019;8;13;4;3;5;7;0;0;1;0;0;0;0;0;811564,5324;5828250,804;13,59257;52,51511
198044;11;1;1022106;2019;8;13;4;3;5;2;0;1;1;0;0;0;0;0;794317,3858;5828375,768;13,33927;52,52581
198045;11;1;1022104;2019;8;5;3;3;5;3;1;0;1;0;1;0;0;0;793962,1842;5829147,045;13,33473;52,53292
198046;11;6;6010209;2019;8;12;3;2;1;5;0;1;1;0;0;0;0;0;794162,7871;5821472,77;13,3309;52,46402
198047;11;4;4051653;2019;8;15;3;3;0;6;0;0;1;0;1;0;0;1;793977,1132;5824687,009;13,33101;52,49293
198048;11;7;7020202;2019;8;16;3;3;1;7;0;0;1;0;0;0;0;0;795295,2721;5823410,803;13,34924;52,48078
198049;11;4;4020310;2019;8;10;3;3;2;2;0;0;1;0;1;0;0;0;790346,2112;5827318,973;13,27998;52,51847
198050;11;1;1011203;2019;8;20;3;3;5;3;2;1;1;0;0;0;0;0;797877,4444;5827467,313;13,39078;52,51574
198051;11;7;7010104;2019;8;20;3;3;3;6;0;1;0;0;0;0;1;0;796278,4867;5824923,285;13,36502;52,4938
198052;11;6;6030501;2019;8;19;3;3;1;1;0;0;1;0;0;0;0;0;789009,5406;5817158,507;13,25153;52,42809
198053;11;7;7030301;2019;8;19;3;3;2;6;0;0;1;0;0;0;0;0;794252,3651;5822055,721;13,33273;52,46919
198054;11;5;5010314;2019;8;18;3;3;0;2;0;0;1;0;0;0;1;0;784994,7893;5829498,224;13,20319;52,54083
198055;11;5;5020625;2019;8;18;3;3;0;4;0;1;0;1;0;0;0;0;784457,8651;5828663,714;13,19458;52,53363
198056;11;1;1011301;2019;8;18;3;3;2;2;0;1;1;0;0;0;0;0;797511,7446;5828326,84;13,38617;52,52364
198057;11;1;1033203;2019;8;18;3;3;5;3;0;1;1;0;0;0;0;0;796637,6403;5829799,464;13,37464;52,53732
198058;11;2;2020206;2019;8;16;3;3;0;7;0;1;1;0;0;0;0;1;799660,0378;5825045,622;13,41479;52,49305
198059;11;2;2020206;2019;8;17;3;2;2;6;0;0;0;0;1;0;1;0;799354,6489;5824553,973;13,40986;52,48882
198060;11;9;9031101;2019;8;17;3;3;3;6;0;1;1;0;0;0;0;0;812272,4861;5816664,686;13,59213;52,41088
198061;11;1;1011105;2019;8;17;4;3;5;2;0;1;1;0;0;0;0;0;796110,1835;5826714,408;13,36414;52,50995
198062;11;1;1011204;2019;8;17;3;3;0;3;0;0;1;0;1;0;0;1;798147,1841;5826702,157;13,39406;52,50873
198063;11;4;4030620;2019;8;17;3;3;5;7;0;1;1;0;0;0;0;0;792926,052;5827451,134;13,31801;52,51827
198064;11;1;1022202;2019;8;17;4;3;0;2;0;1;1;0;0;0;0;0;795668,9129;5829732,336;13,36034;52,53724
198065;11;3;3061126;2019;8;17;3;3;5;2;0;1;1;0;0;0;0;0;798411,9276;5831802,081;13,40252;52,5543
198066;11;7;7070702;2019;8;17;4;3;5;3;0;1;1;0;0;0;0;0;800641,0362;5814918,821;13,42008;52,40174
198067;11;1;1011203;2019;8;17;3;3;5;3;0;0;1;0;0;0;1;0;797757,1703;5827447,417;13,38899;52,51563
198068;11;10;10010203;2019;8;17;4;3;5;3;0;1;0;0;0;0;1;0;807649,1373;5830820,334;13,53743;52,54036
198069;11;6;6020303;2019;8;17;3;3;5;2;0;0;1;0;1;0;0;0;795577,8985;5818297,475;13,34886;52,43479
198070;11;1;1011202;2019;8;8;4;3;5;2;0;1;0;0;1;0;0;0;797648,5536;5828123,815;13,388;52,52175
198071;11;3;3051021;2019;8;11;3;3;2;5;0;0;1;0;1;0;0;0;803299,0151;5832238,536;13,47479;52,55551
198072;11;2;2010104;2019;8;16;4;3;6;7;0;1;0;1;0;0;0;0;799037,4848;5825525,393;13,40608;52,4977
198073;11;8;8010117;2019;8;12;3;3;2;6;0;1;1;0;0;0;0;0;800581,6621;5823235,918;13,42669;52,47633
198074;11;1;1044201;2019;8;16;4;2;1;5;0;0;1;0;1;0;0;0;796613,8589;5831758,443;13,37604;52,55489
198075;11;1;1033101;2019;8;11;3;3;5;3;0;0;1;0;1;0;0;0;797681,2015;5832859,991;13,39273;52,56418
198076;11;5;5030832;2019;8;11;3;3;6;7;0;0;1;1;0;0;0;0;789682,9471;5829290,225;13,27195;52,53649
198077;11;1;1044201;2019;8;15;4;3;5;2;0;0;1;0;1;0;0;0;796315,8523;5831639,222;13,37155;52,55399
198078;11;6;6040806;2019;8;10;3;3;1;5;0;1;1;0;0;0;0;0;789432,1103;5819803,077;13,26002;52,45157
198079;11;4;4030623;2019;8;15;4;2;5;2;0;1;0;0;0;0;1;0;793381,001;5827323,304;13,32458;52,51688
198080;11;8;8010117;2019;8;9;3;3;5;3;0;0;1;0;1;0;1;0;800610,3629;5823149,809;13,42704;52,47554
198081;11;12;12214527;2019;8;12;4;3;5;7;0;0;1;0;1;0;0;0;790382,2859;5834609,562;13,28688;52,58381
198082;11;3;3030406;2019;8;9;3;3;0;3;0;0;1;0;0;0;1;0;802745,303;5839064,717;13,47288;52,617
198083;11;6;6040703;2019;8;11;4;3;5;3;0;0;1;0;0;0;0;0;785940,6961;5817242,8;13,20659;52,43046
198084;11;8;8010510;2019;8;8;3;3;5;2;0;1;1;0;0;0;0;0;802495,323;5822550,456;13,45416;52,46913
198085;11;4;4030620;2019;8;7;3;3;5;2;0;1;1;0;0;0;0;0;791904,161;5827432,757;13,30297;52,51866
198086;11;11;11030721;2019;8;10;4;3;5;5;0;0;1;0;0;0;1;0;805065,1366;5828068,406;13,49693;52,51715
198087;11;1;1022105;2019;8;10;4;3;5;2;0;0;1;0;0;0;0;0;793708,979;5828405,774;13,33036;52,52641
198088;11;3;3040614;2019;8;7;3;3;5;3;0;1;1;0;0;0;0;0;799982,6898;5835097,359;13,4286;52,58297
198089;11;11;11010103;2019;8;7;3;2;3;6;0;0;0;0;1;0;1;0;809149,8274;5834434,031;13,56286;52,5719
198090;11;1;1022206;2019;8;10;4;2;6;7;0;0;1;1;0;0;0;0;796249,2749;5828293,77;13,36759;52,52403
198091;11;9;9020802;2019;8;7;3;3;2;6;0;0;1;0;1;0;0;0;810121,8602;5820417,14;13,5641;52,44573
198092;11;9;9010201;2019;8;9;4;3;5;2;0;1;1;0;0;0;0;0;803087,4944;5824001,539;13,46417;52,4818
198093;11;4;4041238;2019;8;15;3;3;1;5;0;0;1;0;0;0;0;0;791325,5746;5822594,394;13,29024;52,47559
198094;11;11;11030721;2019;8;16;3;3;4;6;0;1;1;0;0;0;0;0;805206,4246;5828089,675;13,49902;52,51726
198095;11;7;7060603;2019;8;9;4;3;5;2;0;1;1;0;0;0;0;0;798458,0235;5816858,123;13,38982;52,42032
198096;11;12;12231102;2019;8;15;3;3;0;3;0;0;0;0;1;0;1;1;790597,9421;5839715,374;13,29454;52,62947
198097;11;5;5010206;2019;8;15;3;3;0;3;0;0;1;0;1;0;0;1;781252,7204;5830770,05;13,14924;52,55418
198098;11;3;3071536;2019;8;7;4;3;5;2;0;1;0;0;0;0;1;0;799143,9981;5829203,411;13,41095;52,53061
198099;11;4;4020207;2019;8;16;3;2;5;7;0;0;1;0;0;0;0;0;788126,0595;5826660,205;13,24678;52,51374
198100;11;5;5020628;2019;8;15;3;3;0;3;0;0;1;0;1;0;0;0;784107,4778;5826571,67;13,18764;52,51506
198101;11;1;1044201;2019;8;15;4;3;5;2;0;1;1;0;0;0;0;0;796702,6521;5831625,93;13,37723;52,55366
198102;11;1;1044201;2019;8;14;3;3;6;4;0;1;0;1;0;0;0;0;796484,0914;5831932,031;13,37429;52,55652
198103;11;3;3071537;2019;8;15;4;3;4;5;0;1;1;0;0;0;0;0;799661,5668;5830085,927;13,41935;52,53823
198104;11;11;11030618;2019;8;16;3;3;3;6;0;1;0;0;0;0;0;0;803242,0889;5829630,813;13,47157;52,53217
198105;11;7;7010102;2019;8;15;4;3;3;6;0;1;1;0;0;0;0;0;794958,6569;5825649,153;13,34628;52,50103
198106;11;8;8010118;2019;8;14;3;3;0;2;0;0;1;0;1;0;0;0;800608,4452;5822055,673;13,42602;52,46573
198107;11;3;3040614;2019;8;14;4;3;5;3;0;0;1;0;1;0;0;0;798134,5278;5833144,702;13,39965;52,56649
198108;11;9;9020701;2019;8;14;3;2;5;2;0;0;1;0;1;0;0;0;808328,5657;5818867,728;13,53636;52,43286
198109;11;9;9051702;2019;8;16;3;3;5;7;0;0;1;0;1;0;0;0;814278,2174;5822668,957;13,62717;52,46354
198110;11;4;4020313;2019;8;14;4;3;6;2;0;0;1;1;0;0;0;0;790619,1232;5826514,546;13,28329;52,51111
198111;11;12;12304314;2019;8;14;4;3;1;5;0;1;1;0;0;0;0;0;791350,1453;5835733,339;13,30212;52,59337
198112;11;5;5030730;2019;8;13;3;3;5;2;0;1;1;0;0;0;0;0;785740,9699;5829268,777;13,21397;52,53838
198113;11;1;1011402;2019;8;8;3;3;5;3;0;1;1;0;0;0;0;0;798594,193;5829506,506;13,40314;52,53362
198114;11;8;8010404;2019;8;13;4;2;5;3;0;0;1;0;1;0;0;0;801372,1812;5823768,391;13,43878;52,48066
198115;11;4;4051550;2019;8;12;3;3;5;7;0;1;1;0;0;0;0;0;793210,3227;5824255,775;13,31937;52,48948
198116;11;2;2040701;2019;8;13;4;3;5;3;0;0;1;0;0;0;0;0;800313,1137;5827614,722;13,4267;52,51572
198117;11;12;12301203;2019;8;16;3;3;3;6;0;0;1;0;0;0;0;0;792996,0588;5835643,84;13,32627;52,59168
198118;11;3;3050920;2019;8;13;4;3;5;3;0;0;1;0;0;0;0;0;802176,9;5832418,005;13,45845;52,55775
198119;11;2;2050802;2019;8;15;3;3;5;3;0;0;1;0;0;0;0;1;802674,4834;5827248,385;13,46106;52,51113
198120;11;4;4030620;2019;8;13;4;2;1;5;0;0;1;0;0;0;1;0;792463,4101;5827182,441;13,31097;52,51611
198121;11;3;3061430;2019;8;15;3;3;5;2;0;1;1;0;0;0;0;1;802416,1299;5829233,278;13,45907;52,52907
198122;11;6;6040810;2019;8;7;4;3;0;2;0;0;1;0;1;0;0;0;790573,2869;5819746,916;13,27671;52,45046
198123;11;12;12301203;2019;8;15;3;3;0;1;0;0;0;0;1;0;0;1;792371,3784;5834089,693;13,3157;52,57808
198124;11;7;7010102;2019;8;12;4;3;1;5;0;1;1;0;0;0;1;0;795909,52;5825162,448;13,35981;52,49615
198125;11;9;9051901;2019;8;13;5;3;5;7;0;0;1;0;0;0;1;0;810762,6809;5820884,689;13,57393;52,44956
198126;11;10;10040829;2019;8;13;5;3;1;5;0;1;1;0;0;0;0;0;811523,7931;5827156,263;13,59095;52,50533
198127;11;1;1044101;2019;8;13;5;3;5;2;0;1;1;0;0;0;0;0;794165,4345;5830317,61;13,33876;52,5433
198128;11;1;1011202;2019;8;12;5;3;2;7;0;1;1;0;0;0;0;0;797713,2172;5827742,369;13,38861;52,51829
198129;11;1;1022106;2019;8;9;5;2;2;7;0;0;1;0;0;0;0;0;793981,8463;5828213,025;13,3342;52,52454
198130;11;4;4020310;2019;8;9;5;2;5;2;0;1;0;0;0;1;0;0;790377,3342;5827305,695;13,28042;52,51833
198131;11;1;1011306;2019;8;9;5;3;5;2;0;0;1;0;1;0;0;0;800217,6184;5826836,19;13,42459;52,5088
198132;11;1;1044202;2019;8;9;5;3;0;5;0;0;1;0;1;0;0;0;794691,0916;5829867,029;13,34609;52,53898
198133;11;11;11020411;2019;8;9;5;3;5;3;0;1;1;0;0;0;0;0;804493,4617;5833106,309;13,49315;52,56262
198134;11;1;1044201;2019;8;8;5;3;5;3;0;0;1;0;0;0;0;0;796668,0538;5831919,027;13,37698;52,5563
198135;11;7;7030303;2019;8;8;5;3;5;2;0;0;1;0;1;0;0;0;795243,1041;5822265,217;13,34746;52,47054
198136;11;12;12214424;2019;8;8;5;3;3;6;0;0;1;0;0;1;0;0;793377,6881;5832523,965;13,32912;52,56351
198137;11;1;1022206;2019;8;8;5;3;5;2;0;1;1;0;0;0;0;0;795547,8192;5828216,315;13,35721;52,52372
198138;11;2;2040502;2019;8;8;5;3;5;2;0;1;1;0;0;0;0;0;800682,9989;5828487,434;13,43292;52,52334
198139;11;9;9020601;2019;8;7;5;3;5;2;0;1;1;0;0;0;0;0;807993,4899;5820988,578;13,53341;52,45206
198140;11;7;7010101;2019;8;3;5;3;6;6;2;0;0;1;0;0;1;0;794871,7443;5825151,88;13,34456;52,49661
198141;11;12;12231101;2019;8;10;5;3;0;1;0;0;0;0;1;0;0;0;790969,4582;5839059,932;13,29944;52,62339
198142;11;12;12214424;2019;8;16;4;3;5;2;0;1;1;0;0;0;0;0;793549,3751;5832363,97;13,33151;52,56198
198143;11;12;12304314;2019;8;16;4;3;0;1;0;0;1;0;1;0;0;0;790912,0196;5836075,853;13,29597;52,59667
198144;11;2;2020202;2019;8;4;4;3;5;3;2;0;1;0;0;0;0;1;797613,612;5825516,809;13,38516;52,4984
198145;11;3;3061126;2019;8;19;4;3;2;2;2;0;1;0;1;0;0;0;798279,9804;5831806,93;13,40059;52,55442
198146;11;4;4030620;2019;8;19;4;3;5;3;1;0;1;0;1;0;0;0;792153,9557;5827387,865;13,3066;52,51812
198147;11;6;6010205;2019;8;18;4;3;5;2;0;0;1;0;1;0;0;0;795319,9544;5819776,99;13,34639;52,44819
198148;11;7;7030301;2019;8;18;4;3;5;7;0;1;0;0;0;0;1;0;793975,5858;5821710,854;13,32837;52,46625
198149;11;2;2010101;2019;8;17;4;3;1;5;0;0;1;0;1;0;0;0;797765,6944;5826033,166;13,38785;52,50294
198150;11;2;2050602;2019;8;16;4;3;1;5;0;1;1;0;0;0;0;0;803387,508;5827907,456;13,47213;52,51665
198151;11;2;2020206;2019;8;18;4;3;3;6;0;1;1;0;0;0;0;0;799873,7068;5825357,012;13,41821;52,49573
198152;11;5;5020521;2019;8;17;4;3;0;3;0;1;1;0;0;0;0;0;780077,7011;5827688,408;13,12936;52,52715
198153;11;6;6020409;2019;8;14;4;2;2;6;0;0;1;0;0;0;1;0;793570,7253;5817998,586;13,31916;52,43319
198154;11;7;7030301;2019;8;17;4;3;3;6;0;1;1;0;0;0;0;0;794359,0268;5822247,024;13,33447;52,47085
198155;11;4;4051652;2019;8;17;4;3;0;4;0;1;0;1;0;0;0;0;793463,7422;5824621,626;13,32341;52,49262
198156;11;7;7010102;2019;8;15;4;3;3;6;0;1;1;0;0;0;0;0;795727,2576;5824969,538;13,35697;52,49452
198157;11;7;7040403;2019;8;22;4;3;5;3;2;0;1;0;0;0;0;0;797649,58;5822183,979;13,38271;52,4685
198158;11;7;7020203;2019;8;19;4;3;5;2;0;1;1;0;0;0;0;0;795524,7069;5823822,16;13,35297;52,48434
198159;11;1;1033201;2019;8;8;4;2;6;4;0;1;0;1;0;0;0;0;797803,3082;5831143,384;13,39298;52,54873
198160;11;1;1011204;2019;8;8;4;3;5;3;0;1;1;0;0;0;0;0;797890,573;5826670,873;13,39026;52,50859
198161;11;5;5040934;2019;8;8;4;3;5;3;0;0;1;0;1;0;0;0;783690,2927;5824737,193;13,17995;52,49882
198162;11;2;2040701;2019;8;7;4;3;5;2;0;0;1;0;0;0;0;0;800425,4654;5827972,786;13,42867;52,51887
198163;11;12;12214422;2019;8;7;4;3;6;2;0;0;1;1;0;0;0;0;792214,8478;5833712,562;13,31306;52,57479
198164;11;3;3020307;2019;8;7;4;3;6;2;0;0;1;1;0;0;0;0;799901,8925;5838069,646;13,43011;52,60966
198165;11;5;5010314;2019;8;6;4;2;0;6;1;0;1;0;1;0;0;0;785231,0284;5829322,145;13,20652;52,53913
198166;11;8;8020622;2019;8;6;4;3;5;3;0;1;0;0;0;0;1;0;801258,6916;5819803,717;13,43353;52,44519
198167;11;7;7050504;2019;8;9;4;3;9;1;0;0;1;0;0;0;1;0;799445,2164;5819614,41;13,40676;52,44449
198168;11;10;10010308;2019;8;17;4;2;5;2;0;0;1;0;1;0;0;0;806521,665;5829883,215;13,52;52,5326
198169;11;1;1011203;2019;8;16;4;2;5;3;0;1;1;0;0;0;0;0;797901,5781;5827372,985;13,39105;52,51488
198170;11;7;7020203;2019;8;15;4;3;0;1;0;0;1;0;1;0;0;0;795241,2935;5823949,464;13,34892;52,48564
198171;11;12;12214527;2019;8;15;4;3;5;3;0;1;1;0;0;0;0;0;790384,5358;5834864,373;13,28714;52,58609
198172;11;10;10010308;2019;8;15;4;3;5;3;0;1;1;0;0;0;0;0;806824,9184;5830304,099;13,52484;52,5362
198173;11;9;9010401;2019;8;15;4;3;6;4;0;0;1;1;0;0;0;0;806211,5535;5820346,362;13,50668;52,4473
198174;11;8;8010301;2019;8;15;4;3;5;2;0;1;1;0;0;0;0;0;800525,9921;5824460,619;13,42698;52,48733
198175;11;6;6040809;2019;8;14;4;2;5;3;0;1;1;0;0;0;0;0;791452,5944;5820604,459;13,29037;52,45768
198176;11;9;9020701;2019;8;14;4;3;5;2;0;0;1;0;0;0;0;0;808252,3394;5818799,369;13,53518;52,43229
198177;11;2;2010101;2019;8;12;4;3;5;3;0;1;1;0;0;0;0;0;797704,579;5825813,425;13,38676;52,50101
198178;11;4;4030417;2019;8;11;4;3;5;2;0;1;0;0;1;0;0;0;790955,0683;5826746,159;13,28842;52,51301
198179;11;8;8020728;2019;8;10;4;2;2;6;0;0;1;0;1;0;0;0;801959,6883;5816764,03;13,44107;52,41756
198180;11;9;9031101;2019;8;9;4;3;5;3;0;0;1;0;0;0;1;0;812114,2283;5816639,083;13,58979;52,41074
198181;11;4;4010102;2019;8;9;4;2;5;3;0;0;1;0;1;0;0;0;792207,3734;5830684,093;13,31029;52,54764
198182;11;11;11010103;2019;8;9;4;3;5;2;0;1;0;0;0;0;1;0;809245,205;5834482,632;13,56431;52,57228