OBJECTID;LAND;BEZ;LOR;UJAHR;UMONAT;USTUNDE;UWOCHENTAG;UKATEGORIE;UART;UTYP1;ULICHTVERH;IstRad;IstPKW;IstFuss;IstKrad;IstGkfz;IstSonstige;USTRZUSTAND;LINREFX;LINREFY;XGCSWGS84;YGCSWGS84
198400;11;9;9020502;2019;8;15;5;3;2;6;0;0;1;0;0;0;0;0;808550,2719;5821662,088;13,5422;52,45778
198401;11;1;1022104;2019;8;7;6;3;4;4;0;1;0;1;0;0;0;0;794565,5548;5828688,546;13,3432;52,52848
198402;11;1;1044201;2019;8;16;5;3;5;3;0;1;1;0;0;0;0;1;796705,2814;5831623,596;13,37727;52,55363
198403;11;1;1011202;2019;8;16;5;3;5;3;0;1;1;0;0;0;0;0;798164,3527;5827654,87;13,39516;52,51726
198404;11;8;8020619;2019;8;7;6;3;1;4;0;0;1;1;1;0;0;0;801522,7374;5820826,28;13,43833;52,45421
198405;11;3;3050920;2019;8;15;5;3;6;4;0;0;1;1;0;0;0;0;801899,622;5831983,95;13,45398;52,55401
198406;11;4;4020313;2019;8;6;6;3;5;3;0;0;1;0;1;0;0;0;790313,5771;5826032,152;13,27838;52,50695
198407;11;7;7010102;2019;8;15;5;3;5;7;0;1;1;0;0;0;0;0;795138,7782;5825315,223;13,34863;52,49793
198408;11;5;5010314;2019;8;6;6;3;5;2;0;1;1;0;0;0;0;0;785169,3366;5829353,742;13,20564;52,53945
198409;11;2;3061435;2019;8;14;5;2;6;4;0;0;1;1;0;0;0;0;801966,1795;5829057,2;13,45229;52,52774
198410;11;3;3040818;2019;8;14;5;3;5;3;0;1;1;0;0;0;0;0;799498,5859;5831955,332;13,41864;52,55508
198411;11;12;12301203;2019;8;13;5;3;2;6;0;0;1;0;0;0;0;0;792902,968;5835251,063;13,32455;52,58821
198412;11;1;1011401;2019;8;13;5;3;2;6;0;0;1;0;1;0;0;0;798237,0972;5829359,982;13,39776;52,53251
198413;11;1;1022206;2019;8;23;5;3;2;6;2;0;1;0;0;0;0;0;796221,3014;5828479,042;13,36734;52,52571
198414;11;12;12214125;2019;8;17;5;3;5;3;0;0;1;0;1;0;0;0;788332,6224;5832049,025;13,25449;52,56194
198415;11;3;3040818;2019;8;12;5;3;2;6;0;0;1;0;0;0;0;0;799062,2721;5833193,75;13,41334;52,56642
198416;11;1;1022106;2019;8;10;5;3;0;2;0;1;1;0;0;0;0;0;793674,4089;5828112,209;13,32959;52,5238
198417;11;2;2010103;2019;8;17;5;3;5;2;0;1;1;0;0;0;0;0;799113,4154;5826283,725;13,40787;52,50445
198418;11;6;6030504;2019;8;10;5;3;5;2;0;0;1;0;1;0;0;0;790571,965;5815974,672;13,27342;52,41665
198419;11;10;10010311;2019;8;17;5;3;5;2;0;1;1;0;0;0;0;0;810053,6742;5831662,224;13,57356;52,54655
198420;11;2;2030302;2019;8;10;5;3;2;6;0;0;1;0;0;0;0;0;801011,697;5825883,728;13,4354;52,49982
198421;11;12;12214424;2019;8;15;5;2;5;2;0;1;1;0;0;0;0;0;793495,5542;5832425,534;13,33077;52,56256
198422;11;5;5010339;2019;8;16;5;3;5;3;0;0;1;0;0;0;0;0;787735,5191;5828231,707;13,2424;52,52804
198423;11;11;11030721;2019;8;16;5;3;5;3;0;1;1;0;0;0;0;0;804284,0592;5828424,809;13,48578;52,52078
198424;11;12;12224230;2019;8;12;5;3;0;7;0;0;1;0;0;0;0;0;788053,427;5839250,737;13,25665;52,62666
198425;11;11;11030618;2019;8;17;5;2;0;1;0;0;0;0;1;0;0;0;803192,1709;5829600;13,47081;52,53192
198426;11;2;2020204;2019;8;9;5;3;5;2;0;1;1;0;0;0;0;0;798309,3794;5825390,151;13,39526;52,49688
198427;11;2;2050803;2019;8;16;5;3;0;4;0;1;0;1;0;0;0;0;802370,6601;5826043,477;13,4555;52,5005
198428;11;7;7040405;2019;8;9;5;2;1;5;0;0;1;0;1;0;0;0;798407,4927;5821902,524;13,39358;52,46557
198429;11;1;1011401;2019;8;9;5;3;5;3;0;1;0;0;0;0;1;0;797859,3259;5829059,972;13,39194;52,53002
198430;11;2;2040502;2019;8;16;5;3;5;2;0;0;1;0;1;0;0;0;801248,901;5827827,504;13,44064;52,51711
198431;11;4;4030623;2019;8;8;5;3;2;6;0;0;1;0;0;0;0;0;793044,7455;5826934,701;13,3193;52,51358
198432;11;4;4030726;2019;8;16;5;3;2;6;0;0;1;0;0;0;1;0;792076,4537;5825815,858;13,30409;52,50407
198433;11;7;7040401;2019;8;8;5;3;2;6;0;1;1;0;0;0;0;0;797179,0299;5823326,309;13,37682;52,479
198434;11;5;5030730;2019;8;16;5;3;2;6;0;0;1;0;0;0;0;0;785981,2453;5829237,792;13,21748;52,53798
198435;11;9;9010402;2019;8;8;5;3;3;6;0;1;0;0;0;0;1;0;807485,6889;5819535,716;13,52462;52,43932
198436;11;2;2020203;2019;8;15;5;2;5;3;0;1;0;0;1;0;0;0;796996,9136;5823989,132;13,37474;52,48504
198437;11;12;12214424;2019;8;8;5;3;6;4;0;0;1;1;0;0;0;0;793343,9246;5832881,72;13,32894;52,56673
198438;11;2;2020203;2019;8;7;5;3;0;1;0;1;0;0;0;0;0;0;797726,9853;5824595,16;13,386;52,49007
198439;11;10;10020413;2019;8;15;5;3;2;6;0;0;1;0;0;0;0;0;811541,362;5830311,123;13,59416;52,53359
198440;11;1;1033102;2019;8;15;5;3;3;6;0;0;1;0;0;0;0;0;797666,1466;5831849,729;13,3916;52,55514
198441;11;12;12231102;2019;8;7;5;3;5;3;0;1;1;0;0;0;0;0;790202,1849;5840072,232;13,28902;52,63288
198442;11;8;8010212;2019;8;7;5;3;5;2;0;1;1;0;0;0;0;0;801480,2777;5823165,517;13,43982;52,4752
198443;11;2;2030301;2019;8;23;5;2;6;6;2;0;1;1;0;0;0;0;799970,4214;5825685,209;13,41992;52,49862
198444;11;3;3071638;2019;8;7;5;3;1;5;0;1;1;0;0;0;0;0;800273,9053;5829997,352;13,42827;52,5371
198445;11;2;2020206;2019;8;22;5;3;1;5;2;1;1;0;1;0;0;0;799646,7109;5825118,546;13,41466;52,49372
198446;11;9;9030901;2019;8;5;5;3;5;3;0;1;1;0;0;0;0;0;807725,1774;5817906,97;13,52663;52,42459
198447;11;1;1044103;2019;8;7;5;3;5;3;0;0;1;0;0;0;0;0;795171,7893;5830814,274;13,35399;52,54721
198448;11;3;3040818;2019;8;10;5;3;2;6;0;1;1;0;0;0;0;0;798442,0595;5832220,368;13,40334;52,55803
198449;11;8;8020622;2019;8;7;5;3;2;6;0;0;1;0;1;0;0;0;801441,6458;5820297,887;13,43666;52,44952
198450;11;1;1011203;2019;8;18;4;2;6;4;1;1;0;1;0;0;0;0;798185,736;5827419,451;13,39527;52,51514
198451;11;4;4051654;2019;8;20;5;3;0;7;1;1;0;0;0;0;0;0;793453,8798;5823877,445;13,32261;52,48595
198452;11;4;4051652;2019;8;8;4;3;5;3;0;0;1;0;0;0;0;0;793822,7688;5824454,86;13,32854;52,49093
198453;11;1;1011203;2019;8;18;4;3;6;4;1;1;0;1;0;0;0;0;798178,5838;5827418,388;13,39516;52,51513
198454;11;11;2050803;2019;8;19;5;3;5;2;0;1;0;0;1;0;0;0;803298,3376;5826311,12;13,46937;52,50239
198455;11;2;2010102;2019;8;12;4;3;5;2;0;1;0;0;0;0;1;0;797922,37;5826457,303;13,39053;52,50666
198456;11;3;3061434;2019;8;18;5;2;5;3;0;1;0;0;0;0;0;0;801465,6586;5829795,009;13,44561;52,53463
198457;11;6;6010103;2019;8;9;4;3;2;7;0;0;1;0;0;0;0;0;793872,9581;5820987,437;13,32622;52,45982
198458;11;6;6020301;2019;8;18;5;3;2;6;0;0;1;0;0;0;0;0;795828,7491;5818153,303;13,35241;52,43336
198459;11;6;6020304;2019;8;12;4;3;0;6;0;1;1;0;0;0;0;0;794895,5062;5817963,441;13,33856;52,43216
198460;11;2;2030401;2019;8;18;5;3;5;2;0;0;1;0;1;0;0;0;800638,7984;5825281,293;13,42938;52,49463
198461;11;12;12214424;2019;8;21;4;2;1;5;2;0;1;0;1;0;0;0;792801,2499;5832751,247;13,32084;52,56585
198462;11;10;10010309;2019;8;21;4;2;5;2;2;0;1;0;1;0;0;0;807954,0506;5830178,217;13,54132;52,53444
198463;11;7;7040403;2019;8;14;5;3;2;6;0;0;1;0;0;0;1;0;797326,1678;5822160,66;13,37794;52,46847
198464;11;4;4041134;2019;8;14;5;2;0;7;0;1;0;0;0;0;0;0;790436,5368;5823930,587;13,27835;52,48804
198465;11;6;6030605;2019;8;19;4;3;5;3;0;1;1;0;0;0;0;0;792032,6094;5819499,555;13,29791;52,44747
198466;11;2;2030301;2019;8;18;4;3;5;3;0;1;0;0;0;0;1;0;800087,0618;5825638,252;13,42159;52,49813
198467;11;6;6040804;2019;8;14;5;3;0;5;0;0;0;0;1;0;1;0;787893,7713;5818427,453;13,23626;52,44005
198468;11;4;4051445;2019;8;18;4;3;5;3;0;1;1;0;0;0;0;0;792314,9976;5824568,099;13,3065;52,49276
198469;11;8;8020728;2019;8;14;5;3;5;3;0;0;1;0;0;0;1;0;802145,9004;5817752,848;13,44469;52,42632
198470;11;10;10010203;2019;8;19;4;2;1;1;0;0;1;0;1;0;0;0;807604,1714;5832730,5;13,53854;52,55751
198471;11;7;7070703;2019;8;13;5;2;1;5;0;0;1;0;1;0;0;0;799628,0443;5813972,831;13,40439;52,39382
198472;11;12;12103115;2019;8;16;4;2;0;7;0;0;1;1;0;0;0;0;795668,8017;5833194,238;13,36342;52,56828
198473;11;1;1011302;2019;8;13;5;3;6;4;0;1;0;1;0;0;0;0;798611,5993;5828991,258;13,40293;52,529
198474;11;7;7040403;2019;8;18;4;3;5;2;0;1;1;0;0;0;0;0;796846,3782;5822343,865;13,37106;52,47037
198475;11;9;9051901;2019;8;12;5;3;3;6;0;0;1;0;0;0;0;0;811302,9342;5821565,655;13,58249;52,45535
198476;11;1;1011301;2019;8;17;4;3;0;5;0;1;1;0;0;0;0;0;796676,9797;5829751,436;13,37518;52,53687
198477;11;4;4041137;2019;8;10;5;3;2;6;0;0;1;0;0;0;1;0;791894,4379;5823948,627;13,29978;52,48743
198478;11;2;2040703;2019;8;9;5;3;3;6;0;1;1;0;0;0;0;0;801461,7987;5826399,787;13,44247;52,5042
198479;11;8;8010212;2019;8;9;5;3;5;2;0;1;1;0;0;0;0;0;800975,3024;5823486,157;13,4327;52,47835
198480;11;6;6010103;2019;8;8;5;3;2;6;0;1;1;0;0;0;0;0;793084,8394;5821596,447;13,31519;52,4657
198481;11;1;1011302;2019;8;8;5;3;2;6;0;0;1;0;1;1;0;0;797640,7595;5828756,597;13,38845;52,52742
198482;11;3;3030715;2019;8;7;5;3;5;3;0;1;1;0;0;0;0;0;801739,727;5833471,906;13,45298;52,56743
198483;11;2;2020206;2019;8;7;5;3;2;6;0;0;1;0;0;0;0;0;799581,9113;5824899,881;13,41351;52,49179
198484;11;2;2010102;2019;8;7;5;3;5;2;0;1;1;0;0;0;0;0;798675,2355;5826439,932;13,40158;52,50609
198485;11;9;9052001;2019;8;7;5;3;5;2;0;1;1;0;0;0;0;0;810538,7594;5823205,449;13,5728;52,47048
198486;11;11;11010206;2019;8;18;5;2;1;1;0;0;1;0;1;0;0;0;806260,768;5834078,197;13,52003;52,57034
198487;11;9;9051702;2019;8;16;5;2;0;3;0;0;1;0;1;0;0;0;814217,5797;5821995,719;13,62565;52,45754
198488;11;6;6030606;2019;8;10;5;2;1;5;0;1;1;0;0;0;0;0;793617,9659;5819199,879;13,32091;52,44393
198489;11;7;7010104;2019;8;14;5;2;0;1;0;1;0;0;0;0;0;0;796025,33;5824503,48;13,36093;52,49018
198490;11;5;5020628;2019;8;14;5;2;5;3;0;0;1;0;0;0;0;0;784096,0945;5826562,35;13,18747;52,51498
198491;11;5;5020420;2019;8;13;5;2;5;3;0;0;1;0;1;0;0;0;779977,5741;5828118,513;13,12825;52,53106
198492;11;8;8041037;2019;8;9;5;2;5;3;0;0;1;0;1;0;0;0;805315,3803;5817670,599;13,49109;52,42382
198493;11;2;2030302;2019;8;7;5;2;2;6;0;0;1;0;1;0;0;0;800761,0069;5826515,127;13,43228;52,50562
198494;11;1;1044203;2019;8;12;5;3;3;6;0;0;1;0;0;0;0;0;795621,4101;5831727,613;13,36142;52,55516
198495;11;7;7010104;2019;8;5;5;3;1;5;2;1;1;0;0;0;0;0;796307,5454;5825096,137;13,3656;52,49534
198496;11;5;5010314;2019;8;13;5;3;1;5;0;1;1;0;0;0;0;0;784747,1307;5829286,599;13,19937;52,53906
198497;11;3;3040818;2019;8;7;4;3;6;4;0;1;0;1;0;0;0;0;799618,2406;5832900,919;13,42126;52,56349
198498;11;8;8010404;2019;8;8;4;3;6;4;0;1;0;1;0;0;0;0;802359,5687;5823235,852;13,45279;52,47534
198499;11;6;6040808;2019;8;21;4;3;1;5;2;1;1;0;0;0;0;0;788665,0191;5821483,92;13,25021;52,46705
198500;11;1;1011102;2019;8;20;4;3;0;7;1;0;0;0;1;0;1;1;795156,1062;5827069,006;13,35044;52,51365
198501;11;5;5010207;2019;8;20;4;3;0;2;0;0;1;0;1;0;0;0;783691,2322;5830168,797;13,1846;52,54752
198502;11;7;7020203;2019;8;18;4;3;0;3;0;0;1;0;1;0;0;0;795150,7214;5824016,297;13,34765;52,48628
198503;11;3;3061429;2019;8;17;4;3;6;4;0;1;0;1;0;0;0;0;801035,2388;5830457,001;13,43988;52,5408
198504;11;2;2020206;2019;8;18;4;3;3;6;0;1;1;0;0;0;0;0;799736,0135;5825019,823;13,41588;52,49278
198505;11;1;1033203;2019;8;18;4;3;2;6;0;0;1;0;1;0;0;0;796500,4221;5829913,214;13,37273;52,53841
198506;11;10;10040931;2019;8;17;4;3;1;5;0;1;1;0;0;0;0;0;814259,5337;5829300,919;13,63315;52,52298
198507;11;11;11051229;2019;8;17;4;3;5;2;0;1;0;0;0;0;1;0;803688,0015;5826242,168;13,47503;52,50155
198508;11;3;3050925;2019;8;15;4;3;6;2;0;0;1;1;0;0;0;0;802263,6328;5831576,71;13,45896;52,55016
198509;11;2;2050601;2019;8;17;4;3;5;3;0;1;1;0;0;0;0;0;802168,2566;5828591,814;13,45484;52,52346
198510;11;4;4030622;2019;8;16;4;3;2;6;0;0;1;0;0;0;1;0;792749,3428;5826830,47;13,31486;52,51281
198511;11;12;12214421;2019;8;17;4;3;5;2;0;1;1;0;0;0;0;0;793488,8642;5833874,031;13,33195;52,57555
198512;11;2;2050802;2019;8;16;4;3;2;6;0;0;0;0;0;0;1;0;802973,6343;5826889,463;13,46513;52,50775
198513;11;2;2040502;2019;8;16;4;3;0;3;0;0;1;0;1;0;0;0;800868,8215;5828314,388;13,4355;52,52169
198514;11;8;8020625;2019;8;16;4;3;5;3;0;0;1;0;0;0;0;0;801404,4802;5818946,899;13,4349;52,43743
198515;11;4;4051654;2019;8;15;4;3;6;4;0;1;0;1;0;0;0;0;793742,7547;5823682;13,32668;52,48405
198516;11;6;6030605;2019;8;15;4;3;0;1;0;1;0;0;0;0;0;0;792267,4309;5819359,743;13,30123;52,44609
198517;11;8;8020619;2019;8;15;4;3;5;2;0;0;1;0;0;0;0;0;801893,317;5821840,913;13,44468;52,4631
198518;11;1;1022106;2019;8;15;4;3;0;6;0;0;1;0;1;0;0;0;793664,2055;5827984,187;13,32932;52,52266
198519;11;3;3061441;2019;8;15;4;3;5;3;0;1;0;0;0;0;0;0;802567,4075;5828655,475;13,46076;52,52381
198520;11;9;9020702;2019;8;14;4;3;0;1;0;1;0;0;0;0;0;0;809146,7124;5819518,235;13,54896;52,43823
198521;11;9;9020501;2019;8;14;4;3;5;7;0;0;1;0;1;0;0;0;806274,5894;5822917,38;13,50996;52,47031
198522;11;1;1044102;2019;8;14;4;3;1;5;0;0;1;0;0;0;0;0;795113,8365;5832342,275;13,3545;52,56094
198523;11;9;9051701;2019;8;14;4;3;5;3;0;0;1;0;0;0;1;0;813260,2255;5821764,933;13,61139;52,45602
198524;11;1;1044203;2019;8;13;4;3;5;3;0;0;1;0;0;0;0;0;795610,3147;5830993,841;13,3606;52,54858
198525;11;4;4041137;2019;8;13;4;3;2;6;0;0;1;0;0;0;0;0;791022,9453;5823094,627;13,28623;52,48024
198526;11;8;8010115;2019;8;13;4;3;5;2;0;1;1;0;0;0;0;0;799850,8722;5823654,82;13,41634;52,48048
198527;11;5;5030731;2019;8;12;4;3;6;4;0;1;0;1;0;0;0;0;787999,2505;5830184,595;13,24797;52,54541
198528;11;1;1033101;2019;8;12;4;3;1;5;0;1;1;0;0;0;0;0;796430,8779;5831984,639;13,37355;52,55702
198529;11;2;2020204;2019;8;11;4;3;5;3;0;1;1;0;0;0;0;0;798493,8601;5825222,624;13,39782;52,49528
198530;11;1;1011401;2019;8;11;4;3;6;4;0;0;0;1;0;0;1;0;797477,0948;5829029,491;13,38629;52,52996
198531;11;8;8010117;2019;8;10;4;3;2;6;0;0;1;0;1;0;0;0;800596,8634;5823190,3;13,42687;52,47591
198532;11;4;4051655;2019;8;10;4;3;5;2;0;1;1;0;0;0;0;0;793912,9731;5823084,508;13,32866;52,4786
198533;11;4;4041239;2019;8;10;4;3;5;2;0;1;0;0;0;0;1;0;792342,9002;5823120,286;13,30564;52,47976
198534;11;1;1011302;2019;8;9;4;3;5;2;0;1;1;0;0;0;0;0;797758,9468;5828569,808;13,39002;52,52568
198535;11;12;12304314;2019;8;9;4;3;4;6;0;1;0;0;0;0;0;0;790623,5039;5835959,551;13,29162;52,59578
198536;11;3;3061430;2019;8;8;4;3;6;4;0;0;1;1;0;0;0;0;802067,0127;5829584,73;13,45426;52,53241
198537;11;1;1044101;2019;8;8;4;3;2;7;0;0;1;0;0;0;0;0;794325,1867;5831332,11;13,342;52,55231
198538;11;1;1033203;2019;8;7;4;3;6;4;0;1;0;1;0;0;0;0;796535,2569;5829880,186;13,37321;52,5381
198539;11;1;1033102;2019;8;7;4;3;1;5;0;1;0;0;0;0;1;0;797265,7959;5831276,37;13,3852;52,55022
198540;11;5;5030731;2019;8;7;4;3;3;6;0;0;1;0;0;1;0;0;786975,7717;5829474,46;13,2323;52,53958
198541;11;7;7040404;2019;8;1;4;3;8;1;2;0;1;0;0;0;0;0;796393,6853;5819743,565;13,36211;52,44731
198542;11;8;8010211;2019;8;1;4;3;5;2;2;0;1;0;0;0;0;0;800419,0002;5823854,194;13,42486;52,48196
198543;11;1;1022206;2019;8;20;4;3;5;2;1;1;1;0;0;0;0;0;796153,5875;5828278,068;13,36617;52,52394
198544;11;2;2050803;2019;8;12;4;3;0;2;0;1;1;0;0;0;0;0;802620,5308;5826136,051;13,45925;52,50119
198545;11;5;5010314;2019;8;17;4;2;5;3;0;1;1;0;0;0;0;0;784800,3362;5828788,293;13,19973;52,53457
198546;11;9;9020601;2019;8;14;4;2;3;6;0;1;0;0;0;0;0;0;805741,1314;5821782,362;13,50109;52,46044
198547;11;1;1044102;2019;8;12;4;2;6;4;0;0;0;1;1;0;0;0;794812,0042;5831913,829;13,34968;52,55726
198548;11;10;10040829;2019;8;7;4;2;5;3;0;1;1;0;0;0;0;0;811349,1206;5827806,52;13,58899;52,51125
198549;11;11;11020412;2019;8;6;4;2;5;3;0;1;1;0;0;0;0;0;805829,9658;5831862,424;13,51165;52,55073
198550;11;4;4030519;2019;8;8;3;3;2;2;0;0;1;0;1;0;0;0;792345,3308;5827971,385;13,30993;52,52325
198551;11;6;6030608;2019;8;7;3;3;5;2;0;1;1;0;0;0;0;0;790908,9877;5817458,272;13,27965;52,42977
198552;11;4;4030518;2019;8;20;3;3;5;3;2;0;1;0;0;0;1;0;791931,5525;5828331,141;13,30416;52,5267
198553;11;1;1011304;2019;8;19;3;3;0;1;1;1;0;0;0;0;0;0;799681,4884;5827573,205;13,41738;52,5157
198554;11;4;4020311;2019;8;19;3;3;1;5;1;1;1;0;0;0;0;0;788630,4235;5827480,252;13,2549;52,52083
198555;11;3;3061228;2019;8;19;3;3;3;6;0;1;0;0;0;0;0;0;800194,0116;5830930,245;13,42794;52,54551
198556;11;1;1011301;2019;8;18;3;3;0;1;0;1;0;0;0;0;0;0;797126,7244;5827886,753;13,38012;52,51991
198557;11;1;1011303;2019;8;18;3;3;1;5;0;1;1;0;0;0;1;0;799161,5229;5828790,194;13,41084;52,52689
198558;11;1;1011301;2019;8;17;3;3;6;2;0;0;1;1;0;0;0;0;797069,6214;5828181,489;13,37955;52,52258
198559;11;3;3020210;2019;8;17;3;3;5;3;0;0;1;0;1;0;0;0;798474,0529;5834871,82;13,4062;52,58178
198560;11;1;1044202;2019;8;17;3;3;2;6;0;1;1;0;0;0;0;0;795529,3862;5830044,414;13,35857;52,54012
198561;11;4;4030725;2019;8;17;3;3;6;4;0;0;1;1;0;0;0;0;791971,9504;5826033,756;13,30274;52,50608
198562;11;8;8030829;2019;8;17;3;3;2;6;0;0;1;0;0;0;0;0;803012,0959;5818352,712;13,45794;52,43122
198563;11;4;4030623;2019;8;16;3;3;5;3;0;1;1;0;0;0;0;0;793300,7563;5827220,259;13,32331;52,516
198564;11;9;9030901;2019;8;16;3;3;5;2;0;0;1;0;0;0;0;0;808083,5134;5816925,765;13,53098;52,41559
198565;11;4;4041241;2019;8;16;3;3;5;2;0;1;1;0;0;0;0;0;791412,9934;5822544,936;13,29148;52,4751
198566;11;7;7040401;2019;8;16;3;3;5;2;0;1;1;0;0;0;0;0;797787,572;5823274,241;13,38571;52,4782
198567;11;10;10030724;2019;8;15;3;3;1;5;0;1;1;0;0;0;0;0;808995,1109;5830085,957;13,55654;52,53302
198568;11;4;4030417;2019;8;9;3;3;5;2;0;1;1;0;0;0;0;0;791570,9237;5826572,581;13,29732;52,51112
198569;11;7;7010104;2019;8;12;1;2;0;7;0;1;0;0;0;0;0;0;796761,9113;5824800,805;13,37201;52,49244
198570;11;1;1044203;2019;8;4;3;3;5;3;2;0;1;0;0;0;0;1;795884,7312;5831962,531;13,3655;52,55712
198571;11;3;3030711;2019;8;15;3;3;0;3;0;0;1;0;1;0;0;0;801422,308;5836110,66;13,45071;52,59126
198572;11;7;7030303;2019;8;14;3;3;0;5;0;1;1;0;0;0;0;0;795037,3795;5821615,549;13,34387;52,46482
198573;11;7;7040405;2019;8;14;3;3;5;3;0;0;1;0;0;0;1;0;798890,1398;5820866,074;13,39974;52,45601
198574;11;1;1011104;2019;8;14;3;3;5;2;0;1;1;0;0;0;0;0;796269,6227;5825956,003;13,36581;52,50307
198575;11;8;8041038;2019;8;14;3;3;6;4;0;0;1;1;0;0;0;0;805722,8496;5816779,874;13,49625;52,41561
198576;11;10;10020517;2019;8;13;3;3;5;2;0;1;1;0;0;0;0;0;813368,613;5830132,338;13,62085;52,53094
198577;11;1;1011301;2019;8;12;3;3;5;3;0;0;1;0;1;0;0;0;797034,898;5829317,032;13,38005;52,53278
198578;11;4;4010102;2019;8;12;3;3;2;6;0;0;1;0;0;0;0;0;793261,2306;5830061,76;13,32524;52,5415
198579;11;3;3050919;2019;8;12;3;3;2;6;0;0;1;0;0;0;0;0;800954,2663;5832147,621;13,44022;52,556
198580;11;1;1044203;2019;8;5;3;3;5;3;1;1;1;0;0;0;0;0;795878,6741;5831927,792;13,36538;52,55681
198581;11;7;7020204;2019;8;11;3;3;3;6;0;1;0;0;0;0;1;0;796284,1819;5823196,035;13,36357;52,47832
198582;11;4;4020311;2019;8;11;3;3;5;3;0;0;1;0;0;0;0;0;789992,273;5826317,665;13,2739;52,50968
198583;11;6;6020411;2019;8;10;3;3;5;3;0;1;1;0;0;0;0;0;794846,4269;5815349,536;13,33554;52,40876
198584;11;7;7030301;2019;8;10;3;3;4;6;0;1;0;0;0;0;0;0;793883,0154;5821558,935;13,32687;52,46494
198585;11;9;9030901;2019;8;9;3;3;5;3;0;0;1;0;0;1;0;0;807573,534;5815427,807;13,52213;52,40246
198586;11;6;6030607;2019;8;9;3;3;6;4;0;1;0;1;0;0;0;0;792991,2081;5817715,348;13,31041;52,43096
198587;11;3;3040513;2019;8;8;3;3;5;2;0;0;1;0;1;0;0;0;798049,9717;5833597,711;13,39881;52,57059
198588;11;1;1022104;2019;8;8;3;3;5;7;0;0;1;0;1;0;0;0;793607,2912;5829133,36;13,3295;52,53299
198589;11;7;7030303;2019;8;7;3;3;6;4;0;1;0;1;0;0;0;0;795890,0336;5820828,643;13,35568;52,45731
198590;11;4;4030726;2019;8;8;3;3;3;6;0;1;0;0;0;0;1;0;792135,541;5825303,805;13,30451;52,49945
198591;11;8;8041037;2019;8;7;3;3;5;2;0;1;0;0;0;0;1;0;805395,3381;5817297,758;13,49192;52,42044
198592;11;3;3030406;2019;8;7;3;3;5;2;0;1;0;0;0;0;0;0;803626,0358;5838990,042;13,48578;52,61584
198593;11;1;1011306;2019;8;7;3;3;5;5;0;1;1;0;0;0;0;0;799862,7028;5826725,432;13,41928;52,508
198594;11;1;3071537;2019;8;6;3;3;3;6;0;0;1;0;1;0;0;0;799500,6008;5828868,913;13,41589;52,52741
198595;11;11;11030721;2019;8;16;3;2;0;3;0;1;0;0;0;0;0;0;804769,7815;5827953,595;13,49248;52,51629
198596;11;10;10010102;2019;8;6;3;3;5;2;1;1;0;0;0;0;1;0;809357,6489;5834278,683;13,56577;52,57039
198597;11;12;12304313;2019;8;13;3;2;8;6;0;0;1;0;0;0;0;0;791404,6232;5834248,616;13,30161;52,58003
198598;11;9;9010401;2019;8;9;3;2;1;5;0;1;0;0;0;0;1;0;805750,4818;5821343,165;13,50083;52,45649
198599;11;2;2030301;2019;8;9;3;3;1;5;0;1;1;0;0;0;1;0;800078,7317;5825915,568;13,42172;52,50062
198600;11;7;7030303;2019;8;10;3;3;2;6;0;0;1;0;0;0;0;0;794605,1715;5821838,041;13,33772;52,46705
198601;11;12;12103117;2019;8;15;2;3;6;4;0;0;0;1;1;0;0;0;795902,0471;5832722,152;13,36643;52,56392
198602;11;6;6040804;2019;8;18;2;3;6;7;0;1;0;1;0;0;0;0;787950,9967;5818881,167;13,23749;52,44409
198603;11;6;6030504;2019;8;18;2;3;2;6;0;1;1;0;0;0;0;0;789778,9538;5815904,519;13,26173;52,41644
198604;11;12;12103219;2019;8;17;2;3;5;2;0;1;0;0;0;0;1;0;795649,9105;5833011,387;13,36298;52,56665
198605;11;2;2030301;2019;8;17;2;3;5;3;0;1;1;0;0;0;0;0;800066,633;5825920,046;13,42155;52,50067
198606;11;3;3061441;2019;8;17;2;3;2;7;0;0;1;0;0;0;0;0;802330,5613;5828713,97;13,45734;52,52446
198607;11;6;6030504;2019;8;16;2;3;2;6;0;1;1;0;0;0;0;0;788970,5622;5816397,228;13,2503;52,42128
198608;11;7;7030301;2019;8;16;2;3;0;7;0;1;0;0;0;0;0;0;793916,2284;5822504,204;13,32819;52,4734
198609;11;1;1022102;2019;8;16;2;3;5;3;0;1;0;0;0;0;0;0;793300,5265;5828392,318;13,32434;52,52651
198610;11;4;4041136;2019;8;16;2;3;1;5;0;0;1;0;0;0;0;0;790673,2405;5822906,085;13,28093;52,47873
198611;11;11;11041128;2019;8;10;2;3;0;7;0;1;0;0;0;0;0;0;805549,0526;5825408,884;13,5016;52,49305
198612;11;1;1044201;2019;9;12;2;3;0;4;0;0;0;1;0;0;1;0;796436,7502;5831957,511;13,37361;52,55677
198613;11;1;1033102;2019;8;20;2;3;5;3;2;1;1;0;0;0;0;0;797140,9446;5831804,109;13,38383;52,55501
198614;11;9;9010402;2019;9;15;2;3;5;3;0;1;1;0;0;0;0;0;807012,5646;5820000,545;13,51811;52,44375
198615;11;11;11030721;2019;9;7;2;3;3;2;0;1;1;0;0;0;0;0;804303,0644;5828174,553;13,48583;52,51853