OBJECTID;LAND;BEZ;LOR;UJAHR;UMONAT;USTUNDE;UWOCHENTAG;UKATEGORIE;UART;UTYP1;ULICHTVERH;IstRad;IstPKW;IstFuss;IstKrad;IstGkfz;IstSonstige;USTRZUSTAND;LINREFX;LINREFY;XGCSWGS84;YGCSWGS84
198832;11;4;4041241;2019;8;22;6;2;5;2;2;1;1;0;0;0;0;0;791911,7383;5822279,941;13,29857;52,47246
198833;11;3;3040614;2019;8;14;5;3;5;2;0;1;1;0;0;0;0;0;798733,2711;5833689,212;13,40895;52,57104
198834;11;4;4030930;2019;8;21;6;3;5;2;1;1;1;0;0;0;0;0;792949,8467;5825355,458;13,31651;52,49947
198835;11;2;2030302;2019;8;14;5;3;4;7;0;1;0;0;0;0;0;0;800901,9287;5825850,269;13,43375;52,49958
198836;11;11;11030721;2019;8;20;6;3;0;2;1;1;1;0;0;0;0;0;804296,7051;5828423,967;13,48596;52,52077
198837;11;5;5030832;2019;8;14;5;3;5;3;0;1;1;0;0;0;0;0;789482,5517;5829420,639;13,26912;52,53777
198838;11;5;5040936;2019;8;14;5;3;5;2;0;1;1;0;0;0;0;0;780793,2334;5820422,124;13,13375;52,46163
198839;11;8;8010117;2019;8;16;6;2;3;6;0;0;1;0;1;0;0;0;800684,3536;5822956,681;13,42795;52,47377
198840;11;1;1011204;2019;8;16;6;3;5;3;0;0;1;0;0;0;1;0;797892,5412;5826671,185;13,39029;52,50859
198841;11;4;4030620;2019;8;13;5;3;0;2;0;0;1;0;0;0;1;0;792761,6933;5827053,349;13,31524;52,5148
198842;11;8;8040933;2019;8;14;5;2;2;6;0;0;1;0;0;0;0;0;803284,8973;5818518,329;13,46209;52,43255
198843;11;12;12304314;2019;8;15;6;3;5;2;0;0;1;0;1;0;0;0;790620,4154;5835983,302;13,29159;52,596
198844;11;1;1011204;2019;8;12;5;3;5;3;0;1;0;0;0;0;0;0;798530,3508;5827097,396;13,40004;52,51206
198845;11;1;1044101;2019;8;15;6;3;5;2;0;1;1;0;0;0;0;0;793673,5415;5832254,633;13,33324;52,56093
198846;11;9;9010402;2019;8;12;5;3;5;3;0;0;1;0;0;0;0;0;805707,206;5818798,895;13,49786;52,43372
198847;11;5;5010339;2019;8;12;6;3;2;6;0;0;1;0;0;0;0;0;786814,6828;5828209,465;13,22884;52,52832
198848;11;12;12214424;2019;8;10;5;3;0;6;0;0;1;0;1;0;0;0;793519,6983;5832404,885;13,33111;52,56236
198849;11;5;5010209;2019;8;11;6;3;5;3;0;1;1;0;0;0;0;0;782906,9944;5830340,164;13,17321;52,54947
198850;11;7;7040405;2019;8;10;5;3;0;7;0;0;1;0;0;0;1;0;798499,4783;5820934,458;13,39407;52,45684
198851;11;1;1033201;2019;8;11;6;3;2;6;0;0;1;0;0;0;0;0;797691,7347;5830709,85;13,39095;52,5449
198852;11;3;3040818;2019;8;13;1;3;5;3;0;0;1;0;0;0;0;0;799558,6766;5832081,076;13,41964;52,55617
198853;11;9;9051801;2019;9;8;2;3;5;3;0;0;1;0;0;0;0;1;819383,7257;5819910,702;13,69943;52,43586
198854;11;12;12304313;2019;9;7;2;3;5;3;0;0;1;0;0;0;1;1;791931,8628;5834134,627;13,30927;52,57872
198855;11;8;8010301;2019;9;7;2;3;5;3;0;0;1;0;0;0;0;1;800432,2562;5824906,288;13,426;52,49138
198856;11;7;7050501;2019;9;6;2;3;2;2;2;0;1;0;0;0;1;1;797602,3884;5819527,446;13,37965;52,44472
198857;11;8;8030831;2019;9;14;2;3;6;2;0;0;1;1;0;0;0;1;803725,9363;5818021,095;13,4681;52,42785
198858;11;11;11051229;2019;9;6;2;3;5;2;1;1;1;0;0;0;0;1;804095,0153;5825995,295;13,48078;52,49911
198859;11;4;4010102;2019;9;5;2;3;2;6;0;0;1;0;0;0;0;1;793350,028;5829688,2;13,32621;52,5381
198860;11;9;9051901;2019;9;18;2;3;5;3;0;1;1;0;0;0;0;1;810821,066;5821366,703;13,57523;52,45385
198861;11;4;4030415;2019;9;22;1;3;5;3;2;1;1;0;0;0;0;0;791655,4274;5827533,803;13,29941;52,5197
198862;11;1;1033203;2019;9;3;1;3;1;5;2;0;1;0;0;0;0;0;796689,967;5830787,498;13,37629;52,54615
198863;11;8;8010212;2019;9;21;1;3;1;5;2;0;1;0;0;0;0;0;801101,8635;5823279,67;13,43437;52,47643
198864;11;8;8010212;2019;9;21;1;2;6;7;2;1;0;1;0;0;0;0;800868,4076;5823457,341;13,4311;52,47815
198865;11;7;7060603;2019;9;21;1;3;1;5;2;0;1;0;0;0;0;0;798375,8146;5816892,587;13,38864;52,42068
198866;11;7;7040403;2019;9;18;1;3;2;7;0;0;1;0;1;0;0;0;796917,3641;5820709,001;13,37065;52,45568
198867;11;7;7050505;2019;9;14;1;3;1;5;0;0;1;0;0;0;1;0;799216,7651;5818158,154;13,40211;52,43156
198868;11;8;8010212;2019;9;2;1;2;0;1;2;1;0;0;0;0;0;0;801109,3563;5823523,596;13,4347;52,47861
198869;11;2;2050802;2019;9;1;1;3;0;7;2;0;0;0;0;0;1;0;802390,7309;5826834,694;13,45651;52,50758
198870;11;12;12231101;2019;9;0;1;2;0;1;2;1;0;0;0;0;0;0;791656,1618;5838922,166;13,30943;52,62179
198871;11;2;2030301;2019;9;0;1;3;2;7;2;1;1;0;0;0;0;1;799926,2899;5826024,477;13,41958;52,50168
198872;11;4;4030620;2019;9;0;1;3;5;3;2;0;1;0;0;0;0;0;792844,0053;5827219,739;13,3166;52,51624
198873;11;12;12214125;2019;9;13;1;3;2;6;0;0;1;0;0;0;0;0;791092,1623;5831074,349;13,29423;52,55174
198874;11;1;1011105;2019;9;13;1;3;0;7;0;0;0;0;0;0;1;0;796068,4135;5826700,602;13,36352;52,50985
198875;11;8;8010118;2019;9;0;1;3;3;6;2;1;1;0;0;0;0;0;801021,5817;5822118,483;13,43214;52,46607
198876;11;1;1044102;2019;9;11;1;3;5;2;0;0;1;0;0;0;0;0;794908,2068;5832038,059;13,35121;52,55832
198877;11;7;7070701;2019;9;11;1;3;2;2;0;0;1;0;0;0;0;0;798708,516;5816023,92;13,39275;52,41271
198878;11;3;3030406;2019;9;11;1;3;5;3;0;0;1;0;0;0;0;0;802747,6523;5839052,537;13,4729;52,61689
198879;11;11;11051330;2019;9;10;1;3;0;3;0;1;0;0;0;0;1;0;807201,8172;5825560,026;13,526;52,49347
198880;11;8;8010213;2019;9;21;7;3;5;3;2;1;1;0;0;0;0;0;801244,7925;5822459,703;13,43573;52,469
198881;11;4;4030620;2019;9;23;7;2;0;1;2;0;0;0;0;0;1;0;792095,0729;5827629,059;13,30595;52,52032
198882;11;3;3040818;2019;9;23;7;2;5;3;2;0;1;0;0;0;0;0;799708,8119;5832505,677;13,42223;52,5599
198883;11;6;6040804;2019;9;22;7;3;0;1;2;0;0;0;1;0;0;1;787632,1569;5818122,268;13,23216;52,43745
198884;11;1;1044103;2019;9;17;7;3;6;4;0;0;1;1;0;0;0;0;795265,7077;5830733,421;13,3553;52,54644
198885;11;6;6030502;2019;9;14;7;3;5;3;0;0;1;0;1;0;0;0;788989,8525;5816094,207;13,25032;52,41856
198886;11;9;9051701;2019;9;16;7;3;5;3;0;1;1;0;0;0;0;0;812505,9217;5821292,3;13,59988;52,45222
198887;11;5;5010101;2019;9;16;7;2;4;6;0;0;1;0;1;0;0;0;785346,6179;5832551,037;13,21099;52,56802
198888;11;10;10030727;2019;9;16;7;3;2;6;0;0;1;0;0;0;0;0;809581,1445;5825572,581;13,56095;52,49224
198889;11;8;8020625;2019;9;15;7;2;5;2;0;0;1;0;0;0;1;0;801377,565;5819273;13,4348;52,44037
198890;11;10;10040829;2019;9;15;7;3;5;2;0;0;1;0;1;0;0;0;811530,1429;5827808,616;13,59165;52,51117
198891;11;8;8020621;2019;9;14;7;3;5;3;0;0;1;0;0;0;0;0;800094,5961;5819151,057;13,41587;52,43998
198892;11;4;4030417;2019;9;14;7;3;0;1;0;0;0;0;1;0;0;0;791551,7077;5826692,897;13,29715;52,51221
198893;11;3;3071536;2019;9;14;7;3;6;4;0;1;0;1;0;0;0;0;798933,4401;5829951,442;13,40853;52,53743
198894;11;3;3050925;2019;9;14;7;3;1;1;0;1;1;0;0;0;0;0;802323,9951;5831316,791;13,45961;52,54779
198895;11;4;4030726;2019;9;14;7;3;2;6;0;0;1;0;0;0;0;0;792236,113;5825340,99;13,30601;52,49973
198896;11;9;9020702;2019;9;11;7;3;0;1;0;1;0;0;0;0;0;0;809134,0658;5819509,341;13,54877;52,43816
198897;11;1;1011401;2019;9;10;7;3;1;1;0;1;1;0;0;0;0;0;797815,9117;5829270,528;13,39149;52,53193
198898;11;7;7030301;2019;9;9;7;3;5;3;0;1;1;0;0;0;0;0;793974,1274;5822306,115;13,32887;52,47159
198899;11;8;8041039;2019;9;14;7;3;6;7;0;0;1;1;0;0;0;0;806573,0322;5815723,312;13,50774;52,40567
198900;11;2;2020203;2019;9;1;7;3;1;5;2;1;1;0;0;0;1;0;797690,8606;5824591,385;13,38547;52,49006
198901;11;2;2020205;2019;9;22;6;3;1;1;2;0;1;0;0;0;1;0;798312,5537;5824393,81;13,39442;52,48795
198902;11;2;2010103;2019;9;21;6;3;0;1;2;1;0;0;0;0;0;0;799173,0862;5826260,654;13,40873;52,50421
198903;11;2;2050803;2019;9;21;6;3;5;2;2;1;1;0;0;0;0;0;802753,6741;5826107,63;13,46118;52,50087
198904;11;3;3010101;2019;9;20;6;2;5;2;2;0;1;0;1;0;0;0;803848,1382;5841440,476;13,4913;52,63768
198905;11;3;3061131;2019;9;11;6;3;5;3;0;1;1;0;0;0;0;0;799177,2716;5830743,543;13,41282;52,54439
198906;11;1;1011203;2019;9;11;6;2;6;2;0;0;1;1;0;0;0;0;797919,1207;5827278,644;13,39122;52,51402
198907;11;4;4051655;2019;9;11;6;3;3;6;0;0;1;0;1;0;0;0;793959,9067;5823446,821;13,32966;52,48182
198908;11;1;1044102;2019;9;10;6;3;2;6;0;0;1;0;0;0;0;0;794877,4811;5832005,641;13,35072;52,55805
198909;11;7;7050504;2019;9;19;6;3;1;5;2;0;1;0;0;0;1;0;799836,9112;5820459,634;13,41327;52,45185
198910;11;1;1011201;2019;9;15;6;2;0;1;0;0;0;0;0;0;1;0;797024,1038;5826580,961;13,37745;52,50826
198911;11;1;1011306;2019;9;9;6;3;2;2;0;0;0;0;1;1;0;0;800080,107;5826452,345;13,42223;52,50543
198912;11;2;2020205;2019;9;19;6;3;6;4;1;0;1;1;0;0;0;0;798450,9082;5824555,36;13,39659;52,48932
198913;11;9;9010402;2019;9;19;6;3;5;2;1;1;1;0;0;0;0;0;806104,989;5819162,606;13,50403;52,43675
198914;11;1;1011302;2019;9;8;6;3;2;2;0;1;1;0;0;0;0;0;799091,1194;5828975,067;13,40997;52,52859
198915;11;1;1022103;2019;9;14;6;3;2;6;0;0;1;0;0;0;0;0;793573,896;5829815,239;13,32961;52,53912
198916;11;1;1044201;2019;9;8;6;3;3;6;0;0;1;0;1;0;0;0;796699,3435;5831951,32;13,37747;52,55657
198917;11;1;1011306;2019;9;14;6;3;1;7;0;1;1;0;0;0;0;0;800108,9568;5826881,932;13,42304;52,50927
198918;11;2;2040701;2019;9;8;6;3;0;7;0;0;0;0;0;1;0;0;800617,9463;5827208,76;13,43081;52,51192
198919;11;11;11030720;2019;9;18;6;2;6;4;0;0;1;1;0;0;0;0;805182,0009;5829607,719;13,50006;52,53088
198920;11;8;8020727;2019;9;7;6;2;6;4;0;0;1;1;0;0;0;0;800517,1975;5816503,812;13,41969;52,41602
198921;11;4;4030621;2019;9;14;6;3;5;3;0;1;1;0;0;0;0;0;793216,8433;5827791,511;13,32258;52,52117
198922;11;8;8010118;2019;9;18;6;3;1;5;0;0;1;0;0;0;0;0;800393,3411;5821713,802;13,42256;52,46279
198923;11;1;1044203;2019;9;14;6;3;2;6;0;0;1;0;0;0;0;0;796244,3684;5831948,853;13,37078;52,5568
198924;11;9;9020502;2019;9;6;6;3;5;3;0;0;1;0;0;0;0;0;806937,8849;5822299,19;13,51913;52,4644
198925;11;7;7010101;2019;9;16;6;3;2;2;0;1;1;0;0;0;0;0;794562,963;5825786,132;13,34059;52,50247
198926;11;4;4041136;2019;9;13;6;3;5;2;0;1;1;0;0;0;0;0;790677,2585;5822691,548;13,2808;52,47681
198927;11;10;10030727;2019;9;12;6;3;2;6;0;0;1;0;0;0;0;0;809579,6671;5825096,55;13,56049;52,48798
198928;11;3;3050920;2019;9;16;6;3;5;2;0;1;1;0;0;0;0;0;802307,5556;5832626,487;13,46056;52,55954
198929;11;5;5020627;2019;9;12;6;2;5;2;0;0;1;0;0;0;0;0;785637,1357;5828028,701;13,21138;52,52732
198930;11;1;1033102;2019;9;16;6;3;9;1;0;0;1;1;0;0;0;0;797157,349;5831905,615;13,38417;52,55591
198931;11;12;12214422;2019;9;12;6;3;2;6;0;0;1;0;0;0;1;0;792067,9287;5832942,158;13,31022;52,56796
198932;11;1;1044103;2019;9;16;6;3;5;2;0;1;1;0;0;0;0;0;794509,8518;5830643,201;13,34411;52,54604
198933;11;10;10020414;2019;9;12;6;3;2;2;0;0;1;0;1;0;0;0;812069,9533;5830895,591;13,60248;52,53852
198934;11;4;4020313;2019;9;11;6;2;3;6;0;0;1;0;1;0;0;0;790476,7969;5826782,486;13,28143;52,51359
198935;11;1;1011402;2019;9;15;6;3;0;1;0;1;0;0;0;0;0;0;798718,9779;5829543,158;13,40501;52,53388
198936;11;4;4030726;2019;9;15;6;2;5;2;0;1;1;0;0;0;0;0;792090,9959;5825291,91;13,30384;52,49937
198937;11;4;4030623;2019;9;12;6;3;5;2;0;1;0;0;0;1;0;0;793674,295;5825995,311;13,32772;52,50482
198938;11;1;1011401;2019;9;19;6;1;9;7;1;0;1;1;0;0;1;0;798113,9677;5829348,009;13,39594;52,53247
198939;11;4;4041343;2019;9;6;5;2;0;7;0;1;1;0;0;0;0;0;792742,6544;5823123,808;13,31151;52,47958
198940;11;1;1011306;2019;9;4;5;2;6;2;2;0;1;1;0;0;0;1;799662,8836;5827043,626;13,41663;52,51096
198941;11;7;7040405;2019;9;22;5;3;5;2;2;0;1;0;0;0;0;0;798893,609;5821213,683;13,4001;52,45913
198942;11;2;2020204;2019;9;20;5;3;2;6;2;0;1;0;0;0;0;0;798296,1892;5825339,96;13,39503;52,49644
198943;11;6;6040810;2019;9;20;5;3;5;2;2;1;1;0;0;0;0;0;790352,3107;5820678,943;13,27428;52,45894
198944;11;12;12214125;2019;9;18;5;2;0;7;0;1;0;0;0;0;0;0;791061,4568;5833909,291;13,29627;52,57717
198945;11;10;10030727;2019;9;18;5;2;5;3;0;0;1;0;0;0;0;0;809838,2586;5825689,294;13,56483;52,49314
198946;11;3;3071639;2019;9;21;5;3;5;3;2;1;1;0;0;0;0;0;800962,4858;5829193,916;13,43767;52,52952
198947;11;6;6020303;2019;9;10;5;3;5;2;0;1;1;0;0;0;0;0;795189,6191;5818764,689;13,34358;52,43919
198948;11;1;1022104;2019;9;17;5;3;5;3;0;1;0;0;0;0;0;1;794303,1401;5828462,655;13,33914;52,5266
198949;11;10;10030727;2019;9;17;5;3;2;6;0;0;1;0;0;0;0;0;809717,4314;5826033,113;13,56338;52,49629
198950;11;1;1044202;2019;9;12;5;3;2;6;0;0;1;0;0;0;0;0;795400,87;5830610,899;13,35718;52,54526
198951;11;12;12103218;2019;9;11;5;3;5;2;0;1;1;0;0;0;0;0;794565,1456;5833792,474;13,34772;52,57424
198952;11;3;3061131;2019;9;11;5;3;5;2;0;1;1;0;0;0;0;0;799135,5132;5830601,35;13,41208;52,54314
198953;11;3;3020209;2019;9;9;5;3;5;3;0;1;1;0;0;0;0;0;797885,1622;5834642,227;13,39733;52,58005
198954;11;10;10010310;2019;9;9;5;3;2;6;0;0;1;0;0;1;0;0;808094,6883;5830922,342;13,54408;52,54103
198955;11;4;4020313;2019;9;8;5;3;3;6;0;0;1;0;0;0;0;0;790151,2832;5826070,444;13,27602;52,50738
198956;11;6;6030607;2019;9;8;5;3;2;6;0;0;1;0;0;1;0;0;792224,3246;5816651,021;13,29823;52,42183
198957;11;7;7040406;2019;9;8;5;3;5;2;0;1;1;0;0;0;0;0;800253,7607;5821586,116;13,42039;52,46172
198958;11;3;3040512;2019;9;8;5;3;0;2;0;1;1;0;0;0;0;0;796916,2901;5835822,402;13,38413;52,59116
198959;11;9;9010402;2019;9;8;5;3;0;2;0;0;1;0;1;0;0;1;806491,1354;5820058,823;13,51051;52,44457
198960;11;5;5030731;2019;9;8;5;2;5;3;0;1;0;0;0;0;1;0;788001,8548;5830207,936;13,24803;52,54561
198961;11;4;4020209;2019;9;17;5;3;0;5;0;0;0;0;1;0;1;0;789816,8155;5824903,04;13,27009;52,49709
198962;11;8;8020726;2019;9;17;5;3;5;3;0;0;1;0;0;0;0;0;799906,6176;5816245,14;13,41051;52,41404
198963;11;12;12224230;2019;9;17;5;3;5;2;0;1;1;0;0;0;0;0;787290,0051;5837899,624;13,24423;52,61495
198964;11;4;4051654;2019;9;17;5;2;6;7;0;0;1;1;0;0;0;0;793599,8418;5823944,754;13,32482;52,48648
198965;11;4;4030726;2019;9;17;5;3;5;3;0;0;1;0;0;0;0;0;792090,8326;5825281,779;13,30383;52,49927
198966;11;5;5040934;2019;9;16;5;2;0;1;0;1;0;0;0;0;0;0;783826,613;5823585,922;13,18097;52,48843
198967;11;5;5040936;2019;9;7;5;3;5;3;0;1;1;0;0;0;0;0;780779,1452;5820414,777;13,13354;52,46157
198968;11;4;4030931;2019;9;15;5;3;6;4;0;0;1;1;0;0;0;0;794436,5297;5825886,939;13,33882;52,50344
198969;11;9;9041401;2019;9;7;5;2;6;4;0;0;1;1;0;0;0;0;811649,5107;5820424,135;13,58651;52,44493
198970;11;5;5010312;2019;9;15;6;2;5;3;0;0;1;0;1;0;0;0;785088,2385;5829871,69;13,20489;52,54413
198971;11;10;10020414;2019;9;15;5;3;6;2;0;0;1;1;0;0;0;0;812237,7694;5830686,179;13,60475;52,53655
198972;11;1;1022104;2019;9;15;6;3;1;5;0;1;1;0;0;0;0;0;794363,2458;5828435,887;13,34;52,52633
198973;11;6;6040701;2019;9;15;6;3;5;3;0;1;1;0;0;0;0;0;782334,5566;5815313,249;13,15206;52,41503
198974;11;9;9020502;2019;9;7;5;3;0;1;0;0;0;0;1;0;0;1;809101,9055;5821545,987;13,55018;52,45643
198975;11;1;1033102;2019;9;15;5;3;5;2;0;1;1;0;0;0;0;0;797317,6553;5831634,203;13,38628;52,55339
198976;11;1;1011304;2019;9;21;6;3;2;6;2;0;1;0;0;0;0;0;799773,0299;5827532,78;13,41869;52,51529
198977;11;4;4030518;2019;9;15;5;3;5;3;0;0;1;0;0;0;0;0;791699,3505;5828394,776;13,30081;52,52739
198978;11;10;10020518;2019;9;6;5;3;5;3;1;0;1;0;0;0;0;1;812935,6646;5830025,092;13,61438;52,53023
198979;11;4;4051549;2019;9;7;5;3;5;2;0;1;1;0;0;0;0;1;793312,8333;5823634,548;13,32033;52,48385
198980;11;6;6010102;2019;9;11;5;3;0;1;0;1;0;0;0;0;0;0;793733,9796;5821072,301;13,32426;52,46066
198981;11;2;2020205;2019;9;14;5;3;5;5;0;1;1;0;0;0;0;0;798318,1772;5824281,804;13,3944;52,48694
198982;11;6;6040810;2019;9;16;5;3;5;2;0;1;1;0;0;0;0;0;790387,9079;5820839,826;13,27494;52,46036
198983;11;6;6040804;2019;9;15;5;3;6;4;0;1;0;1;0;0;0;0;787606,683;5818080,596;13,23175;52,43709
198984;11;6;6030504;2019;9;6;5;2;2;7;0;0;1;0;0;0;1;1;789969,7896;5816232,012;13,26481;52,41927
198985;11;7;7020201;2019;9;16;5;3;2;2;0;1;1;0;0;0;0;0;794860,4586;5824286,138;13,34363;52,48886
198986;11;7;7020203;2019;9;14;5;3;5;7;0;0;0;0;1;0;1;0;795520,026;5824366,932;13,35339;52,48923
198987;11;1;1011304;2019;9;16;5;3;0;5;0;0;1;0;1;0;0;0;799525,1455;5827882,935;13,41536;52,51856
198988;11;7;7010104;2019;9;14;5;3;5;3;0;1;1;0;0;0;0;0;796317,4343;5824924,649;13,36559;52,49379
198989;11;4;4030620;2019;9;16;5;2;5;2;0;0;1;0;0;0;1;0;791860,0091;5827450,856;13,30234;52,51884
198990;11;9;9010401;2019;9;14;5;3;0;2;0;0;1;0;1;0;0;0;806318,2569;5820929,401;13,50878;52,45247
198991;11;7;7040402;2019;9;15;5;3;0;6;0;0;1;0;0;0;1;0;796815,0176;5822356,345;13,37061;52,4705
198992;11;12;12214125;2019;9;15;5;3;2;2;0;0;1;0;1;0;0;0;790950,624;5833803,845;13,29454;52,57628
198993;11;4;4020310;2019;9;6;5;3;0;1;0;0;0;0;1;0;0;1;790238,6465;5828094,398;13,27907;52,52548
198994;11;12;12301204;2019;9;6;5;3;5;3;0;0;1;0;1;0;0;1;792459,9968;5835351,616;13,31812;52,58935
198995;11;5;5010312;2019;9;15;5;3;1;5;0;1;1;0;0;0;0;0;784779,2556;5830471,799;13,20086;52,54967
198996;11;11;11030618;2019;9;15;5;3;1;5;0;0;1;0;0;0;0;0;802870,8929;5828733,706;13,4653;52,52434
198997;11;12;12103117;2019;9;6;5;2;0;3;1;0;1;0;1;0;0;1;796397,3394;5832691,147;13,37369;52,56337
198998;11;3;3010102;2019;9;14;5;3;5;3;0;0;1;0;0;0;0;0;804371,698;5840424,6;13,49808;52,62828
198999;11;8;8020622;2019;9;18;5;2;0;7;1;0;0;0;1;0;0;1;801261,5273;5819679,711;13,43346;52,44408
199000;11;11;11040926;2019;9;14;5;2;6;4;0;1;0;1;0;0;0;0;805049,0543;5826744,562;13,49548;52,5053
199001;11;2;2040703;2019;9;13;5;3;5;3;0;1;0;0;0;0;1;0;801767,78;5826253,667;13,44684;52,50272
199002;11;11;11030720;2019;9;13;5;2;5;3;0;1;1;0;0;0;0;0;805186,448;5829419,154;13,49995;52,52919
199003;11;12;12231101;2019;9;14;5;3;5;3;0;1;1;0;0;0;0;0;792104,8276;5837987,676;13,31522;52,61317
199004;11;1;1044203;2019;9;13;5;3;2;6;0;0;1;0;0;0;0;0;795425,0095;5831585,772;13,3584;52,55399
199005;11;12;12214424;2019;9;11;5;3;3;6;0;0;1;0;0;1;0;0;793380,707;5832503,054;13,32915;52,56332
199006;11;2;2040701;2019;9;11;5;3;2;6;0;1;0;0;0;0;0;0;800602,469;5827039,541;13,43043;52,51041
199007;11;4;4031032;2019;9;23;5;2;5;7;2;0;1;0;0;0;0;0;791018,7496;5824869,104;13,28772;52,49615
199008;11;1;1022106;2019;9;14;5;3;6;4;0;0;0;1;0;0;1;0;794441,445;5828357,572;13,34108;52,52558
199009;11;10;10020414;2019;9;15;5;3;5;3;0;1;1;0;0;0;0;0;812014,3105;5830885,123;13,60165;52,53846
199010;11;2;2040502;2019;9;12;4;3;2;6;0;1;1;0;0;0;0;0;800761,124;5828450,768;13,43404;52,52297
199011;11;2;2010102;2019;9;20;5;3;5;3;2;0;1;0;0;0;0;0;798181,2702;5826512,423;13,39439;52,50701
199012;11;1;3071536;2019;9;14;4;3;3;3;0;1;1;0;0;0;0;0;799083,2619;5829018,168;13,40989;52,52898
199013;11;3;3040818;2019;9;19;5;3;0;4;2;0;0;1;1;0;0;0;799472,9368;5831859,933;13,41818;52,55424
199014;11;7;7020201;2019;9;18;5;2;3;6;0;0;1;0;0;0;0;0;794959,9965;5824119,398;13,34494;52,48731
199015;11;1;1011302;2019;9;20;4;3;3;6;2;0;1;0;0;0;0;0;798440,8004;5829047,187;13,40047;52,52959
199016;11;1;1044202;2019;9;19;4;3;5;2;0;1;1;0;0;0;0;0;794610,7721;5829870,924;13,34491;52,53906
199017;11;4;4031032;2019;9;18;5;3;5;3;0;0;1;0;0;0;0;0;790953,3799;5824833,665;13,28673;52,49587
199018;11;5;5020523;2019;9;18;5;2;5;3;0;1;1;0;0;0;0;0;783047,9776;5827281,903;13,17268;52,52197
199019;11;7;7050504;2019;9;19;4;2;1;5;0;0;1;0;0;0;0;0;799799,871;5820465,21;13,41273;52,45192
199020;11;6;6030504;2019;9;17;5;2;5;2;0;0;1;0;1;0;0;0;790159,6668;5815444,938;13,26691;52,41212
199021;11;1;1011302;2019;9;18;4;3;1;5;0;1;0;0;0;1;1;0;797978,0969;5828497,12;13,39318;52,52491
199022;11;12;12103116;2019;9;17;5;2;6;4;0;0;1;1;0;0;0;0;796586,6659;5833580,743;13,37727;52,57124
199023;11;12;12103117;2019;9;18;4;3;2;6;0;0;1;0;0;0;0;0;796644,8088;5832450,284;13,37712;52,56108
199024;11;4;4031032;2019;9;10;5;3;1;5;0;1;1;0;0;0;0;0;791536,3916;5825100,987;13,29553;52,49795
199025;11;4;4030417;2019;9;18;4;3;1;5;0;0;1;0;0;0;0;0;791813,6828;5826919,663;13,30119;52,51411
199026;11;4;4051654;2019;9;10;5;3;5;3;0;0;1;0;1;0;0;0;793439,655;5823835,308;13,32237;52,48558
199027;11;5;5020417;2019;9;10;5;3;5;3;0;0;1;0;1;0;0;1;782822,87;5828571,97;13,17047;52,53366
199028;11;8;8041037;2019;9;18;4;3;5;3;0;0;1;0;1;0;0;0;805698,2509;5816979,992;13,49607;52,41742
199029;11;4;4051653;2019;9;18;4;3;2;6;0;0;1;0;0;0;0;0;793976,8586;5824691,003;13,33101;52,49297
199030;11;1;1044101;2019;9;9;5;3;3;6;0;0;1;0;0;0;0;0;794526,2502;5831578,961;13,34518;52,55442
199031;11;5;5010314;2019;9;18;4;3;3;6;0;0;0;0;1;0;1;0;784940,0555;5829395,125;13,2023;52,53994
199032;11;3;3061429;2019;9;9;5;3;5;3;0;1;1;0;0;0;0;0;801415,3715;5830908,652;13,44588;52,54464
199033;11;9;9020502;2019;9;17;4;3;5;2;0;0;1;0;1;0;0;0;807079,3213;5822532,697;13,52142;52,46641
199034;11;4;4020310;2019;9;9;5;3;3;6;0;0;0;0;1;0;1;0;790142,5873;5827332,632;13,277;52,5187
199035;11;1;1011306;2019;9;17;4;3;5;2;0;1;0;0;1;0;0;0;799774,106;5826561,658;13,41783;52,50658
199036;11;8;8020622;2019;9;7;5;3;2;7;0;1;1;0;0;0;0;0;802316,0528;5819329,018;13,44861;52,44035
199037;11;3;3040508;2019;9;16;4;2;5;3;0;1;1;0;0;0;0;0;795890,3772;5836466,663;13,3696;52,59749
199038;11;1;1011303;2019;9;8;5;3;5;3;0;1;0;0;1;0;0;1;799350,0423;5828621,446;13,41345;52,52528
199039;11;2;2020202;2019;9;7;5;3;5;2;0;1;1;0;0;0;0;1;797943,0511;5825259,136;13,38977;52,49591
199040;11;4;4031032;2019;9;16;4;3;2;3;0;1;1;0;0;0;0;0;791451,2681;5825070,675;13,29425;52,49772
199041;11;12;12214424;2019;9;5;5;2;0;3;2;1;1;0;0;0;0;1;793471,3267;5832412,124;13,3304;52,56245
199042;11;2;2010103;2019;9;16;4;3;1;5;0;1;1;0;0;0;0;0;799553,659;5826112,818;13,41419;52,50268
199043;11;1;1022207;2019;9;16;5;2;6;4;0;1;0;1;0;0;0;0;794635,4703;5827606,908;13,34326;52,51875
199044;11;1;1011301;2019;9;8;4;3;3;6;0;1;1;0;0;0;0;0;797615,0966;5828331,117;13,3877;52,52362
199045;11;8;8020621;2019;9;15;4;3;3;6;0;1;0;0;0;0;0;0;800340,0042;5819243,086;13,41955;52,44067
199046;11;9;9020702;2019;9;15;4;3;0;3;0;1;0;0;0;0;1;0;809317,3531;5819371,469;13,55133;52,43682
199047;11;6;6010101;2019;9;15;4;3;5;3;0;1;1;0;0;0;0;0;793150,8323;5820833,713;13,31549;52,45883
199048;11;8;8010213;2019;9;16;4;3;2;2;0;1;0;0;0;0;1;0;801047,945;5822427,431;13,43281;52,46882