OBJECTID;LAND;BEZ;LOR;UJAHR;UMONAT;USTUNDE;UWOCHENTAG;UKATEGORIE;UART;UTYP1;ULICHTVERH;IstRad;IstPKW;IstFuss;IstKrad;IstGkfz;IstSonstige;USTRZUSTAND;LINREFX;LINREFY;XGCSWGS84;YGCSWGS84
199049;11;1;1011204;2019;9;15;4;3;2;2;0;1;0;0;0;0;1;0;798674,1392;5827587,342;13,40259;52,51638
199050;11;4;4010102;2019;9;21;4;3;2;6;2;0;1;0;0;0;0;0;792952,391;5830401,108;13,32099;52,54471
199051;11;9;9051702;2019;9;12;4;3;5;2;0;1;1;0;0;0;0;0;814202,6549;5821326,771;13,6248;52,45155
199052;11;1;1011204;2019;9;21;4;3;5;3;2;0;1;0;0;0;0;0;797990,9746;5826785,847;13,39184;52,50957
199053;11;5;5020524;2019;9;20;4;3;6;4;2;1;0;1;0;0;0;0;783391,7432;5826748,951;13,17728;52,51702
199054;11;7;7030301;2019;9;11;4;3;6;2;0;0;1;1;0;0;0;0;794227,6175;5822417,879;13,33269;52,47245
199055;11;1;1033203;2019;9;11;4;2;2;2;0;0;0;0;1;0;0;0;796492,6671;5830527,07;13,37316;52,54392
199056;11;11;11030721;2019;9;20;4;3;5;2;2;0;1;0;1;0;0;0;804272,2537;5827873,91;13,4851;52,51585
199057;11;1;1044101;2019;9;10;4;3;2;3;0;0;1;0;0;0;1;0;794315,151;5830463,331;13,34109;52,54453
199058;11;4;4041137;2019;9;20;4;2;6;4;2;0;1;1;0;0;0;0;790720,9332;5822721,683;13,28147;52,47705
199059;11;9;9020601;2019;9;0;4;3;5;3;2;0;1;0;0;0;0;0;805908,598;5821824,27;13,50359;52,46072
199060;11;1;1033202;2019;9;19;4;3;1;5;2;0;1;0;0;0;0;0;797740,6014;5830210,532;13,39122;52,5404
199061;11;9;9041402;2019;9;10;4;3;6;4;0;1;0;1;0;0;0;0;812133,011;5820713,967;13,59387;52,44725
199062;11;3;3030715;2019;9;19;4;3;5;2;1;0;1;0;0;0;0;0;800625,7595;5833910,766;13,43699;52,57198
199063;11;3;3061131;2019;9;19;4;3;4;6;1;1;0;0;0;0;0;0;798695,0606;5830312,633;13,40535;52,54079
199064;11;4;4041344;2019;9;10;4;3;0;5;0;0;1;0;1;0;0;0;792861,1548;5822921,14;13,31307;52,4777
199065;11;3;3061131;2019;9;19;4;3;3;6;0;1;0;0;0;0;0;0;798725,3965;5830324,222;13,4058;52,54088
199066;11;6;6020304;2019;9;15;4;3;5;3;0;1;0;0;0;0;1;0;794628,4565;5817924,641;13,33461;52,43196
199067;11;2;2050802;2019;9;18;4;3;0;1;0;1;1;0;0;0;0;0;802697,3937;5827237,595;13,46138;52,51103
199068;11;12;12214125;2019;9;10;4;2;5;2;0;0;1;0;0;0;0;0;790969,2616;5833803,375;13,29482;52,57627
199069;11;5;5030833;2019;9;17;4;3;5;3;0;0;1;0;0;0;0;0;788171,866;5829380,851;13,24981;52,53811
199070;11;5;5030730;2019;9;14;4;3;5;2;0;1;0;0;0;0;1;0;786916,8857;5829320,829;13,2313;52,53823
199071;11;11;11041022;2019;9;17;4;3;2;6;0;0;1;0;0;0;0;0;806576,4555;5827780,152;13,51886;52,51372
199072;11;9;9051901;2019;9;9;4;3;5;3;0;1;1;0;0;0;0;0;810887,1485;5821450,313;13,57628;52,45456
199073;11;4;4020313;2019;9;10;4;3;5;3;0;0;1;0;0;0;0;0;790399,0725;5826230,519;13,2798;52,50868
199074;11;3;3061430;2019;9;17;4;3;5;2;0;1;1;0;0;0;0;0;802328,8842;5829223,813;13,45778;52,52903
199075;11;7;7040403;2019;9;14;4;3;5;2;0;1;1;0;0;0;0;0;797329,7373;5822178,812;13,37801;52,46863
199076;11;7;7040402;2019;9;16;4;3;5;3;0;0;1;0;0;0;1;0;796823,0606;5822178,11;13,37057;52,4689
199077;11;4;4031032;2019;9;14;4;3;5;3;0;0;1;0;1;0;0;0;791837,2607;5824715,41;13,29961;52,49433
199078;11;11;11020516;2019;9;16;4;3;2;6;0;0;1;0;0;0;0;0;806052,4786;5830622,568;13,51378;52,53949
199079;11;6;6010101;2019;9;14;4;3;5;2;0;1;1;0;0;0;0;0;793194,1765;5820228,557;13,31559;52,45338
199080;11;1;1011202;2019;9;7;4;3;5;2;0;1;0;0;1;0;0;0;798551,3148;5827801,312;13,40098;52,51836
199081;11;9;9020501;2019;9;12;4;3;5;3;0;0;0;0;0;0;1;0;806104,1498;5822162,186;13,50677;52,46364
199082;11;5;5010314;2019;9;9;4;3;0;2;0;0;1;0;0;0;1;0;784836,11;5829150,252;13,20056;52,53779
199083;11;8;8041035;2019;9;14;4;3;5;2;0;0;1;0;1;0;0;0;804040,276;5819198,196;13,47378;52,43822
199084;11;12;12231102;2019;9;12;4;3;1;5;0;1;1;0;0;0;0;0;790367,8558;5840191,586;13,29157;52,63386
199085;11;6;6010210;2019;9;12;4;3;5;3;0;0;1;0;1;0;0;0;794970,6958;5821024,288;13,34236;52,45956
199086;11;4;4051549;2019;9;10;4;2;5;2;0;1;0;0;0;0;1;0;793319,7835;5823612,353;13,32041;52,48365
199087;11;2;2030401;2019;9;11;4;3;0;7;0;0;1;0;0;0;0;0;800659,0783;5825676,857;13,43003;52,49816
199088;11;4;4041137;2019;9;13;4;2;6;4;0;0;0;1;1;0;0;0;791490,6579;5823561,321;13,29351;52,48417
199089;11;9;9020501;2019;9;11;4;3;5;2;0;1;0;0;0;1;0;0;806555,5223;5822315,907;13,51353;52,46476
199090;11;1;1044203;2019;9;10;4;3;1;5;0;1;1;0;0;0;1;0;795955,4405;5831941,016;13,36652;52,55689
199091;11;10;10030724;2019;9;9;4;3;5;7;0;0;1;0;0;0;0;0;809591,5677;5828542,361;13,56386;52,51885
199092;11;8;8010301;2019;9;10;4;3;5;2;0;1;1;0;0;0;0;0;800564,9943;5825143,543;13,42817;52,49343
199093;11;4;4030622;2019;9;9;4;3;1;5;0;1;1;0;0;0;0;0;792215,8271;5826927,208;13,30711;52,51396
199094;11;7;7020201;2019;9;12;4;3;5;2;0;0;1;0;0;0;0;0;794935,6795;5824669,576;13,34507;52,49226
199095;11;1;1011102;2019;9;8;4;3;2;2;0;0;1;0;1;0;0;0;795126,1378;5827083,722;13,35001;52,51379
199096;11;11;11040926;2019;9;8;4;3;5;2;0;1;1;0;0;0;0;0;806684,3788;5826910,934;13,51965;52,50587
199097;11;11;11030618;2019;9;9;4;3;0;6;0;0;1;0;0;1;0;0;802788,3019;5829423,1;13,46471;52,53056
199098;11;2;2040703;2019;9;8;4;3;5;2;0;1;1;0;0;0;0;0;801754,308;5826263,126;13,44665;52,50281
199099;11;7;7010102;2019;9;7;4;3;6;7;0;0;0;0;0;0;1;0;795061,2322;5825003,237;13,34721;52,49518
199100;11;12;12304314;2019;9;7;4;3;5;2;0;1;1;0;0;0;0;0;790616,8918;5835985,806;13,29154;52,59602
199101;11;9;9051801;2019;9;12;4;3;5;3;0;1;1;0;0;0;0;0;820724,3371;5819513,518;13,7187;52,43152
199102;11;2;2010102;2019;9;7;4;3;3;6;0;1;1;0;0;0;0;0;798043,7731;5826515,471;13,39237;52,50711
199103;11;4;4010101;2019;9;6;4;2;0;3;0;0;1;0;1;0;0;0;791326,4554;5830671,59;13,29732;52,548
199104;11;12;12301203;2019;9;5;4;3;0;3;2;1;1;0;0;0;0;0;793276,6137;5835161,461;13,32997;52,58721
199105;11;5;5010101;2019;9;5;4;3;0;7;1;0;0;0;1;0;0;0;785040,1252;5834240,211;13,20793;52,58332
199106;11;9;9051901;2019;9;6;4;3;5;2;0;1;1;0;0;0;0;0;810259,7449;5821449,385;13,56708;52,45491
199107;11;9;9041402;2019;9;14;4;3;0;2;0;0;1;0;0;0;1;0;812358,0207;5820086,447;13,59658;52,4415
199108;11;5;5010101;2019;9;0;4;3;6;4;2;0;0;1;0;0;1;0;785422,2312;5831689,592;13,21136;52,56026
199109;11;12;12214527;2019;9;16;4;3;9;1;0;0;1;0;0;0;0;0;790193,9973;5835155,307;13,28459;52,5888
199110;11;12;12214424;2019;9;12;3;3;5;3;0;0;1;0;0;0;0;0;792925,2331;5832701,144;13,32262;52,56534
199111;11;8;8010117;2019;9;15;4;3;5;2;0;1;1;0;0;0;0;0;800178,9217;5823637,139;13,42114;52,48014
199112;11;11;11030721;2019;9;17;3;3;1;5;0;1;1;0;0;0;0;0;805174,3836;5827754,936;13,49824;52,51428
199113;11;12;12214424;2019;9;15;4;3;3;6;0;0;1;0;1;0;0;0;793422,4699;5832399,664;13,32967;52,56237
199114;11;4;4030415;2019;9;15;4;2;0;7;0;1;1;0;0;0;0;0;791091,7479;5827434,103;13,29104;52,5191
199115;11;11;11040926;2019;9;8;3;3;5;3;0;1;0;0;0;0;0;0;806621,4483;5827363,831;13,51914;52,50997
199116;11;11;11051330;2019;9;15;4;3;5;2;0;1;1;0;0;0;0;0;807269,8838;5825414,629;13,52687;52,49213
199117;11;10;10010310;2019;9;15;4;3;5;7;0;0;0;0;1;0;1;0;809026,3136;5830230,872;13,55713;52,5343
199118;11;3;3040614;2019;9;14;3;3;5;3;0;0;1;0;1;0;0;0;800200,6578;5835970,18;13,4326;52,59068
199119;11;1;1011202;2019;9;11;4;3;0;1;0;1;0;0;0;0;0;0;798150,0458;5828007,793;13,39527;52,52043
199120;11;2;2030402;2019;9;23;3;3;1;5;2;0;0;0;0;0;1;0;801296,1346;5825740,862;13,43944;52,49839
199121;11;7;7040405;2019;9;13;4;3;5;3;0;0;1;0;0;0;0;0;798623,3971;5820654,61;13,39564;52,45426
199122;11;1;1044201;2019;9;12;4;3;5;2;0;1;1;0;0;0;0;0;796983,8306;5831935,137;13,38164;52,55627
199123;11;1;1022202;2019;9;15;3;3;5;2;0;1;1;0;0;0;0;0;795668,9129;5829732,336;13,36034;52,53724
199124;11;5;5010314;2019;9;20;3;2;6;4;1;0;1;1;0;0;0;0;783765,4481;5829117,539;13,18479;52,53806
199125;11;1;1022202;2019;9;8;4;2;0;7;0;0;1;0;0;0;0;0;795669,3721;5829731,688;13,36035;52,53724
199126;11;5;5020523;2019;9;13;3;3;2;7;0;0;1;0;0;0;0;0;782785,7808;5827465,322;13,16898;52,52376
199127;11;1;1011201;2019;9;20;3;3;2;6;2;1;1;0;0;0;0;0;797481,3231;5826772,855;13,38434;52,50973
199128;11;1;1033101;2019;9;16;3;2;5;3;0;0;1;0;1;0;0;0;796410,2756;5832008,862;13,37327;52,55725
199129;11;12;12214527;2019;9;15;3;3;5;3;0;1;1;0;0;0;0;0;789877,6087;5835060,533;13,27985;52,58812
199130;11;8;8020622;2019;9;19;3;3;5;2;1;0;1;0;0;0;0;0;802363,1518;5819912,373;13,44983;52,44555
199131;11;6;6030606;2019;9;12;3;3;1;5;0;0;1;0;1;0;0;0;793540,5988;5819465,487;13,32001;52,44636
199132;11;5;5020625;2019;9;16;3;3;5;2;0;0;1;0;0;0;0;0;783757,5195;5828683,632;13,1843;52,53417
199133;11;1;1011202;2019;9;14;3;2;0;1;0;0;0;0;0;0;1;0;798450,7807;5828005,653;13,39969;52,52025
199134;11;2;2030401;2019;9;16;3;3;3;6;0;0;1;0;1;0;0;0;800834,4682;5825579,742;13,43252;52,4972
199135;11;9;9020802;2019;9;18;3;3;2;6;0;0;1;0;0;0;0;0;810070,6275;5820414,385;13,56334;52,44574
199136;11;9;9010301;2019;9;16;3;3;5;3;0;0;1;0;0;0;0;0;804628,6442;5821692,197;13,48469;52,46025
199137;11;2;2040502;2019;9;14;3;3;2;7;0;1;1;0;0;0;0;0;801180,6724;5827977,197;13,43977;52,51849
199138;11;5;5010311;2019;9;16;3;3;5;7;0;0;1;0;1;0;0;0;785400,5526;5830329,886;13,20988;52,54808
199139;11;6;6030607;2019;9;13;3;3;5;3;0;0;1;0;0;0;1;0;791486,5556;5816162,882;13,28699;52,41785
199140;11;4;4051446;2019;9;15;3;3;1;5;0;1;1;0;0;0;0;0;793072,9901;5824882,818;13,3179;52,49517
199141;11;12;12103220;2019;9;16;3;3;5;3;0;0;1;0;1;0;0;0;793692,8358;5833335,839;13,33448;52,57062
199142;11;6;6030609;2019;9;15;3;3;2;6;0;0;1;0;0;0;1;0;793218,9905;5819605,761;13,31541;52,44779
199143;11;9;9020701;2019;9;17;3;3;5;2;0;1;0;0;0;0;1;0;807713,8476;5818106,469;13,52665;52,42638
199144;11;1;1044102;2019;9;15;3;3;2;6;0;1;1;0;0;0;0;0;794336,0977;5831769,219;13,34255;52,55622
199145;11;4;4030725;2019;9;13;3;3;0;3;0;0;1;0;0;0;1;1;791293,5924;5826056,792;13,2928;52,50665
199146;11;1;1022102;2019;9;15;3;3;0;4;0;0;0;1;0;0;1;0;793567,6878;5828392,281;13,32827;52,52637
199147;11;2;2030302;2019;9;15;3;3;2;7;0;1;1;0;0;0;0;0;801267,3758;5826185,358;13,43942;52,50239
199148;11;10;10020415;2019;9;13;3;2;1;5;0;0;1;0;0;0;1;1;812110,9654;5831312,797;13,60347;52,54224
199149;11;12;12301205;2019;9;14;3;3;2;6;0;0;1;0;0;0;0;0;792463,9496;5837305,959;13,3199;52,60687
199150;11;6;6030501;2019;9;16;3;2;5;3;0;1;1;0;0;0;0;0;788735,0235;5816316,94;13,24678;52,42069
199151;11;10;10040933;2019;9;14;3;3;3;6;0;1;1;0;0;0;0;0;812374,2619;5824001,542;13,60048;52,47657
199152;11;11;11040925;2019;9;14;3;3;5;3;0;1;1;0;0;0;0;0;803626,1416;5826566,052;13,47442;52,50449
199153;11;3;3040614;2019;9;12;3;3;5;2;0;1;1;0;0;0;0;0;797852,8641;5833037,83;13,39541;52,56568
199154;11;10;10010310;2019;9;14;3;3;5;2;0;1;1;0;0;0;0;0;809419,4542;5831091,694;13,56371;52,54179
199155;11;8;8010211;2019;9;11;3;3;5;7;0;0;1;0;0;0;0;0;800413,5958;5823917,009;13,42484;52,48252
199156;11;4;4041342;2019;9;13;3;3;0;5;0;0;1;0;1;0;0;0;792421,5887;5822823,074;13,30653;52,47706
199157;11;8;8020622;2019;9;11;3;3;5;2;0;0;1;0;0;0;1;0;801315,423;5819540,193;13,43413;52,4428
199158;11;4;4030931;2019;9;12;3;3;6;7;0;0;1;1;0;0;0;0;794406,6246;5825879,462;13,33837;52,50339
199159;11;2;2020202;2019;9;10;3;3;5;2;0;1;1;0;0;0;0;0;797941,3924;5825259,319;13,38974;52,49591
199160;11;3;3051017;2019;9;10;3;3;0;2;0;0;0;0;1;1;0;0;802899,1251;5833160,605;13,46975;52,564
199161;11;8;8041036;2019;9;10;3;2;5;7;0;0;1;0;1;0;0;0;804337,0373;5817011,978;13,47615;52,41846
199162;11;1;1011303;2019;9;10;3;3;5;2;0;0;1;0;0;0;1;0;799244,0435;5828468,698;13,41176;52,52397
199163;11;3;3040818;2019;9;10;3;3;6;2;0;0;1;1;0;0;0;1;799830,8493;5831972,087;13,42354;52,55505
199164;11;1;1044202;2019;9;10;3;3;5;2;0;1;1;0;0;0;0;0;794896,8303;5830251,901;13,34945;52,54232
199165;11;4;4030725;2019;9;10;3;2;5;2;0;0;1;0;1;0;0;1;791994,4482;5825975,239;13,30302;52,50554
199166;11;9;9020701;2019;9;9;3;3;6;2;0;0;1;1;0;0;0;0;808490,6184;5819052,531;13,53891;52,43443
199167;11;4;4030417;2019;9;10;3;3;0;1;0;1;0;0;0;0;0;1;791485,6755;5827200,012;13,29662;52,5168
199168;11;3;3061126;2019;9;22;3;3;0;1;2;1;0;0;0;0;0;0;798789,0635;5831459,103;13,40776;52,55102
199169;11;11;11051229;2019;9;9;3;3;1;5;0;1;0;0;0;1;0;0;803811,9533;5826162,059;13,47678;52,50077
199170;11;1;1044103;2019;9;10;3;3;0;7;0;1;0;0;0;0;0;1;794681,9076;5830867,32;13,34684;52,54795
199171;11;11;11030721;2019;9;8;3;3;0;6;0;1;1;0;0;0;0;0;804467,7607;5828170,809;13,48824;52,5184
199172;11;7;7040401;2019;9;8;3;3;5;2;0;1;1;0;0;0;0;0;798740,9929;5823947,057;13,40031;52,48371
199173;11;5;5010101;2019;9;8;3;3;2;6;0;0;1;0;0;0;1;0;785909,409;5831720,262;13,21856;52,56027
199174;11;8;8020727;2019;9;9;3;3;6;7;0;0;1;1;0;0;0;0;801558,392;5817398,114;13,43576;52,42346
199175;11;4;4051448;2019;9;8;3;3;5;3;0;0;1;0;0;0;0;0;794238,835;5825413,649;13,3355;52,4993
199176;11;2;2020203;2019;9;9;3;3;5;2;0;1;0;0;0;0;1;1;797482,6737;5824555,387;13,38238;52,48985
199177;11;11;11030618;2019;9;7;3;3;6;4;0;0;0;1;1;0;0;0;803831,1037;5828730,982;13,4794;52,52378
199178;11;2;2020205;2019;9;21;3;2;3;7;2;1;1;0;0;0;0;0;797953,3456;5824572,73;13,3893;52,48975
199179;11;3;3051017;2019;9;7;3;3;5;2;0;1;1;0;0;0;0;0;803870,1244;5832202,451;13,48315;52,55487
199180;11;1;1011103;2019;9;7;3;3;2;6;0;0;1;0;0;0;0;1;795197,5509;5825926,792;13,35003;52,50339
199181;11;6;6010205;2019;9;7;3;2;6;4;0;0;1;1;0;0;0;0;796289,8577;5819660,137;13,36051;52,44662
199182;11;2;2050803;2019;9;7;3;3;5;2;0;1;1;0;0;0;0;1;803103,3215;5826087,077;13,4663;52,50049
199183;11;1;1011202;2019;9;6;3;3;5;3;0;1;1;0;0;0;0;0;797498,6972;5827762,657;13,38548;52,51859
199184;11;1;1011302;2019;9;23;3;3;5;3;2;1;0;0;1;0;0;0;798766,1177;5828963,647;13,40518;52,52866
199185;11;8;8041036;2019;9;16;3;3;5;3;0;1;1;0;0;0;0;0;804552,0816;5816532,477;13,47886;52,41405
199186;11;10;10010205;2019;9;18;3;3;5;3;0;1;1;0;0;0;0;0;810404,7078;5832151,285;13,57918;52,55073
199187;11;4;4030620;2019;9;17;3;3;0;4;0;1;0;1;0;0;0;0;791834,156;5827445,07;13,30196;52,51881
199188;11;10;10030724;2019;9;8;3;3;0;3;0;0;1;0;0;0;1;0;809569,1481;5828034,71;13,56306;52,51431
199189;11;8;8010117;2019;9;14;3;3;2;6;0;0;1;0;0;0;1;0;800637,1323;5823074,979;13,42736;52,47485
199190;11;4;4051652;2019;9;17;3;2;5;2;0;0;1;0;1;0;0;0;793449,2175;5824326,268;13,32294;52,48998
199191;11;6;6020409;2019;9;16;3;3;5;3;0;0;1;0;0;0;1;0;793733,1144;5817611,638;13,3212;52,42963
199192;11;12;12301203;2019;9;19;3;1;5;3;2;0;1;0;1;0;0;0;793553,0376;5834245,492;13,33323;52,57885
199193;11;5;5010207;2019;9;11;3;3;2;6;0;0;1;0;0;0;1;0;783690,7033;5830007,714;13,18445;52,54608
199194;11;2;2030402;2019;9;14;2;3;1;5;0;1;1;0;0;0;0;0;801759,2969;5825810,411;13,44631;52,49875
199195;11;3;3061228;2019;9;1;3;3;5;3;2;0;1;0;0;0;0;1;800323,1832;5831578,622;13,43043;52,55125
199196;11;8;8010212;2019;9;14;2;3;2;2;0;0;1;0;1;0;0;0;801294,5351;5823574,771;13,43746;52,47897
199197;11;2;2040701;2019;9;14;3;3;1;5;0;0;1;0;0;0;1;0;800816,3544;5826885,741;13,43343;52,50891
199198;11;10;10040828;2019;9;10;2;3;5;3;0;1;0;0;0;0;1;0;811202,376;5827915,258;13,58694;52,51231
199199;11;11;11020513;2019;9;6;2;2;6;7;1;1;0;1;0;0;0;0;803020,725;5831351,302;13,46988;52,54772
199200;11;11;11051332;2019;9;8;2;3;2;2;0;1;1;0;0;0;0;0;807196,1272;5823898,684;13,52439;52,47859
199201;11;11;11020411;2019;9;22;2;3;1;1;2;0;1;0;0;0;0;1;806376,9955;5832409,262;13,5202;52,55532
199202;11;7;7030301;2019;9;16;2;3;5;3;0;1;0;0;0;0;0;0;794395,9639;5822574,251;13,3353;52,47376
199203;11;7;7020204;2019;9;12;2;2;5;3;0;1;1;0;0;0;0;1;796128,7732;5823309,018;13,36139;52,47941
199204;11;11;11051331;2019;9;5;2;3;6;7;2;0;1;0;0;0;1;1;807241,2649;5824227,978;13,52535;52,48151
199205;11;12;12231101;2019;9;21;2;2;5;3;2;0;1;0;1;0;0;0;791421,1803;5838754,895;13,30582;52,62042
199206;11;12;12302109;2019;9;20;2;3;5;3;2;0;1;0;0;0;0;1;795398,4374;5836786,537;13,36265;52,60062
199207;11;1;1011303;2019;9;18;2;3;6;7;0;0;1;1;0;0;0;0;799462,1507;5828802,335;13,41526;52,52684
199208;11;12;12103116;2019;9;19;2;3;5;3;2;0;1;0;0;0;0;1;796595,5714;5833589,996;13,37741;52,57132
199209;11;1;1011203;2019;9;18;2;3;3;6;0;1;1;0;0;0;0;0;797936,514;5827178,645;13,39139;52,51312
199210;11;5;5020625;2019;9;5;2;3;6;2;2;0;1;1;0;0;0;1;783587,5244;5828663,555;13,18179;52,53408
199211;11;12;12304313;2019;9;18;2;2;6;4;0;0;1;1;0;0;0;0;792526,9752;5835157,167;13,31893;52,58757
199212;11;1;1022101;2019;9;19;2;3;2;6;1;0;1;0;0;0;0;1;793624,8542;5828129,546;13,32887;52,52398
199213;11;1;1022206;2019;9;18;2;3;2;6;0;0;1;0;0;0;0;1;796278,7354;5828481,686;13,36819;52,5257
199214;11;1;1011306;2019;9;17;2;3;5;3;0;1;1;0;0;0;0;0;799900,4672;5826514,857;13,41964;52,50609
199215;11;4;4051447;2019;9;17;2;3;5;2;0;1;1;0;0;0;0;0;793192,3399;5824560,764;13,31937;52,49222
199216;11;6;6030605;2019;9;13;2;3;2;6;0;0;1;0;1;0;0;1;791851,8983;5819162,82;13,29497;52,44455
199217;11;12;12214125;2019;9;16;2;3;6;4;0;0;1;1;0;0;0;1;790967,218;5833827,77;13,29481;52,57649
199218;11;7;7040403;2019;9;17;2;3;5;3;0;0;1;0;0;0;0;0;796931,9476;5822275,01;13,37226;52,46971
199219;11;8;8020621;2019;9;12;2;3;2;6;0;0;1;0;0;0;1;1;801031,7106;5819530,25;13,42996;52,44286
199220;11;4;4020311;2019;9;17;2;3;5;2;0;1;1;0;0;0;0;0;790160,772;5826651,235;13,27667;52,51258
199221;11;12;12214423;2019;9;16;2;3;5;3;0;0;1;0;0;0;0;1;792840,2616;5833652,048;13,32221;52,57391
199222;11;6;6030503;2019;9;16;2;3;5;2;0;0;1;0;0;0;0;1;790896,3841;5817757,482;13,27972;52,43246
199223;11;5;5010311;2019;9;17;2;3;5;3;0;1;1;0;0;0;0;0;785366,267;5830245,984;13,2093;52,54734
199224;11;6;6040809;2019;9;10;2;3;2;7;0;0;1;0;0;0;0;1;791746,5584;5820656,73;13,29473;52,458
199225;11;4;4020311;2019;9;10;2;3;1;5;0;1;0;0;0;1;0;1;788826,6515;5827229,456;13,25757;52,51847
199226;11;4;4030623;2019;9;15;2;3;2;6;0;0;1;0;0;0;0;0;793768,2777;5826572,435;13,32961;52,50994
199227;11;1;1044201;2019;9;16;2;3;5;3;0;0;1;0;0;0;0;1;796429,8997;5831177,255;13,37282;52,54978
199228;11;5;5020524;2019;9;16;2;2;6;2;0;0;1;1;0;0;0;1;783044,2063;5826062,538;13,17158;52,51104
199229;11;7;7050506;2019;9;23;2;3;5;2;2;0;1;0;0;0;1;0;798879,6515;5817218,522;13,39632;52,42332
199230;11;4;4051447;2019;9;16;2;3;6;4;0;0;1;1;0;0;0;1;793298,5023;5824966,128;13,32129;52,4958
199231;11;7;7050506;2019;9;16;2;3;5;2;0;0;1;0;0;0;0;0;798812,1302;5817333,857;13,39544;52,42439
199232;11;5;5020625;2019;9;15;2;3;5;2;0;1;1;0;0;0;0;1;784641,327;5828418,543;13,19707;52,53134
199233;11;2;2020206;2019;9;15;2;3;2;6;0;0;1;0;0;0;0;0;799401,0256;5824533,142;13,41053;52,4886
199234;11;9;9051901;2019;9;9;2;3;8;1;0;0;1;0;0;0;0;1;811937,745;5821587,346;13,59182;52,45519
199235;11;5;5010101;2019;9;15;2;3;4;1;0;0;1;0;0;0;0;0;781758,2312;5835374,545;13,16059;52,5952
199236;11;8;8010301;2019;9;15;2;3;5;3;0;1;1;0;0;0;0;1;801298,3528;5824011,839;13,43791;52,48289
199237;11;4;4030726;2019;9;9;2;3;5;2;0;0;1;0;0;0;1;1;792090,9624;5825290,075;13,30384;52,49935
199238;11;8;8010508;2019;9;8;2;3;2;6;0;0;1;0;0;0;0;0;802919,9036;5822862,37;13,46068;52,47169
199239;11;5;5010207;2019;9;12;2;2;5;2;0;0;1;0;1;0;0;0;783699,0539;5830176,783;13,18472;52,54759
199240;11;5;5010339;2019;9;14;2;3;2;6;0;0;1;0;0;0;0;1;787564,959;5828030,057;13,23972;52,52632
199241;11;8;8020625;2019;9;9;2;3;0;6;0;0;1;0;1;0;0;1;801468,1794;5819247,226;13,4361;52,44009
199242;11;8;8010510;2019;9;12;2;2;5;3;0;1;1;0;0;0;0;0;802483,3266;5822557,436;13,45399;52,4692
199243;11;4;4030622;2019;9;14;2;3;6;4;0;1;0;1;0;0;0;1;791892,5385;5827078,756;13,30249;52,51549
199244;11;3;3040512;2019;9;15;2;3;2;6;0;0;1;0;0;0;0;0;796948,2053;5835828,635;13,3846;52,59119
199245;11;2;2030402;2019;9;14;2;3;5;3;0;1;1;0;0;0;0;1;801069,6003;5825688,959;13,43607;52,49805
199246;11;6;6040806;2019;9;12;2;2;5;2;0;0;1;0;1;0;0;0;788837,4799;5819590,79;13,25111;52,44998
199247;11;2;2020205;2019;9;9;2;3;6;2;0;0;1;1;0;0;0;1;798481,3412;5824501,756;13,39699;52,48883
199248;11;3;3030405;2019;9;7;2;3;2;7;0;0;1;0;1;0;0;0;804331,7306;5838885,208;13,49607;52,61451
199249;11;2;2050602;2019;9;14;2;3;2;6;1;0;1;0;0;1;0;1;802671,4284;5828055,316;13,46175;52,51837
199250;11;1;1011304;2019;9;8;2;3;0;3;0;1;0;0;1;0;0;0;799736,3749;5827706,607;13,41831;52,51686
199251;11;5;5020625;2019;9;16;6;3;5;2;0;0;1;0;0;0;0;0;784553,1795;5828171,701;13,19556;52,52917
199252;11;12;12302212;2019;9;16;6;3;2;6;0;0;1;0;0;0;0;0;792564,2027;5837366,709;13,32143;52,60736
199253;11;8;8041037;2019;9;16;6;3;1;1;0;0;1;0;1;0;0;0;806433,0293;5818009,489;13,50778;52,42623
199254;11;1;1033102;2019;9;16;6;3;3;6;0;0;1;0;1;0;0;0;797326,6033;5831224,391;13,38605;52,54972
199255;11;1;1011303;2019;9;16;6;3;5;2;0;1;1;0;0;0;0;0;799763,9716;5828636,434;13,41955;52,52518
199256;11;8;8030831;2019;9;15;6;2;5;2;0;1;1;0;0;0;0;0;803741,7327;5818005,983;13,46832;52,4277
199257;11;9;9010402;2019;9;15;6;3;0;1;0;1;0;0;0;0;0;0;807237,7231;5819779,808;13,52121;52,44165
199258;11;4;4041137;2019;9;14;6;3;2;6;0;0;1;0;0;0;0;0;791711,8719;5823784,459;13,29695;52,48605
199259;11;5;5030731;2019;9;14;6;3;5;3;0;0;1;0;0;0;1;0;786962,9069;5829334,46;13,23199;52,53833
199260;11;2;2010102;2019;9;14;6;3;0;5;0;0;1;0;1;0;0;0;798559,9751;5826493,242;13,39993;52,50663
199261;11;9;9020701;2019;9;14;6;3;5;2;0;1;1;0;0;0;0;0;808328,0567;5818867,135;13,53636;52,43286
199262;11;11;11030618;2019;9;14;6;3;6;7;0;0;1;1;0;0;0;0;802839,4044;5828775,601;13,46487;52,52473
199263;11;4;4030623;2019;9;14;6;2;3;6;0;0;1;0;0;0;1;0;793017,823;5826940,126;13,31891;52,51364