OBJECTID;LAND;BEZ;LOR;UJAHR;UMONAT;USTUNDE;UWOCHENTAG;UKATEGORIE;UART;UTYP1;ULICHTVERH;IstRad;IstPKW;IstFuss;IstKrad;IstGkfz;IstSonstige;USTRZUSTAND;LINREFX;LINREFY;XGCSWGS84;YGCSWGS84
199481;11;4;4051447;2019;9;8;2;3;5;2;0;1;1;0;0;0;0;0;793156,8504;5824516,691;13,31881;52,49184
199482;11;1;1011203;2019;9;9;2;3;5;2;0;1;1;0;0;0;0;0;798201,916;5827421,858;13,39551;52,51515
199483;11;7;7050501;2019;9;7;2;3;2;2;0;0;1;0;0;1;0;0;797740,6491;5819114,539;13,38131;52,44094
199484;11;1;1011302;2019;9;10;2;3;6;7;0;0;1;1;0;0;0;0;797759,3471;5828330,057;13,38982;52,52354
199485;11;1;1044203;2019;9;21;2;2;6;4;2;0;1;1;0;0;0;0;796011,652;5831416,212;13,36688;52,55215
199486;11;5;5010313;2019;9;14;2;3;2;6;0;0;1;0;0;0;1;0;784651,6952;5829727,756;13,19835;52,54307
199487;11;12;12214422;2019;9;19;2;3;3;6;2;0;1;0;1;0;0;0;792234,6732;5833258,689;13,31296;52,57071
199488;11;2;2020204;2019;9;9;2;3;5;2;0;1;1;0;0;0;0;1;798791,8838;5824920,462;13,40193;52,49241
199489;11;6;6030502;2019;9;9;2;3;5;3;0;1;1;0;0;0;0;1;789079,7188;5815764,743;13,25135;52,41555
199490;11;9;9051801;2019;9;20;2;2;2;7;2;0;1;0;0;0;0;0;819378,4385;5819906,724;13,69935;52,43583
199491;11;1;1044203;2019;9;20;2;3;2;6;2;0;1;0;0;0;0;0;795864,5195;5831925;13,36517;52,55679
199492;11;4;4030931;2019;9;9;2;3;6;2;0;0;1;1;0;0;0;0;793940,0975;5826080,968;13,3317;52,50545
199493;11;1;1011305;2019;9;9;2;3;3;6;0;1;1;0;0;0;0;0;799660,6163;5827084,328;13,41663;52,51133
199494;11;9;9041501;2019;9;16;2;3;2;6;0;0;1;0;0;0;0;0;811363,3291;5820111,286;13,58202;52,44229
199495;11;4;4030931;2019;9;8;2;3;2;6;0;1;1;0;0;0;0;1;794562,5859;5826001,987;13,34077;52,5044
199496;11;7;7040405;2019;9;9;2;2;5;3;0;1;0;0;0;0;0;0;797942,1079;5822041,348;13,38688;52,46707
199497;11;1;1011301;2019;9;8;2;3;5;2;0;1;1;0;0;0;0;0;796969,4202;5828808,357;13,37863;52,52825
199498;11;3;3061227;2019;9;8;2;3;0;2;0;1;1;0;0;0;0;0;800159,9217;5831670,374;13,42811;52,55216
199499;11;3;3010104;2019;9;15;2;3;5;3;0;0;1;0;0;0;0;0;800111,5445;5840245,22;13,43517;52,62904
199500;11;6;6020410;2019;9;7;2;2;5;3;0;1;1;0;0;0;0;0;794445,1153;5817316,057;13,33138;52,4266
199501;11;12;12224230;2019;9;13;2;3;0;7;0;0;1;0;0;0;0;0;786485,8507;5837722,426;13,23223;52,61378
199502;11;7;7020202;2019;9;14;2;3;5;3;0;1;1;0;0;0;0;0;794892,0102;5823919,138;13,34377;52,48555
199503;11;4;4030930;2019;9;11;2;3;5;7;0;0;1;0;0;0;1;0;792840,1671;5825515,527;13,31504;52,50097
199504;11;1;1011302;2019;9;19;2;3;0;4;2;1;0;1;0;0;0;0;798601,6565;5828879,274;13,40269;52,528
199505;11;8;8010211;2019;9;11;2;3;5;3;0;0;1;0;0;0;0;0;800428,241;5823849,24;13,42499;52,48191
199506;11;8;8010117;2019;9;7;2;3;2;7;0;0;1;0;0;0;0;0;800497,4097;5822869,293;13,42513;52,47309
199507;11;4;4010103;2019;9;13;2;3;6;4;0;0;1;1;0;0;0;0;791317,9052;5829728,403;13,29637;52,53955
199508;11;1;1033102;2019;9;15;1;3;1;5;0;1;1;0;0;0;0;0;797277,2076;5831910,735;13,38593;52,5559
199509;11;5;5020521;2019;9;17;2;3;0;3;0;1;1;0;0;0;0;0;780686,0779;5827868,001;13,13845;52,52845
199510;11;11;11051229;2019;9;8;1;3;6;4;0;0;1;1;0;0;0;0;804103,3481;5825989,753;13,4809;52,49906
199511;11;1;1011302;2019;9;13;2;3;0;1;0;1;0;0;0;0;0;0;797875,4282;5828531,457;13,3917;52,52528
199512;11;4;4030931;2019;9;16;1;3;5;2;0;1;1;0;0;0;0;0;793986,6853;5826152,492;13,33245;52,50606
199513;11;4;4030725;2019;9;18;1;3;0;7;0;0;0;0;1;0;0;1;791727,1721;5826104,293;13,29921;52,50684
199514;11;8;8010301;2019;9;9;2;3;5;2;0;1;1;0;0;0;0;0;801102,7883;5824358,22;13,43536;52,4861
199515;11;3;3050924;2019;9;18;2;3;4;1;1;1;0;0;0;0;1;0;801608,3575;5831413,342;13,44917;52,54906
199516;11;8;8010118;2019;9;16;1;3;0;7;0;0;0;1;0;0;1;0;800914,8116;5822308,25;13,43075;52,46783
199517;11;1;1011102;2019;9;16;1;3;0;1;0;0;0;0;0;0;1;0;795183,4983;5826878,868;13,35067;52,51193
199518;11;1;1033203;2019;9;12;2;3;5;3;0;0;1;0;0;0;0;0;796683,7488;5830124,311;13,37561;52,54021
199519;11;9;9010101;2019;9;16;1;3;2;6;0;1;1;0;0;0;0;0;802250,8945;5824849,782;13,45266;52,48987
199520;11;9;9041601;2019;9;12;2;3;5;3;0;1;1;0;0;0;0;0;816641,6225;5817425,396;13,65687;52,41519
199521;11;4;4051551;2019;9;15;1;3;1;5;0;1;1;0;0;0;0;0;792937,6429;5823317,294;13,31454;52,48121
199522;11;4;4030620;2019;9;14;1;3;2;3;0;1;1;0;0;0;0;0;791793,2005;5827491,668;13,30139;52,51925
199523;11;3;3071537;2019;9;18;2;3;2;6;2;0;1;0;0;0;0;0;799573,724;5828977,162;13,41706;52,52834
199524;11;4;4010101;2019;9;13;1;3;5;2;0;0;0;0;1;0;0;0;791208,5889;5829731,013;13,29476;52,53963
199525;11;4;4010103;2019;9;20;1;3;3;2;2;0;1;0;0;0;0;0;791127,6552;5829152,348;13,29307;52,53449
199526;11;4;4051445;2019;9;17;2;3;5;2;0;0;1;0;0;0;0;0;792441,1503;5824104,158;13,30794;52,48853
199527;11;1;1044102;2019;9;18;1;2;5;3;0;1;1;0;0;0;0;0;795277,2446;5831732,913;13,35636;52,55539
199528;11;1;1022207;2019;9;17;2;3;6;7;0;0;1;1;0;0;0;0;794746,3495;5827405,639;13,34472;52,51689
199529;11;9;9020701;2019;9;18;1;3;5;2;0;0;1;0;0;0;0;0;808329,4667;5818868,776;13,53638;52,43287
199530;11;7;7040403;2019;9;17;1;3;5;2;0;1;1;0;0;0;0;0;797850,4669;5821927,573;13,38543;52,4661
199531;11;9;9041501;2019;9;14;2;3;1;1;0;1;1;0;0;0;0;0;810855,6004;5820529,909;13,57496;52,44633
199532;11;1;1033201;2019;9;17;2;3;1;5;0;1;1;0;0;0;0;0;797843,0024;5830434,097;13,39293;52,54235
199533;11;1;1011102;2019;9;7;1;3;0;1;0;0;0;0;1;0;0;0;796569,7577;5827815,267;13,37187;52,51957
199534;11;2;2030302;2019;9;0;1;3;0;7;2;1;0;0;0;0;0;0;801645,5922;5826072,385;13,44488;52,50116
199535;11;4;4030931;2019;9;17;2;3;6;7;0;0;0;1;0;0;1;0;793661,0971;5825794,62;13,32735;52,50303
199536;11;9;9010101;2019;9;6;1;3;5;3;0;1;1;0;0;0;0;0;802319,3244;5825532,826;13,45428;52,49596
199537;11;8;8010510;2019;9;11;2;3;2;2;0;0;1;0;0;0;0;0;802132,294;5822014,777;13,44835;52,46453
199538;11;8;8010213;2019;9;10;2;3;1;5;0;0;1;0;0;0;1;0;801297,5221;5822646,375;13,43667;52,47065
199539;11;4;4010102;2019;9;6;1;3;2;6;1;0;1;0;1;0;0;0;793337,984;5829739,853;13,32608;52,53857
199540;11;4;4030931;2019;9;4;1;3;5;2;2;0;1;0;0;0;0;0;793981,0724;5826175,468;13,33238;52,50627
199541;11;5;5010339;2019;9;10;2;2;1;5;0;0;1;0;0;0;0;0;785717,5635;5828348,616;13,21283;52,53015
199542;11;5;5010339;2019;9;1;1;3;1;1;2;0;1;0;0;0;0;0;787964,8143;5828204,338;13,24575;52,52767
199543;11;7;7070706;2019;9;10;2;3;5;3;0;0;1;0;0;0;0;0;799827,5644;5812671,292;13,40615;52,38204
199544;11;9;9030901;2019;9;4;7;3;5;3;2;0;1;0;0;0;0;0;808098,2776;5816928,925;13,5312;52,41561
199545;11;8;8020727;2019;9;17;2;3;5;7;0;1;1;0;0;0;0;0;801558,1274;5817506,874;13,43585;52,42444
199546;11;7;7050503;2019;9;14;7;3;2;6;0;0;1;0;0;0;0;0;799026,0647;5819683,048;13,40067;52,44533
199547;11;3;3040818;2019;9;16;2;3;5;2;0;1;1;0;0;0;0;0;799649,0299;5831843,833;13,42075;52,554
199548;11;12;12214421;2019;9;14;7;3;6;4;0;0;1;1;0;0;0;0;793448,4685;5833529,341;13,33105;52,57248
199549;11;1;1044101;2019;9;10;2;3;5;3;0;0;1;0;0;0;0;0;794245,8394;5831424,382;13,34092;52,55318
199550;11;12;12301205;2019;9;14;7;2;0;1;0;1;0;0;0;0;0;0;792312,0308;5837794,064;13,3181;52,61132
199551;11;9;9052001;2019;9;10;2;3;2;7;0;0;1;0;1;0;0;0;810618,403;5822959,066;13,57374;52,46823
199552;11;7;7010104;2019;9;14;7;2;5;2;0;1;1;0;0;0;0;0;795998,7577;5824957,224;13,36094;52,49426
199553;11;4;4030623;2019;9;13;2;3;0;2;0;0;0;0;0;0;1;0;793680,8253;5826359,548;13,32814;52,50808
199554;11;3;3050923;2019;9;13;7;3;5;3;0;0;1;0;0;0;0;0;801062,8035;5831425,44;13,44116;52,54947
199555;11;9;9020802;2019;9;13;7;3;5;3;0;1;1;0;0;0;0;0;810487,611;5820100,325;13,56917;52,44269
199556;11;1;1044101;2019;9;20;1;3;5;3;2;1;1;0;0;0;0;0;794033,4905;5830175,902;13,33669;52,5421
199557;11;9;9051701;2019;9;21;7;3;3;6;2;0;1;0;1;0;0;0;812474,7137;5821292,557;13,59942;52,45224
199558;11;11;11040926;2019;9;23;1;3;5;3;2;0;1;0;0;0;0;0;806139,2486;5826839,37;13,51158;52,50554
199559;11;4;4051655;2019;9;21;7;3;0;1;2;0;0;0;0;0;1;0;793936,5838;5823415,268;13,32929;52,48155
199560;11;6;6010205;2019;9;23;7;3;6;4;2;0;1;1;0;0;0;0;796311,292;5819684,085;13,36085;52,44682
199561;11;2;2020203;2019;9;20;1;3;5;2;2;1;1;0;0;0;0;0;797753,44;5824294,292;13,38612;52,48736
199562;11;1;1044201;2019;9;22;7;2;6;4;1;0;1;1;0;0;0;0;796848,177;5831560,682;13,37931;52,55299
199563;11;3;3061228;2019;9;21;1;2;5;2;2;1;1;0;0;0;0;0;800169,7637;5830964,025;13,42762;52,54582
199564;11;4;4020311;2019;9;21;7;3;5;2;2;0;1;0;0;0;0;0;789633,33;5826235,657;13,26856;52,50914
199565;11;1;1033102;2019;9;21;1;3;3;6;2;0;1;0;0;0;0;0;797260,8384;5831299,634;13,38515;52,55043
199566;11;11;11041022;2019;9;21;7;3;6;4;2;0;1;1;0;0;0;0;806600,1979;5827774,59;13,51921;52,51366
199567;11;9;9051901;2019;9;20;1;3;0;7;2;0;0;0;1;0;0;1;809662,0848;5821476,299;13,55833;52,45549
199568;11;1;1011402;2019;9;13;7;3;0;7;0;1;0;0;0;0;0;0;798627,8435;5829362,22;13,40351;52,53231
199569;11;7;7040404;2019;9;21;7;3;0;1;2;0;0;0;1;0;0;0;797426,9099;5820387,104;13,37784;52,45252
199570;11;7;7010102;2019;9;19;1;3;5;3;2;1;1;0;0;0;0;0;795914,3453;5825161,279;13,35988;52,49613
199571;11;4;4030518;2019;9;19;1;3;5;2;2;0;1;0;0;0;1;0;791388,5681;5828584,858;13,29641;52,52926
199572;11;6;6010102;2019;9;13;7;3;5;2;0;0;1;0;1;0;0;0;793290,8859;5821108,013;13,31779;52,46121
199573;11;12;12103116;2019;9;15;1;3;4;6;0;0;1;0;0;0;0;0;796119,755;5833428,732;13,37027;52,57013
199574;11;2;2020203;2019;9;20;7;3;1;5;2;1;1;0;0;0;0;0;797514,0364;5824836,529;13,38309;52,49235
199575;11;4;4030930;2019;9;14;1;2;3;6;0;1;0;0;0;0;1;0;793499,9205;5825729,522;13,32492;52,50253
199576;11;6;6010205;2019;9;12;7;3;5;5;0;0;1;0;0;0;0;0;795203,5158;5819997,06;13,34487;52,45023
199577;11;12;12214527;2019;9;11;7;3;5;2;0;0;1;0;0;0;0;0;790363,2449;5834875,251;13,28684;52,5862
199578;11;6;6030606;2019;9;14;1;3;1;5;0;0;1;0;1;0;0;0;793188,1534;5818207,465;13,31373;52,43527
199579;11;2;2010101;2019;9;13;1;3;5;7;0;0;1;0;0;0;1;0;797274,725;5826294,892;13,38088;52,50556
199580;11;6;6030610;2019;9;19;7;2;0;1;1;0;0;0;1;0;0;0;792007,7453;5818968,346;13,29708;52,44272
199581;11;6;6020303;2019;9;18;7;2;2;6;0;0;1;0;0;0;0;0;795638,7746;5818259,439;13,34972;52,43441
199582;11;10;10010102;2019;9;13;1;3;5;7;0;0;1;0;1;0;0;0;809345,5685;5834284,429;13,5656;52,57045
199583;11;6;6020410;2019;9;10;7;3;0;6;0;0;1;0;1;0;0;0;794262,5498;5817558,012;13,32892;52,42887
199584;11;3;3061332;2019;9;13;1;2;5;7;0;1;1;0;0;0;0;0;799871,1501;5830870,556;13,42314;52,54515
199585;11;9;9010401;2019;9;9;7;3;3;6;0;1;0;0;0;0;0;0;805580,5324;5821600,976;13,49857;52,4589
199586;11;3;3061126;2019;9;9;7;3;2;6;0;0;1;0;0;0;0;0;799244,4862;5831804,448;13,41477;52,55387
199587;11;12;12214421;2019;9;12;1;3;5;3;0;0;1;0;1;0;0;0;793401,9442;5833178,733;13,33006;52,56936
199588;11;9;9020802;2019;9;9;7;2;6;4;0;0;1;1;0;0;0;0;810694,6384;5819566,36;13,57171;52,43778
199589;11;9;9041301;2019;9;12;1;2;5;3;0;0;1;0;1;0;0;0;812104,3657;5819738,934;13,59254;52,43853
199590;11;6;6040804;2019;9;9;7;3;6;4;0;1;0;1;0;0;0;0;787652,6747;5818154,254;13,23249;52,43773
199591;11;6;6030610;2019;9;19;1;2;2;2;1;1;1;0;0;0;0;0;791980,3456;5818992,746;13,2967;52,44295
199592;11;3;3030716;2019;9;8;7;3;6;4;0;1;0;1;0;0;0;0;802507,434;5833837,412;13,4646;52,57028
199593;11;11;11030619;2019;9;11;7;3;5;2;0;1;1;0;0;0;0;0;803548,4357;5829724,318;13,47616;52,53284
199594;11;1;1011202;2019;9;16;7;3;1;6;0;1;1;0;0;0;0;0;797673,8233;5827980,122;13,38825;52,52045
199595;11;12;12301204;2019;9;16;7;3;0;1;0;0;0;0;1;0;0;0;792719,5791;5835819,578;13,32235;52,5934
199596;11;11;11030618;2019;9;20;7;3;1;5;2;0;1;0;0;0;1;0;802506,0377;5828941,563;13,46012;52,5264
199597;11;1;1011105;2019;9;19;7;3;5;3;2;0;1;0;0;0;0;0;796583,3666;5826869,169;13,37123;52,51108
199598;11;7;7040404;2019;9;15;7;3;3;6;0;1;1;0;0;0;0;0;796575,7306;5820074,555;13,36507;52,45018
199599;11;9;9010402;2019;9;14;7;3;5;2;0;0;1;0;0;0;1;0;805887,8584;5818966,153;13,50067;52,43511
199600;11;3;3061227;2019;9;18;7;3;1;5;1;0;1;0;0;0;1;0;800100,9269;5831154,624;13,42678;52,54757
199601;11;12;12302110;2019;9;2;7;3;1;5;2;0;1;0;0;0;0;0;794808,4633;5836295,863;13,35352;52,59655
199602;11;3;3030405;2019;9;17;7;3;5;3;0;1;1;0;0;0;0;0;804155,5217;5838842,838;13,49344;52,61423
199603;11;7;7030303;2019;9;0;7;3;1;3;2;1;1;0;0;0;0;0;794864,192;5821591,994;13,3413;52,46471
199604;11;9;9020701;2019;9;16;7;2;5;2;0;0;1;0;0;0;0;0;807711,3;5818115,267;13,52662;52,42646
199605;11;7;7070706;2019;9;13;6;3;1;5;0;1;1;0;0;0;0;0;800027,19;5813186,206;13,40954;52,38655
199606;11;10;10020414;2019;9;13;7;3;1;5;0;1;1;0;0;0;0;0;812055,2316;5830892,74;13,60226;52,53851
199607;11;4;4051448;2019;9;10;6;3;0;7;0;1;0;0;0;0;0;0;793996,6695;5825513,957;13,33203;52,50033
199608;11;1;1022202;2019;9;10;7;3;5;2;0;0;1;0;0;0;0;0;795667,3825;5829740,731;13,36033;52,53732
199609;11;12;12214424;2019;9;14;6;3;5;7;0;0;1;0;0;0;0;0;793104,596;5832646,916;13,32521;52,56476
199610;11;10;10040932;2019;9;7;7;2;6;4;0;0;0;1;0;0;1;0;812925,0706;5827945,782;13,61227;52,5116
199611;11;7;7040403;2019;9;14;6;3;2;6;0;0;1;0;0;0;0;0;797344,1268;5821896,547;13,37797;52,46609
199612;11;5;5020626;2019;9;13;6;3;2;6;0;0;1;0;0;0;0;0;784540,111;5827996,487;13,19522;52,5276
199613;11;12;12214424;2019;9;15;7;3;1;5;0;1;1;0;0;0;1;0;792308,3314;5832913,652;13,31374;52,56758
199614;11;1;1011304;2019;9;13;6;3;3;6;0;1;0;0;0;0;0;0;799739,9663;5827544,148;13,41821;52,51541
199615;11;12;12304313;2019;9;15;7;3;2;7;0;0;1;0;0;0;0;0;792589,9968;5835158,451;13,31986;52,58755
199616;11;5;5030730;2019;9;13;6;3;5;2;0;1;0;0;0;0;1;1;785746,668;5829267,844;13,21405;52,53837
199617;11;8;8010301;2019;9;14;7;3;3;6;0;1;1;0;0;0;0;0;801367,4561;5823942,513;13,43887;52,48223
199618;11;7;7030301;2019;9;12;6;3;0;7;0;1;1;0;0;0;0;0;793940,0134;5822531,83;13,32857;52,47363
199619;11;7;7030301;2019;9;3;7;2;9;1;2;0;0;0;1;0;0;0;793922,2957;5822824,375;13,32856;52,47626
199620;11;7;7020203;2019;9;12;6;3;0;7;0;1;1;0;0;0;0;0;795651,0521;5824126,32;13,3551;52,487
199621;11;5;5030730;2019;9;11;6;3;2;6;0;0;1;0;0;0;0;0;786418,2031;5831091,441;13,2255;52,55437
199622;11;1;1011201;2019;9;14;7;3;2;2;0;0;1;0;0;0;0;0;796967,6826;5827051,795;13,37704;52,51251
199623;11;3;3061430;2019;9;14;7;3;0;1;0;0;0;0;1;0;0;0;802441,2053;5829411,586;13,4596;52,53065
199624;11;5;5010101;2019;9;11;6;3;0;7;0;0;1;0;0;0;1;0;785932,6107;5831624,467;13,21882;52,5594
199625;11;9;9051901;2019;9;10;6;3;1;5;0;0;1;0;0;0;0;0;811666,116;5821148,098;13,58743;52,45141
199626;11;9;9051702;2019;9;1;7;3;2;2;2;0;1;0;0;0;0;0;814466,9649;5820801,501;13,62818;52,4467
199627;11;9;9010101;2019;9;10;6;3;5;2;0;1;1;0;0;0;0;0;802330,1912;5825303,626;13,45423;52,49389
199628;11;8;8041035;2019;9;13;7;3;5;3;0;0;1;0;0;0;0;0;804354,5329;5818318,002;13,47759;52,43016
199629;11;4;4030929;2019;9;9;6;3;6;7;0;0;1;1;0;0;0;0;792711,1192;5825613,55;13,31323;52,50192
199630;11;12;12214424;2019;9;21;6;3;4;6;2;1;1;0;0;0;0;0;793026,7109;5832767,263;13,32418;52,56588
199631;11;10;10020412;2019;9;13;7;3;5;3;0;1;1;0;0;0;0;0;811347,3244;5831933,489;13,59283;52,54824
199632;11;4;4041133;2019;9;9;6;2;0;1;0;0;0;0;1;0;0;0;790521,3892;5825163,137;13,28067;52,49905
199633;11;2;2040502;2019;9;7;6;3;5;2;0;0;1;0;0;0;0;0;800474,5294;5828468,142;13,42984;52,52328
199634;11;2;2030302;2019;9;12;7;3;0;3;0;0;1;0;1;0;0;0;800847,5588;5826461,813;13,43351;52,5051
199635;11;8;8010213;2019;9;17;6;3;2;2;0;0;1;0;0;0;0;0;801642,2779;5822559,931;13,44165;52,46968
199636;11;12;12103117;2019;9;3;6;3;0;1;2;0;0;0;1;0;0;0;795782,1413;5832578,007;13,36454;52,56269
199637;11;6;6010208;2019;9;12;7;3;2;6;0;0;1;0;0;0;0;0;794733,21;5820088,049;13,33805;52,4513
199638;11;8;8041036;2019;9;20;6;3;5;3;2;0;1;0;0;0;0;0;804925,4067;5817687,262;13,48539;52,42419
199639;11;4;4010102;2019;9;11;7;3;0;1;0;0;1;0;1;0;0;0;793184,1137;5830143,075;13,32417;52,54227
199640;11;12;12302108;2019;9;18;6;3;2;6;0;0;1;0;0;0;0;0;795453,3241;5837428,416;13,36403;52,60635
199641;11;6;6040805;2019;9;11;7;3;5;3;0;0;1;0;0;0;0;0;789423,9495;5818031,508;13,25836;52,43569
199642;11;1;1011301;2019;9;18;6;3;6;4;0;0;1;1;0;0;0;0;797522,0886;5828765,463;13,38672;52,52757
199643;11;10;10010204;2019;9;11;7;3;0;1;0;0;0;0;1;0;0;0;808704,8425;5832826,231;13,55482;52,55774
199644;11;5;5010205;2019;9;17;6;2;5;3;0;0;1;0;1;0;0;0;780459,2242;5830047,252;13,13696;52,54811
199645;11;9;9051901;2019;9;18;6;3;5;2;0;1;1;0;0;0;0;0;809933,9053;5821623,534;13,56246;52,45665
199646;11;5;5020417;2019;9;10;7;3;5;2;0;1;1;0;0;0;0;0;783585,3891;5828663,303;13,18176;52,53408
199647;11;2;2010104;2019;9;10;7;3;5;7;0;1;1;0;0;0;0;0;799333,5702;5825627,564;13,41052;52,49845
199648;11;3;3040818;2019;9;17;6;3;5;3;0;1;1;0;0;0;0;0;799657,302;5832810,173;13,42175;52,56265
199649;11;8;8010211;2019;9;17;6;3;2;6;0;0;1;0;0;0;0;0;800557,9533;5823760,505;13,42682;52,48104
199650;11;9;9051901;2019;9;10;7;3;5;7;0;0;1;0;0;0;1;0;810716,601;5820939,985;13,57331;52,45008
199651;11;4;4030623;2019;9;16;6;3;5;3;0;1;1;0;0;0;0;0;792922,73;5826761,875;13,31735;52,5121
199652;11;1;1011102;2019;9;12;7;3;1;5;0;1;1;0;0;0;0;0;796536,571;5827613,376;13,37121;52,51778
199653;11;1;1033201;2019;9;16;6;3;4;6;0;1;0;0;0;0;1;0;797700,2577;5830671,323;13,39104;52,54455
199654;11;1;1044201;2019;9;23;6;3;2;6;2;0;1;0;0;0;0;0;796479,5476;5831966,369;13,37425;52,55683
199655;11;1;1044101;2019;9;16;6;2;5;3;0;0;1;0;0;0;1;0;794647,6042;5831460,483;13,34686;52,55329
199656;11;4;4030623;2019;9;18;6;3;1;5;0;1;1;0;0;0;0;0;793797,4518;5826075,197;13,3296;52,50547
199657;11;10;10010310;2019;9;16;6;3;2;6;0;0;1;0;0;0;1;0;808895,4115;5830178,447;13,55516;52,53391
199658;11;7;7040401;2019;9;14;2;3;5;3;0;0;1;0;0;0;1;0;797468,7575;5822615,28;13,38044;52,47247
199659;11;9;9010202;2019;9;16;2;3;2;6;0;0;1;0;0;0;0;1;803816,9037;5823314,356;13,47425;52,47524
199660;11;1;1044103;2019;9;15;2;3;2;6;0;0;1;0;0;0;0;1;794855,3308;5830989,059;13,3495;52,54895
199661;11;12;12214527;2019;9;16;2;2;6;4;0;0;1;1;0;0;0;0;790301,9368;5834978,205;13,28602;52,58716
199662;11;12;12214125;2019;9;16;2;3;0;4;0;0;1;1;0;0;0;0;789846,1391;5833340,274;13,27788;52,57272
199663;11;1;1011303;2019;9;16;2;2;5;3;0;0;0;0;1;0;1;1;799498,019;5828344,449;13,41538;52,52271
199664;11;2;2050601;2019;9;16;2;3;5;3;0;0;1;0;0;0;0;1;801763,6755;5828661,466;13,44896;52,5243
199665;11;5;5020626;2019;9;16;2;3;1;5;0;1;1;0;0;0;0;1;784595,639;5827950,281;13,196;52,52716
199666;11;9;9020701;2019;9;16;2;3;5;3;0;0;1;0;0;0;1;0;808108,893;5818397,877;13,53271;52,42877
199667;11;1;1033102;2019;9;6;2;3;5;2;0;1;1;0;0;0;0;0;797156,6552;5831919,568;13,38417;52,55604
199668;11;6;6010206;2019;9;12;2;3;3;6;0;0;1;0;0;0;1;1;794771,4262;5819856,533;13,33841;52,4492
199669;11;6;6020301;2019;9;12;2;2;6;2;0;0;1;1;0;0;0;1;796476,3607;5818331,854;13,36207;52,43461
199670;11;4;4030931;2019;9;12;2;2;2;7;0;0;1;0;0;0;0;1;794058,881;5825944,668;13,33332;52,50416
199671;11;6;6030503;2019;9;9;2;3;6;4;0;0;1;1;0;0;0;1;789523,0995;5817482,271;13,25934;52,43072
199672;11;5;5010103;2019;9;9;2;3;2;2;0;0;1;0;0;0;0;1;784756,7722;5831112,541;13,20108;52,55543
199673;11;8;8010405;2019;9;11;2;3;5;3;0;0;1;0;1;0;0;1;802265,3909;5823531,337;13,45168;52,47805
199674;11;3;3061131;2019;9;10;2;3;2;6;0;0;1;0;0;0;0;1;799154,44;5830837,209;13,41257;52,54524
199675;11;4;4051551;2019;9;9;2;3;5;2;0;0;1;0;0;0;0;1;792894,6517;5823290,128;13,31389;52,48099
199676;11;4;4030622;2019;9;8;2;3;5;2;0;1;1;0;0;0;0;1;792748,5023;5826737,825;13,31477;52,51198
199677;11;2;2030302;2019;9;8;2;3;0;5;0;1;1;0;0;0;0;1;801548,1655;5826038,169;13,44342;52,50091
199678;11;4;4010101;2019;9;7;2;3;5;2;0;1;1;0;0;0;0;1;790421,1521;5829043,117;13,28259;52,53389
199679;11;4;4020314;2019;9;7;2;3;2;6;0;0;1;0;0;0;0;1;790048,7144;5825251,599;13,2738;52,50009
199680;11;1;1033201;2019;9;6;2;3;6;2;2;0;1;1;0;0;0;1;797906,9299;5830316,355;13,39376;52,54126
199681;11;7;7050501;2019;9;6;2;2;6;2;2;0;1;1;0;0;0;1;798001,3187;5819645,445;13,38561;52,44556
199682;11;8;8020727;2019;9;6;2;3;6;4;2;0;1;1;0;0;0;1;801754,541;5816744,65;13,43805;52,4175
199683;11;2;2050801;2019;9;6;2;3;2;6;2;0;1;0;0;1;0;1;803348,6358;5826721,293;13,47048;52,50604
199684;11;6;6020305;2019;9;5;2;3;5;2;2;1;1;0;0;0;0;1;796064,614;5817534,143;13,35533;52,42768
199685;11;1;1033102;2019;9;18;2;3;5;2;0;1;1;0;0;0;0;0;797161,1645;5831877,887;13,3842;52,55566
199686;11;8;8030831;2019;9;18;1;3;2;7;2;0;1;0;1;0;1;1;803533,739;5817798,818;13,46508;52,42596
199687;11;1;1011101;2019;9;17;1;3;0;4;0;0;0;1;1;0;0;1;794573,1492;5826095,612;13,34101;52,50524
199688;11;1;1011402;2019;9;16;1;3;2;6;0;0;1;0;0;0;0;1;798307,2058;5829397,76;13,39882;52,53281
199689;11;4;4030827;2019;9;16;1;2;5;3;0;0;1;0;0;0;0;1;792714,9118;5826095,23;13,31371;52,50623
199690;11;5;5020419;2019;9;15;1;2;5;2;1;0;1;0;0;0;0;1;780865,0524;5828328,486;13,14147;52,53249
199691;11;1;1011301;2019;9;14;1;3;0;1;0;0;0;0;0;0;1;1;797571,3937;5828629,265;13,38732;52,52632
199692;11;10;10020415;2019;9;14;1;3;5;3;0;0;1;0;0;0;1;1;812678,7223;5831108,167;13,61163;52,54008
199693;11;8;8020726;2019;9;13;1;3;2;6;0;0;1;0;0;0;0;1;799395,4504;5816313,579;13,40308;52,41493
199694;11;7;7030301;2019;9;13;1;3;3;6;0;1;1;0;0;0;0;1;794795,1817;5822894,912;13,34144;52,47642
199695;11;4;4020313;2019;9;12;1;3;3;6;0;0;1;0;0;0;0;1;790472,1479;5826019,601;13,28069;52,50675
199696;11;2;2030301;2019;9;12;1;2;4;7;0;1;0;0;0;0;1;1;800277,3969;5826074,643;13,42478;52,50194