OBJECTID;LAND;BEZ;LOR;UJAHR;UMONAT;USTUNDE;UWOCHENTAG;UKATEGORIE;UART;UTYP1;ULICHTVERH;IstRad;IstPKW;IstFuss;IstKrad;IstGkfz;IstSonstige;USTRZUSTAND;LINREFX;LINREFY;XGCSWGS84;YGCSWGS84
200769;11;1;1011101;2019;10;17;4;3;5;2;2;1;1;0;0;0;0;0;795230,5272;5826625,853;13,35114;52,50963
200770;11;4;4051448;2019;11;19;6;3;5;2;2;1;1;0;0;0;0;1;793917,9272;5824957,728;13,33038;52,49539
200771;11;4;4051652;2019;10;19;7;3;6;4;2;0;0;1;0;0;1;0;793441,826;5824086,583;13,32262;52,48784
200772;11;5;5020625;2019;10;10;3;3;5;3;0;0;1;0;1;0;0;0;784134,27;5828729,93;13,18988;52,53439
200773;11;12;12103219;2019;11;8;6;3;0;6;0;0;1;0;0;0;1;0;795062,7316;5832467,535;13,35386;52,56209
200774;11;3;3061429;2019;10;13;6;3;5;3;0;0;1;0;0;0;1;0;801906,1729;5830326,968;13,45257;52,53915
200775;11;10;10010102;2019;10;16;2;2;6;4;0;0;1;1;0;0;0;0;809762,2803;5834464,449;13,57189;52,57182
200776;11;8;8020726;2019;10;10;5;3;0;1;0;1;0;0;0;0;0;0;799563,3662;5816390,255;13,40561;52,41552
200777;11;12;12214421;2019;10;14;7;3;5;3;0;0;1;0;0;0;0;0;793125,0274;5833868,991;13,3266;52,5757
200778;11;11;11030720;2019;10;11;4;3;1;5;0;0;1;0;0;0;0;0;805192,0518;5829220,731;13,49985;52,52741
200779;11;4;4030519;2019;10;17;4;2;4;7;2;1;0;0;0;0;1;0;791253,54;5828956,4;13,29475;52,53267
200780;11;9;9041301;2019;11;18;6;2;5;2;2;0;1;0;1;0;0;0;811761,438;5818271,175;13,58614;52,42557
200781;11;8;8020622;2019;10;12;7;3;5;3;0;0;1;0;0;0;0;0;801588,4907;5820150,019;13,43868;52,44811
200782;11;3;3040818;2019;10;17;3;2;0;7;2;1;0;0;0;0;0;0;799476,3914;5833291,105;13,41952;52,56706
200783;11;4;4051446;2019;11;18;6;3;5;3;2;1;1;0;0;0;0;1;792912,178;5824395,732;13,31511;52,49089
200784;11;2;2050801;2019;10;1;7;3;5;3;2;1;1;0;0;0;0;0;803102,327;5827119,047;13,46722;52,50974
200785;11;5;5030730;2019;10;6;3;3;5;2;1;1;1;0;0;0;0;0;786645,3069;5829241,803;13,22724;52,53767
200786;11;3;3050919;2019;10;9;5;3;0;3;0;0;1;0;1;0;0;0;800780,3715;5832464,909;13,43795;52,55894
200787;11;4;4051652;2019;10;13;6;3;5;2;0;0;1;0;1;0;0;0;793450,5777;5824353,441;13,32298;52,49022
200788;11;7;7050502;2019;10;11;2;2;5;3;0;0;1;0;1;0;0;0;797543,2582;5818305,609;13,37769;52,4338
200789;11;7;7020204;2019;10;19;5;3;6;4;2;1;0;1;0;0;0;0;796039,0863;5823519,794;13,36026;52,48135
200790;11;8;8041038;2019;11;8;7;3;5;3;0;0;1;0;1;0;0;1;805921,3755;5816218,958;13,49865;52,41047
200791;11;2;2050602;2019;10;17;7;3;5;2;2;1;1;0;0;0;0;0;802636,038;5827910,317;13,46109;52,51709
200792;11;1;1011202;2019;10;8;4;3;2;6;0;1;1;0;0;0;0;0;797179,5752;5827492,875;13,38055;52,51635
200793;11;4;4051656;2019;10;18;4;1;5;5;2;0;1;0;1;0;0;0;793757,8731;5823089,38;13,32638;52,47873
200794;11;7;7030301;2019;11;16;6;3;5;3;2;1;1;0;0;0;0;0;793754,8158;5822077,792;13,32545;52,46966
200795;11;10;10010308;2019;10;17;6;3;0;3;1;0;1;0;0;0;1;0;806310,981;5830175,027;13,51717;52,53533
200796;11;12;12301206;2019;10;14;3;3;6;2;0;0;1;1;0;0;0;0;794029,2009;5838135,186;13,34369;52,61346
200797;11;1;1011302;2019;10;15;5;3;3;6;0;1;1;0;0;0;0;0;798579,2213;5828918,001;13,40239;52,52836
200798;11;4;4020310;2019;10;11;6;3;5;7;0;0;1;0;0;0;0;0;790249,744;5828028,306;13,27918;52,52488
200799;11;6;6030501;2019;10;8;2;3;5;3;0;1;1;0;0;0;0;0;788505,8321;5816873,118;13,2439;52,42579
200800;11;4;4041342;2019;10;9;5;3;6;2;0;0;0;1;1;0;0;0;791976,7164;5822376,98;13,29961;52,47329
200801;11;4;4031032;2019;10;17;5;3;1;5;1;1;1;0;0;0;0;0;791848,5583;5825272,007;13,30026;52,49932
200802;11;12;12214424;2019;10;9;6;3;6;2;0;0;1;1;0;0;0;0;792561,4087;5832814,226;13,31737;52,56655
200803;11;11;11040925;2019;10;9;2;3;5;2;0;1;1;0;0;0;0;0;803709,5786;5826763,361;13,47582;52,50621
200804;11;6;6030504;2019;10;16;5;2;6;4;2;0;1;1;0;0;0;1;790140,2616;5815557,942;13,26673;52,41314
200805;11;6;6020303;2019;11;22;7;3;5;3;2;1;1;0;0;0;0;1;795143,3537;5818244,083;13,34244;52,43454
200806;11;5;5010206;2019;10;16;7;3;2;6;0;1;1;0;0;0;0;0;782391,8917;5830484,7;13,16576;52,55103
200807;11;3;3010101;2019;10;5;4;3;6;6;2;0;1;1;0;0;0;0;803177,2949;5841356,731;13,48134;52,6373
200808;11;8;8010509;2019;10;17;3;3;6;4;2;0;0;1;1;0;0;0;803331,5879;5822481,402;13,46637;52,46804
200809;11;12;12103219;2019;11;14;6;3;6;4;0;0;1;1;0;0;0;0;795165,2662;5832495,946;13,35539;52,56229
200810;11;4;4020313;2019;10;16;6;3;5;2;0;1;0;0;0;0;1;0;790493,7503;5826547,439;13,28147;52,51147
200811;11;12;12103115;2019;10;17;2;2;2;6;2;0;1;0;0;0;0;0;795506,1855;5833434,726;13,36124;52,57052
200812;11;1;1022106;2019;10;13;5;3;0;1;0;0;0;0;1;0;0;0;793991,6194;5827833,56;13,334;52,52113
200813;11;6;6020305;2019;10;8;6;3;2;6;0;0;1;0;0;0;0;0;795654,5226;5816943,63;13,34879;52,42261
200814;11;12;12214527;2019;10;17;1;3;2;6;2;0;1;0;0;0;0;0;789874,9143;5835741,609;13,28041;52,59423
200815;11;4;4041343;2019;10;19;4;3;6;2;2;0;1;1;0;0;0;0;792670,019;5823057,226;13,31038;52,47902
200816;11;12;12301203;2019;11;17;6;3;5;3;1;0;1;0;0;0;0;1;792992,3033;5835645,553;13,32621;52,5917
200817;11;4;4051447;2019;10;14;7;3;0;7;0;0;0;0;0;0;1;0;793400,8964;5825195,136;13,323;52,4978
200818;11;10;10020413;2019;10;11;3;3;9;7;0;0;0;0;0;0;1;0;811775,2797;5831465,037;13,59868;52,5438
200819;11;2;2050803;2019;11;10;6;3;2;2;0;0;1;0;0;0;0;0;802446,4768;5826267,328;13,45682;52,50247
200820;11;2;2040701;2019;10;22;6;2;5;3;2;0;1;0;0;0;1;0;800586,6249;5827028,739;13,43019;52,51032
200821;11;7;7070704;2019;11;15;7;3;6;2;0;0;0;1;0;0;1;1;800651,746;5814136,408;13,41954;52,39472
200822;11;9;9052001;2019;10;14;7;3;5;3;0;0;1;0;0;0;0;0;809220,8547;5823023,457;13,5533;52,4696
200823;11;7;7040404;2019;10;14;3;3;2;6;0;0;1;0;0;0;0;0;796410,5697;5819759,128;13,36237;52,44744
200824;11;8;8020619;2019;11;10;6;2;2;6;0;0;1;0;1;0;0;0;801565,7967;5820650,015;13,4388;52,45261
200825;11;11;11030619;2019;10;15;6;3;0;2;0;0;1;0;0;0;1;0;803538,5047;5829731,344;13,47602;52,53291
200826;11;4;4020313;2019;10;18;2;3;5;3;2;0;1;0;0;0;0;1;790519,9564;5826494,613;13,28181;52,51099
200827;11;2;2050802;2019;10;12;5;3;2;6;0;0;1;0;0;0;0;0;803038,1182;5826971,265;13,46615;52,50845
200828;11;2;2050803;2019;10;2;1;3;5;3;2;0;1;0;0;0;0;0;802113,7322;5826365,461;13,45202;52,50353
200829;11;7;7030303;2019;10;16;4;3;5;2;0;0;1;0;1;0;0;0;795416,4971;5820986,527;13,34887;52,45898
200830;11;12;12302110;2019;11;18;6;3;6;2;2;0;1;1;0;0;0;1;795269,5409;5836363,999;13,36037;52,59691
200831;11;4;4020311;2019;10;11;7;3;5;3;0;0;1;0;0;0;0;0;789642,567;5826509,277;13,26893;52,51158
200832;11;9;9020701;2019;10;10;3;3;1;5;0;1;1;0;0;0;1;0;808625,1428;5818622,192;13,54049;52,43049
200833;11;2;2030402;2019;11;1;6;2;5;5;2;0;1;0;0;0;0;0;801687,2348;5825869,412;13,4453;52,49932
200834;11;2;2030402;2019;10;19;6;3;5;7;2;1;1;0;0;0;0;0;801679,9369;5825874,933;13,4452;52,49938
200835;11;1;1011302;2019;10;23;2;2;4;6;2;1;1;0;0;0;0;1;797901,7387;5828522,794;13,39208;52,52519
200836;11;8;8030830;2019;10;22;5;3;1;5;2;0;1;0;0;0;0;0;802463,9209;5817940,487;13,44953;52,42782
200837;11;6;6030610;2019;10;17;2;3;5;3;2;0;1;0;0;0;0;1;792410,7339;5817836,247;13,302;52,43236
200838;11;3;3061227;2019;10;4;5;3;5;2;2;0;1;0;1;0;0;0;799494,8286;5831770,177;13,41842;52,55342
200839;11;4;4051445;2019;10;19;1;3;6;2;2;0;1;1;0;0;0;0;792194,4105;5824737,689;13,30487;52,49434
200840;11;12;12103115;2019;10;13;4;3;2;6;0;0;1;0;0;0;0;0;795413,3581;5834067,48;13,36044;52,57624
200841;11;9;9051901;2019;11;21;6;2;0;1;2;1;0;0;0;0;0;1;812039,819;5821397,372;13,59314;52,45343
200842;11;6;6020409;2019;10;13;7;3;0;1;0;1;0;0;0;0;0;0;793195,2119;5817486,798;13,3132;52,4288
200843;11;3;3071537;2019;10;8;3;3;5;2;0;1;1;0;0;0;0;0;799785,6324;5829587,119;13,42073;52,53369
200844;11;1;1011202;2019;10;17;5;3;5;3;2;1;1;0;0;0;0;0;798548,3247;5827805,403;13,40094;52,5184
200845;11;5;5020625;2019;10;10;2;3;5;2;0;1;1;0;0;0;0;0;784551,7063;5828174,892;13,19555;52,5292
200846;11;5;5020419;2019;10;18;5;3;6;4;2;0;1;1;0;0;0;0;781606,9658;5828424,264;13,15246;52,53296
200847;11;1;1044103;2019;11;0;7;3;2;6;2;0;1;0;0;0;0;1;795190,0997;5831031,164;13,35446;52,54915
200848;11;4;4051448;2019;10;17;7;3;5;3;1;1;1;0;0;0;0;0;794206,2843;5824955,356;13,33461;52,49521
200849;11;4;4030519;2019;10;8;4;3;2;6;0;0;1;0;0;0;1;0;791238,1602;5828951,869;13,29452;52,53263
200850;11;12;12214125;2019;10;19;3;3;5;2;2;1;1;0;0;0;0;0;789975,0747;5833680,452;13,28008;52,5757
200851;11;12;12103218;2019;11;16;6;3;1;5;0;0;1;0;0;0;0;0;794822,7921;5833366,786;13,35113;52,57028
200852;11;9;9052001;2019;10;14;6;3;0;6;0;1;0;0;0;0;0;0;811575,9133;5823108,873;13,58793;52,46903
200853;11;6;6020408;2019;11;9;7;3;2;2;0;0;1;0;0;0;0;1;792717,5044;5816241,905;13,30511;52,4179
200854;11;5;5020417;2019;10;17;7;3;0;7;1;1;1;0;0;0;0;0;781739,1776;5828463,441;13,15444;52,53325
200855;11;6;6010210;2019;10;10;4;3;5;3;0;0;1;0;0;0;0;0;795189,6858;5821190,029;13,34572;52,46093
200856;11;1;1022206;2019;10;13;4;2;2;6;0;0;0;0;1;1;0;0;796259,301;5828501,038;13,36792;52,52589
200857;11;2;2040701;2019;11;21;6;3;5;3;2;1;1;0;0;0;0;1;800613,4675;5827116,752;13,43066;52,51109
200858;11;1;1011202;2019;10;19;6;3;5;2;2;1;1;0;0;0;0;0;797648,7189;5828129,82;13,38801;52,5218
200859;11;7;7040403;2019;10;12;3;2;5;3;0;1;0;0;1;0;0;0;797705,5543;5822197,892;13,38354;52,4686
200860;11;11;11030619;2019;10;15;5;3;0;2;1;0;1;0;0;0;1;0;803855,963;5829056,612;13,48007;52,52668
200861;11;4;4030519;2019;10;8;6;3;6;4;0;0;1;1;0;0;0;0;792457,4185;5828245,645;13,31182;52,52565
200862;11;1;1033203;2019;10;8;2;3;5;3;0;1;1;0;0;0;0;0;795738,5815;5829803,558;13,36143;52,53784
200863;11;1;1011302;2019;10;14;5;2;5;3;0;1;1;0;0;0;0;0;798716,6772;5828797,41;13,4043;52,5272
200864;11;1;1044202;2019;11;17;7;3;2;2;2;0;1;0;0;0;0;1;794961,5176;5830169,495;13,35033;52,54155
200865;11;1;1044101;2019;10;15;7;3;2;6;0;0;1;0;0;0;0;0;794136,6063;5830069,65;13,33811;52,5411
200866;11;11;11020516;2019;10;16;3;3;5;2;1;1;0;0;0;0;1;0;806179,0321;5830425,853;13,51546;52,53766
200867;11;4;4051446;2019;11;13;6;3;5;3;0;1;1;0;0;0;0;0;792911,9613;5824396,112;13,31511;52,4909
200868;11;8;8030829;2019;10;15;6;2;5;3;0;0;1;0;1;0;0;0;803157,712;5818432,57;13,46015;52,43185
200869;11;1;1011203;2019;10;18;2;3;1;5;2;1;1;0;0;0;0;1;798002,3069;5827389,997;13,39254;52,51498
200870;11;9;9020501;2019;10;8;5;3;5;2;0;1;1;0;0;0;0;0;806455,9138;5822104,697;13,51188;52,46292
200871;11;4;4041136;2019;10;8;6;3;5;2;0;1;1;0;0;0;0;0;790732,265;5823473,343;13,28229;52,48379
200872;11;11;11040925;2019;10;13;1;3;2;6;0;1;1;0;0;0;0;0;803868,9361;5826822,86;13,47822;52,50666
200873;11;3;3030406;2019;10;6;2;3;5;2;0;1;1;0;0;0;0;0;803364,647;5838250,406;13,48125;52,60936
200874;11;3;3010102;2019;10;10;5;3;0;1;0;0;1;0;0;0;0;0;804376,4145;5841199,153;13,49886;52,63522
200875;11;7;7040401;2019;10;7;6;3;6;2;0;0;1;1;0;0;0;0;797291,3477;5822595,909;13,37782;52,47239
200876;11;5;5020625;2019;10;5;2;3;2;6;1;0;1;0;0;0;0;0;784713,4409;5828562,663;13,19826;52,53259
200877;11;2;2010102;2019;10;19;5;3;1;5;2;1;0;0;0;0;1;0;798242,6948;5826010,181;13,39484;52,50248
200878;11;7;7020204;2019;11;15;7;3;6;4;0;0;1;1;0;0;0;1;796533,8587;5823967,767;13,36792;52,4851
200879;11;7;7010101;2019;10;14;7;3;0;5;0;1;0;0;1;0;0;0;794642,8383;5825743,445;13,34172;52,50204
200880;11;3;3020307;2019;10;13;3;3;2;6;0;0;1;0;0;0;0;0;800193,878;5836563,441;13,43304;52,596
200881;11;6;6010101;2019;11;10;6;3;2;6;0;0;1;0;0;0;0;0;793509,5507;5820610,857;13,32056;52,45664
200882;11;5;5010314;2019;10;15;6;2;0;2;0;0;1;0;0;0;1;0;784783,2326;5828813,675;13,1995;52,5348
200883;11;3;3071536;2019;10;17;2;3;5;3;2;0;1;0;0;0;0;1;799218,9776;5829267,878;13,41211;52,53114
200884;11;6;6010209;2019;10;7;5;3;2;6;0;0;1;0;0;0;0;1;794053,9189;5821008,487;13,3289;52,45991
200885;11;2;2010102;2019;10;1;1;3;5;2;2;0;1;0;0;0;0;0;798215,2303;5825860,673;13,3943;52,50115
200886;11;9;9020701;2019;10;15;4;3;5;2;0;0;1;0;0;0;0;0;807713,4615;5818118,863;13,52666;52,4265
200887;11;7;7010103;2019;11;18;6;3;2;2;2;1;1;0;0;0;0;1;795221,9977;5824488,663;13,34912;52,49048
200888;11;4;4041134;2019;10;0;7;2;1;5;2;1;1;0;0;0;0;0;790858,6792;5824502,071;13,28505;52,49294
200889;11;4;4030726;2019;10;20;4;3;5;3;1;0;1;0;0;0;0;0;792090,9042;5825307,878;13,30385;52,49951
200890;11;1;1033203;2019;11;20;6;3;5;3;2;0;1;0;0;0;0;1;796806,9472;5831270,429;13,37845;52,55041
200891;11;7;7040404;2019;10;20;7;3;1;7;2;0;1;0;0;0;0;0;797083,0069;5820484,097;13,37288;52,45357
200892;11;8;8020727;2019;10;16;3;3;0;3;0;0;0;0;1;0;1;1;801514,4451;5817626,549;13,43532;52,42553
200893;11;7;7020203;2019;11;9;6;3;2;2;0;0;1;0;0;0;0;0;795434,7478;5824426,855;13,35219;52,48981
200894;11;12;12214424;2019;10;14;6;3;5;7;0;0;1;0;1;0;0;0;793104,596;5832646,916;13,32521;52,56476
200895;11;8;8010117;2019;10;16;2;3;3;6;0;0;1;0;1;0;0;0;800523,1407;5823413,835;13,42599;52,47795
200896;11;9;9010301;2019;10;10;5;3;3;6;0;0;1;0;0;0;0;0;804453,3185;5821832,963;13,48224;52,46161
200897;11;8;8020625;2019;10;12;7;3;5;3;0;1;1;0;0;0;0;0;801509,0479;5819224,169;13,43668;52,43986
200898;11;1;1011302;2019;10;12;4;3;6;4;0;0;1;1;0;0;0;0;798689,5434;5828337,196;13,40349;52,52309
200899;11;9;9031101;2019;10;17;4;2;0;6;2;0;0;0;1;0;1;0;810271,7156;5817601,982;13,56368;52,42042
200900;11;2;2010104;2019;11;23;6;3;2;6;2;0;1;0;0;0;0;1;799790,4627;5825718,124;13,41731;52,49901
200901;11;10;10020517;2019;10;12;7;3;0;5;0;0;1;0;1;0;0;0;812383,0188;5830461,381;13,60667;52,53445
200902;11;6;6040804;2019;10;8;3;3;5;3;0;1;1;0;0;0;0;1;787478,7932;5817705,579;13,22955;52,4338
200903;11;4;4031032;2019;10;17;5;3;6;4;2;0;1;1;0;0;0;0;791425,9044;5825065,636;13,29387;52,49769
200904;11;3;3030405;2019;10;7;6;3;7;7;1;0;0;0;1;0;0;0;803738,1755;5838767,043;13,48723;52,61378
200905;11;10;10030727;2019;10;9;2;3;5;2;0;0;1;0;1;0;0;0;809720,3354;5826204,999;13,56358;52,49783
200906;11;1;1011204;2019;10;9;3;3;5;2;0;1;0;0;0;0;0;0;798619,3621;5826919,148;13,40119;52,51042
200907;11;4;4030828;2019;10;9;5;3;1;5;0;1;1;0;0;0;0;0;793288,3397;5826150,346;13,32218;52,50642
200908;11;10;10040933;2019;10;16;6;3;0;1;0;1;0;0;0;0;0;0;813070,6194;5826639,624;13,61318;52,49981
200909;11;8;8010510;2019;10;11;2;3;3;6;0;0;1;0;0;0;0;0;802636,3606;5823041,539;13,45668;52,47345
200910;11;10;10020414;2019;10;19;5;3;6;4;2;0;1;1;0;0;0;0;812033,074;5830790,045;13,60184;52,5376
200911;11;3;3061228;2019;11;8;7;3;5;2;1;1;1;0;0;0;0;1;800321,1097;5831579,784;13,4304;52,55126
200912;11;3;3050920;2019;10;17;7;3;1;5;0;1;1;0;0;0;0;0;802313,2779;5831899,236;13,45998;52,55302
200913;11;9;9010302;2019;10;10;4;3;4;7;0;0;1;0;0;0;1;0;805447,3099;5820488,705;13,4956;52,44901
200914;11;7;7030303;2019;10;8;4;3;6;2;0;0;1;1;0;0;0;0;795239,1515;5822271,429;13,34741;52,47059
200915;11;11;11020411;2019;11;22;6;2;5;3;2;0;1;0;1;0;0;1;805963,6403;5832532,43;13,51424;52,55666
200916;11;10;10020517;2019;10;18;6;3;2;6;1;0;1;0;0;0;0;0;813391,5313;5830122,898;13,62117;52,53084
200917;11;6;6030607;2019;10;8;3;2;5;3;0;0;1;0;0;0;1;0;790867,7157;5815636,884;13,27746;52,41346
200918;11;6;6020306;2019;10;15;5;3;5;3;0;0;1;0;0;0;0;0;796239,8333;5817016,62;13,35744;52,42295
200919;11;7;7020202;2019;10;7;6;3;2;6;0;0;1;0;0;0;0;0;795013,9041;5823241,555;13,34496;52,47941
200920;11;12;12302110;2019;10;8;2;3;2;6;0;0;1;0;0;0;0;0;794733,5274;5836284,457;13,35241;52,59648
200921;11;10;10010310;2019;10;1;5;2;2;3;2;0;1;0;0;0;0;0;808495,3235;5831147,436;13,55018;52,54282
200922;11;1;1022206;2019;11;16;7;3;5;3;0;0;1;0;0;0;1;1;795726,5363;5828198,358;13,35982;52,52346
200923;11;1;1022106;2019;10;15;7;2;6;2;0;0;1;1;0;0;0;0;794210,0106;5828326,643;13,33765;52,52543
200924;11;10;10020413;2019;10;14;3;3;6;6;0;1;0;1;0;0;0;0;811674,311;5831506,565;13,59724;52,54423
200925;11;8;8010117;2019;10;19;5;2;5;5;2;0;1;0;1;0;0;0;800550,5975;5823327,892;13,42632;52,47717
200926;11;4;4030828;2019;11;20;7;3;2;6;2;0;1;0;0;0;0;1;793379,9684;5826089,269;13,32348;52,50582
200927;11;7;7010102;2019;10;16;7;3;6;7;0;1;0;1;0;0;0;0;795607,5901;5824986,034;13,35522;52,49473
200928;11;3;3030716;2019;10;7;4;3;2;6;0;0;1;0;0;0;0;1;803576,5568;5833492,571;13,48001;52,5666
200929;11;11;11040926;2019;10;18;3;3;0;1;2;0;0;0;1;0;0;0;804905,98;5826256,179;13,49293;52,501
200930;11;1;1011102;2019;10;9;6;3;5;7;0;0;1;0;1;0;0;0;796671,3146;5827620,679;13,37319;52,51777
200931;11;7;7040403;2019;11;15;6;3;5;3;0;1;1;0;0;0;0;0;797277,7836;5821223,949;13,3764;52,4601
200932;11;9;9030903;2019;10;16;6;3;6;4;0;0;0;1;0;0;1;0;808721,9464;5815559,018;13,53908;52,40299
200933;11;4;4020310;2019;10;20;2;3;5;3;2;0;1;0;0;0;0;1;790354,2491;5827309,282;13,28009;52,51838
200934;11;6;6030606;2019;10;13;5;3;5;3;0;1;1;0;0;0;0;0;793241,7988;5819537,451;13,31569;52,44716
200935;11;5;5040936;2019;10;3;6;3;9;1;2;0;1;0;0;0;0;1;780636,472;5821693,056;13,13252;52,47311
200936;11;7;7010102;2019;10;18;1;3;2;2;2;0;1;0;0;0;0;0;795444,0425;5824984,665;13,35282;52,49481
200937;11;9;9041301;2019;10;6;4;3;5;3;2;1;1;0;0;0;0;0;812301,0049;5819155,929;13,59488;52,43319
200938;11;2;2040502;2019;10;9;6;3;2;6;0;1;1;0;0;0;0;0;800751,5624;5828096,969;13,43358;52,5198
200939;11;2;2050802;2019;11;12;7;3;5;3;0;0;1;0;0;0;0;1;802589,5722;5826886,097;13,45948;52,50793
200940;11;4;4030725;2019;10;21;7;3;0;1;2;0;0;0;0;0;1;0;791945,6644;5826112,864;13,30243;52,5068
200941;11;1;1011202;2019;10;11;3;3;5;3;0;1;0;0;1;0;0;0;798068,9871;5827870,391;13,39395;52,51925
200942;11;2;2040701;2019;11;10;6;3;2;2;0;1;1;0;0;0;0;0;800514,0208;5827088,853;13,42917;52,5109
200943;11;2;2030302;2019;10;14;6;3;2;7;0;1;1;0;0;0;0;0;801458,5014;5826068,898;13,44213;52,50124
200944;11;7;7050501;2019;10;17;2;3;0;5;2;1;1;0;0;0;0;1;797665,3027;5819592,478;13,38063;52,44526
200945;11;3;3061429;2019;10;7;5;3;2;6;0;0;1;0;0;0;0;0;801609,2845;5830154,862;13,44805;52,53778
200946;11;5;5010208;2019;10;15;6;3;2;6;0;0;1;0;0;0;0;0;783665,723;5829668,063;13,18379;52,54305
200947;11;12;12214125;2019;11;11;6;3;2;6;0;0;0;0;0;0;1;0;791056,3127;5834262,912;13,2965;52,58034
200948;11;4;4030930;2019;10;15;6;3;5;3;0;1;1;0;0;0;0;0;793131,0654;5825593,727;13,31938;52,50151
200949;11;2;2010101;2019;10;18;2;3;2;6;2;0;1;0;0;0;0;1;797857,7792;5825639,013;13,38885;52,49936
200950;11;3;3050919;2019;10;7;5;3;5;3;0;1;1;0;0;0;0;0;801938,3654;5832579,454;13,45509;52,55932
200951;11;4;4010101;2019;10;0;6;3;5;2;2;0;1;0;0;0;0;0;791217,139;5829730,951;13,29489;52,53963
200952;11;1;1011401;2019;10;11;1;3;0;1;0;0;0;0;1;0;0;1;797360,3124;5829139,864;13,38468;52,53101
200953;11;4;4030931;2019;10;16;4;3;5;7;1;0;1;0;0;0;0;0;793526,1234;5825847,236;13,32541;52,50357
200954;11;10;10020414;2019;10;17;5;2;1;4;1;1;1;1;0;0;0;0;812047,5876;5830713,696;13,60198;52,53691
200955;11;1;1044203;2019;11;19;6;3;2;6;2;0;1;0;0;0;0;1;795193,9415;5831363,78;13,35481;52,55213
200956;11;4;4051551;2019;10;12;7;3;5;7;0;0;1;0;0;0;0;0;793321,2682;5823546,891;13,32038;52,48306
200957;11;4;4020311;2019;10;10;3;3;5;2;0;1;1;0;0;0;0;1;789118,0252;5826933,112;13,26159;52,51566
200958;11;10;10040828;2019;10;21;5;3;5;3;2;0;1;0;0;0;0;0;811899,8992;5829748,123;13,5989;52,52834
200959;11;3;3061441;2019;11;7;6;3;5;2;1;1;1;0;0;0;0;0;802379,3675;5828837,982;13,45817;52,52555
200960;11;1;1011203;2019;10;21;6;3;8;1;2;0;0;0;0;0;1;0;798181,3617;5827115,571;13,39493;52,51242
200961;11;4;4030929;2019;10;15;2;3;5;5;0;0;1;0;0;0;1;0;792717,6836;5825847,086;13,31353;52,50401
200962;11;2;2010102;2019;10;7;5;3;5;2;0;1;1;0;0;0;0;0;798643,8087;5826461,002;13,40114;52,5063
200963;11;9;9020701;2019;10;18;5;3;5;2;0;1;1;0;0;0;0;0;809339,4675;5818507,65;13,55085;52,42906
200964;11;8;8010118;2019;10;17;7;3;0;6;1;0;1;0;1;0;0;0;801070,5439;5821996,558;13,43275;52,46495
200965;11;1;1033101;2019;10;11;4;3;5;3;0;1;1;0;0;0;0;0;797686,2746;5832849,581;13,39279;52,56409
200966;11;10;10030724;2019;10;18;5;2;5;2;2;1;1;0;0;0;0;1;809584,7314;5828543,314;13,56376;52,51886
200967;11;5;5010208;2019;10;13;4;2;5;2;0;1;1;0;0;0;0;0;783720,7456;5830619,093;13,18542;52,55155
200968;11;1;1011203;2019;10;16;5;3;1;5;0;1;1;0;0;0;0;0;797748,9179;5827525,909;13,38894;52,51633
200969;11;3;3040614;2019;10;16;5;2;3;5;0;1;1;0;0;0;0;0;798706,3727;5833105,259;13,40803;52,56582
200970;11;2;2040502;2019;10;20;1;3;5;3;2;0;1;0;0;0;0;0;801249,1253;5827829,513;13,44064;52,51713
200971;11;12;12231101;2019;10;14;4;3;2;6;0;0;1;0;0;0;0;0;790958,0077;5837963,688;13,29831;52,61357
200972;11;12;12224230;2019;10;16;5;3;2;6;0;0;1;0;0;0;1;0;787525,3191;5836370,421;13,24636;52,60111
200973;11;9;9051901;2019;10;15;5;3;3;6;0;0;0;0;0;0;1;0;811024,6439;5821818,266;13,57864;52,45778
200974;11;4;4020310;2019;11;17;6;3;3;6;2;0;1;0;0;0;0;1;790522,5933;5827329,191;13,28258;52,51847
200975;11;8;8020625;2019;10;13;7;3;2;2;0;0;1;0;1;0;0;0;801385,5713;5819264,264;13,43491;52,44028
200976;11;8;8041035;2019;10;7;3;3;5;3;0;1;1;0;0;0;0;1;803809,7628;5818819,131;13,47006;52,43495
200977;11;9;9030903;2019;10;15;5;3;5;3;0;0;1;0;0;0;0;0;809246,2825;5815356,658;13,54658;52,40088
200978;11;7;7030302;2019;10;7;5;3;5;2;0;1;1;1;0;0;0;0;794419,1576;5821933,398;13,33507;52,46801
200979;11;8;8010214;2019;10;13;6;3;5;3;0;0;1;0;1;0;0;0;801344,4738;5822036,931;13,43681;52,46516
200980;11;3;3030715;2019;10;10;2;3;6;4;0;1;0;1;0;0;0;0;800107,3341;5832746,795;13,42831;52,56184
200981;11;6;6010206;2019;10;18;5;3;1;5;2;1;1;0;0;0;0;0;794470,7685;5820130,043;13,33424;52,45181
200982;11;4;4051551;2019;11;5;7;3;0;1;2;0;1;0;0;0;0;1;792880,1241;5823287,539;13,31367;52,48097