OBJECTID;LAND;BEZ;LOR;UJAHR;UMONAT;USTUNDE;UWOCHENTAG;UKATEGORIE;UART;UTYP1;ULICHTVERH;IstRad;IstPKW;IstFuss;IstKrad;IstGkfz;IstSonstige;USTRZUSTAND;LINREFX;LINREFY;XGCSWGS84;YGCSWGS84
200983;11;3;3020209;2019;10;17;7;3;5;7;0;0;1;0;0;0;1;0;797545,409;5834854,877;13,39252;52,58214
200984;11;11;11040926;2019;10;8;4;3;2;6;0;1;1;0;0;0;0;0;804745,3357;5826516,906;13,49081;52,50343
200985;11;8;8010303;2019;10;22;3;3;5;7;2;0;1;0;0;0;0;0;800362,7307;5824342,815;13,42448;52,48637
200986;11;4;4030828;2019;11;16;6;3;5;3;1;0;1;0;0;0;0;0;792859,5145;5826107,347;13,31585;52,50626
200987;11;11;11010310;2019;10;17;6;3;2;6;0;0;1;0;0;0;0;0;805214,3543;5833155,121;13,50379;52,56266
200988;11;7;7020204;2019;10;17;3;3;0;7;1;0;0;1;0;0;1;0;796314,4396;5823017,067;13,36385;52,4767
200989;11;1;1011303;2019;10;14;5;3;5;5;0;1;1;0;0;0;0;0;798498,8585;5828173,863;13,40054;52,52173
200990;11;8;8020625;2019;10;11;6;3;6;4;0;0;1;1;0;0;0;0;802184,2326;5818939,747;13,44633;52,43694
200991;11;4;4051654;2019;11;16;7;3;6;4;0;0;1;1;0;0;0;0;793374,2648;5823924,124;13,32149;52,48642
200992;11;8;8010214;2019;11;20;6;3;8;1;2;0;1;0;0;0;0;1;801811,4199;5821965,896;13,4436;52,46427
200993;11;6;6040807;2019;10;12;7;3;0;2;0;1;1;0;0;0;0;0;789609,727;5818715,281;13,26168;52,44173
200994;11;8;8010214;2019;11;22;7;3;5;3;2;0;1;0;0;0;0;1;801745,8974;5822047,767;13,44271;52,46504
200995;11;10;10020623;2019;10;13;3;2;6;2;0;0;1;1;0;0;0;0;811293,9887;5829137,05;13,58943;52,52321
200996;11;4;4051551;2019;11;22;7;3;5;2;2;0;1;0;0;0;0;1;793330,186;5823361,992;13,32034;52,4814
200997;11;11;11051330;2019;10;16;5;3;2;6;2;0;1;0;0;0;0;0;807186,5496;5825592,975;13,52581;52,49378
200998;11;3;3030406;2019;10;10;6;3;5;3;0;0;1;0;0;0;1;0;802352,8143;5838820,814;13,46688;52,61503
200999;11;8;8020622;2019;11;12;7;3;3;6;0;0;1;0;0;0;1;1;801378,9291;5819320,996;13,43486;52,4408
201000;11;11;11041128;2019;11;12;7;3;5;3;0;1;1;0;0;0;0;0;806908,0905;5825961,361;13,52206;52,49723
201001;11;2;2050802;2019;10;8;2;3;5;3;0;0;1;0;1;0;0;0;802080,238;5827361,373;13,45243;52,51248
201002;11;7;7060603;2019;10;16;5;2;5;3;0;1;1;0;0;0;0;0;798045,7981;5815806,829;13,38284;52,41112
201003;11;12;12103218;2019;11;11;7;2;5;7;0;0;1;0;1;0;0;1;794867,5928;5833751,858;13,35213;52,57371
201004;11;9;9051901;2019;11;11;7;2;3;2;0;0;1;0;0;0;1;0;810605,9524;5821049,194;13,57178;52,45112
201005;11;12;12304313;2019;11;17;7;3;6;4;2;0;1;1;0;0;0;1;791922,7503;5834704,998;13,30964;52,58384
201006;11;4;4030930;2019;10;16;7;3;1;5;0;1;1;0;0;0;0;0;792770,8762;5825497,129;13,31401;52,50084
201007;11;8;8041037;2019;10;6;4;3;5;3;2;1;1;0;0;0;0;1;805585,5235;5818605,401;13,4959;52,43205
201008;11;7;7010104;2019;11;11;7;3;0;2;0;0;1;0;1;0;0;1;796024,5437;5824497,214;13,36091;52,49012
201009;11;12;12103117;2019;10;17;3;3;0;3;2;0;1;0;1;0;1;0;796479,9708;5832475,367;13,37471;52,56139
201010;11;3;3061131;2019;11;11;7;3;0;2;0;1;1;0;0;0;0;1;799177,295;5831110,598;13,41316;52,54768
201011;11;11;11030720;2019;10;17;5;3;6;4;0;0;1;1;0;0;0;0;804884,9044;5829950,511;13,496;52,53412
201012;11;6;6030609;2019;11;14;6;3;1;5;0;1;1;0;0;0;0;0;793196,5173;5818274,011;13,31391;52,43586
201013;11;5;5010101;2019;10;16;6;3;0;4;0;0;0;1;0;0;1;0;784409,3102;5831911,731;13,19665;52,56278
201014;11;10;10020414;2019;11;10;7;3;5;3;0;0;1;0;0;0;0;1;812073,1226;5830620,412;13,60227;52,53606
201015;11;3;3040508;2019;10;19;2;3;5;3;2;1;1;0;0;0;0;0;795881,7358;5836453,646;13,36946;52,59738
201016;11;11;11030721;2019;10;8;5;3;1;5;0;1;1;0;0;0;0;0;803442,4116;5828350,331;13,47334;52,52058
201017;11;2;2030302;2019;10;10;6;3;1;5;0;0;1;0;0;0;0;0;800854,7898;5826248,451;13,43342;52,50318
201018;11;12;12302109;2019;11;10;7;3;5;3;0;0;1;0;0;0;0;1;795592,5047;5837236,446;13,36591;52,60455
201019;11;9;9020701;2019;11;10;7;3;5;2;0;0;1;0;0;0;0;1;807225,3424;5818280,221;13,51965;52,42822
201020;11;6;6040702;2019;10;16;1;3;0;3;0;1;1;0;0;0;0;1;787184,9471;5816769,894;13,22443;52,42556
201021;11;6;6040804;2019;10;18;4;3;5;2;2;0;1;0;0;0;0;1;788144,046;5818738,087;13,2402;52,44271
201022;11;6;6040810;2019;11;10;7;3;0;3;0;0;0;0;1;0;1;1;792393,1478;5821145,686;13,30464;52,46203
201023;11;1;1011301;2019;10;15;5;3;1;5;0;1;1;0;0;0;0;0;797575,9622;5828573,973;13,38734;52,52582
201024;11;1;1011201;2019;11;15;6;3;5;2;1;1;0;0;0;0;1;0;796966,4692;5826853,531;13,37685;52,51073
201025;11;4;4041344;2019;10;20;7;3;0;7;1;0;1;0;0;0;0;0;792989,2383;5822294,731;13,3144;52,47202
201026;11;2;2010102;2019;11;7;3;3;6;4;0;1;0;1;0;0;0;0;798327,0255;5825636,6;13,39574;52,49908
201027;11;7;7040405;2019;11;6;3;2;1;7;1;0;1;0;0;0;1;0;798037,5756;5821128,032;13,38746;52,45883
201028;11;6;6030504;2019;11;14;3;2;1;5;0;0;1;0;0;0;0;0;788994,3993;5816537,487;13,25077;52,42253
201029;11;12;12214528;2019;11;13;3;3;3;6;0;1;1;0;0;0;0;0;787806,4052;5835684,933;13,24991;52,59482
201030;11;1;1011104;2019;11;13;3;3;0;2;0;1;1;0;0;0;0;0;796643,0025;5825782,296;13,37114;52,50131
201031;11;1;1044102;2019;11;11;3;3;5;7;0;0;1;0;0;0;0;0;794950,3856;5831346,616;13,35121;52,5521
201032;11;1;1011204;2019;11;9;3;3;5;2;0;1;1;0;0;0;0;0;797837,5847;5826968,664;13,38975;52,51129
201033;11;12;12103218;2019;11;18;3;3;5;2;2;0;1;0;1;0;0;0;794815,0854;5833276,859;13,35094;52,56948
201034;11;12;12214125;2019;11;18;3;3;2;6;2;0;1;0;0;0;1;0;791042,5408;5833865,552;13,29595;52,57679
201035;11;10;10040830;2019;11;18;3;3;5;2;2;1;1;0;0;0;0;0;810593,5743;5825392,901;13,57565;52,49006
201036;11;9;9041601;2019;11;17;3;3;6;2;2;0;1;1;0;0;0;0;816565,5398;5817456,5;13,65579;52,41551
201037;11;4;4010102;2019;11;17;3;3;0;6;2;0;1;0;0;0;1;0;793345,7133;5829701,34;13,32616;52,53822
201038;11;7;7070703;2019;11;16;3;3;5;2;2;0;1;0;0;0;0;0;799786,7283;5813976,67;13,40672;52,39377
201039;11;1;1011204;2019;11;16;3;3;5;3;2;1;1;0;0;0;0;0;797876,1868;5826766,351;13,39013;52,50946
201040;11;11;11020412;2019;11;15;3;3;2;6;0;0;1;0;0;0;0;0;805644,0738;5831643,292;13,50872;52,54887
201041;11;1;1011301;2019;11;15;2;3;2;6;0;1;1;0;0;0;0;0;796883,1648;5828165,613;13,37679;52,52254
201042;11;9;9020802;2019;11;15;2;3;0;6;0;1;0;1;0;0;0;0;810253,9479;5819676,942;13,56535;52,43902
201043;11;3;3040614;2019;11;7;2;2;5;2;2;1;1;0;0;0;0;0;799981,5696;5835109,049;13,4286;52,58308
201044;11;1;1011102;2019;11;6;2;2;6;2;1;0;1;1;0;0;0;0;796511,2343;5827621,949;13,37084;52,51787
201045;11;8;8020620;2019;11;6;2;3;5;3;1;1;0;0;0;0;1;1;801235,4683;5819770,21;13,43316;52,4449
201046;11;1;1022104;2019;11;12;2;2;3;6;0;1;1;0;0;0;0;0;794370,1282;5828435,946;13,3401;52,52633
201047;11;7;7060604;2019;11;12;2;3;0;3;0;1;0;0;0;0;1;0;795865,6299;5815449,386;13,35056;52,4091
201048;11;1;1011303;2019;11;11;2;3;2;6;0;0;1;0;0;0;0;0;798922,5228;5827792,321;13,40643;52,51808
201049;11;12;12231102;2019;11;11;2;3;5;2;0;0;1;0;0;0;1;0;790288,7213;5840142,082;13,29036;52,63346
201050;11;12;12224230;2019;11;10;2;3;5;7;0;1;1;0;0;0;0;0;786712,2516;5837146,258;13,23506;52,6085
201051;11;3;3071537;2019;11;10;2;3;5;2;0;1;0;0;0;1;0;0;799858,4097;5829810,586;13,422;52,53566
201052;11;6;6040809;2019;11;9;2;2;5;2;0;1;0;0;0;1;0;0;792367,1162;5820767,916;13,30393;52,45866
201053;11;1;1011102;2019;11;19;2;3;2;6;2;0;1;0;1;0;0;0;795188,9669;5826854,7;13,35073;52,51171
201054;11;11;11030619;2019;11;9;2;3;5;2;0;0;1;0;0;1;0;0;803660,4039;5829508,678;13,4776;52,53085
201055;11;7;7020201;2019;11;18;2;3;2;3;2;0;1;0;0;0;0;0;794962,1976;5824321,135;13,34516;52,48912
201056;11;2;2040502;2019;11;18;2;3;3;3;2;0;1;0;0;0;0;0;801248,424;5827823,23;13,44063;52,51708
201057;11;3;3030711;2019;11;17;2;3;5;3;2;1;1;0;0;0;0;0;802510,776;5836828,166;13,46738;52,59709
201058;11;3;3050920;2019;11;17;2;3;3;6;2;0;1;0;0;0;1;0;801888,2978;5831713,76;13,45356;52,55159
201059;11;3;3040818;2019;11;15;2;3;5;3;0;0;1;0;0;0;0;0;800030,7457;5832021,805;13,42653;52,55538
201060;11;6;6010207;2019;11;15;2;3;0;6;1;0;1;0;0;0;1;0;794240,2511;5820273,491;13,33098;52,45322
201061;11;9;9010302;2019;11;15;2;3;5;3;0;0;1;0;0;0;0;0;804938,9082;5820712,547;13,48834;52,4513
201062;11;1;1022103;2019;11;15;2;3;5;2;0;1;1;0;0;0;0;0;794577,312;5829787,053;13,34434;52,53833
201063;11;10;10030725;2019;11;15;2;3;5;3;0;1;1;0;0;0;0;0;809643,505;5828927,521;13,56499;52,52227
201064;11;3;3061228;2019;11;15;2;3;5;2;0;1;1;0;0;0;0;0;800193,9661;5830930,274;13,42794;52,54551
201065;11;10;10040932;2019;11;13;2;3;2;2;0;0;1;0;1;0;0;0;813032,2089;5827682,596;13,6136;52,50918
201066;11;9;9020802;2019;11;13;2;3;2;6;0;0;1;0;0;0;0;0;810465,7068;5820310,748;13,56904;52,44458
201067;11;5;5030833;2019;11;12;2;3;5;3;0;0;1;0;0;0;0;0;789753,507;5828852,028;13,2726;52,53253
201068;11;6;6010205;2019;11;21;1;3;5;3;2;0;1;0;0;0;0;1;795342,0816;5819978,977;13,34689;52,44999
201069;11;1;1033102;2019;11;20;1;3;2;6;2;0;1;0;0;0;0;0;797124,2183;5831418,597;13,38324;52,55157
201070;11;7;7020201;2019;11;19;1;2;0;7;2;0;0;1;0;0;1;0;794970,1046;5823982,719;13,34497;52,48608
201071;11;6;6020411;2019;11;17;1;3;5;2;2;0;1;0;1;0;0;0;793603,1797;5815904,78;13,3178;52,4144
201072;11;8;8020625;2019;11;17;1;3;6;2;2;0;1;1;0;0;0;1;801372,6263;5819251,571;13,43471;52,44018
201073;11;5;5010206;2019;11;14;1;3;5;2;0;1;1;0;0;0;0;0;782195,1399;5830532,432;13,1629;52,55156
201074;11;12;12301203;2019;11;13;1;3;3;6;0;1;0;0;0;0;0;0;793107,6229;5835845,84;13,32809;52,59343
201075;11;1;1011105;2019;11;14;1;3;2;6;0;0;1;0;1;0;0;0;795832,9006;5826686,249;13,36004;52,50985
201076;11;3;3040513;2019;11;13;1;3;2;6;0;0;1;0;0;0;1;0;796824,5646;5833932,685;13,38109;52,57427
201077;11;5;5010103;2019;11;13;1;2;0;2;0;0;1;0;0;0;1;0;784592,0584;5831084,026;13,19863;52,55526
201078;11;2;2040703;2019;11;11;1;2;6;4;0;0;1;1;0;0;0;0;801185,7891;5827290,77;13,43923;52,51234
201079;11;3;3050925;2019;11;11;1;3;5;3;0;0;1;0;0;0;0;0;802315,242;5831336,445;13,4595;52,54797
201080;11;11;11010309;2019;11;10;1;2;0;1;0;0;0;0;1;0;0;1;804637,4801;5833418,418;13,49555;52,56534
201081;11;1;1022104;2019;11;7;1;3;2;6;0;0;1;0;0;0;0;0;794222,0056;5828443,14;13,33793;52,52647
201082;11;7;7060601;2019;11;5;1;3;6;7;2;0;1;1;1;0;0;1;795961,4677;5816391,104;13,3528;52,41749
201083;11;3;3061131;2019;11;0;1;3;0;5;2;0;0;0;1;0;1;1;798944,0631;5830383,827;13,40907;52,5413
201084;11;11;11030721;2019;11;18;7;2;5;3;2;0;1;0;1;0;0;1;804999,475;5828429,571;13,49629;52,52043
201085;11;4;4051549;2019;11;15;7;3;5;3;0;0;1;1;0;0;0;0;793302,8653;5823637,435;13,32019;52,48388
201086;11;1;1011103;2019;11;17;7;3;1;5;2;1;1;0;0;0;0;1;796060,8033;5825727,852;13,36254;52,50113
201087;11;5;5030730;2019;11;17;7;3;2;7;2;0;1;0;0;0;0;1;786669,3446;5829266,372;13,22762;52,53787
201088;11;1;1033101;2019;11;17;7;3;2;2;2;0;1;0;0;0;0;1;797564,8748;5832745,714;13,39091;52,56322
201089;11;8;8010404;2019;11;16;7;3;5;2;2;1;1;0;0;0;0;1;801820,7531;5823620,622;13,44523;52,47909
201090;11;4;4010101;2019;11;15;7;2;5;2;0;0;1;0;0;0;0;1;791284,958;5830676,183;13,29672;52,54807
201091;11;11;11020412;2019;11;20;7;3;9;1;2;0;1;0;0;0;0;1;805623,9967;5831593,653;13,50838;52,54843
201092;11;9;9020501;2019;11;14;7;3;5;2;0;0;1;0;0;0;0;1;806583,5704;5822763,856;13,51435;52,46876
201093;11;8;8010214;2019;11;14;7;3;5;2;0;0;1;0;0;0;0;1;802065,7254;5821982,647;13,44734;52,46427
201094;11;1;1011402;2019;11;14;7;3;6;2;0;0;1;1;0;0;0;1;798241,1396;5829625,078;13,39806;52,53488
201095;11;6;6030610;2019;11;14;7;3;5;3;0;0;1;0;0;0;0;1;792698,8979;5818055,682;13,30642;52,43417
201096;11;5;5010310;2019;11;19;7;2;0;1;2;0;0;0;1;0;0;1;784303,6978;5830577,844;13,19396;52,55087
201097;11;1;1011101;2019;11;14;7;3;0;1;0;0;0;0;1;0;0;1;794604,2655;5826142,62;13,34151;52,50564
201098;11;8;8010211;2019;11;14;7;3;6;2;0;0;1;1;0;0;0;1;800451,6321;5823644,417;13,42515;52,48006
201099;11;1;1044201;2019;11;14;7;3;2;6;0;0;1;0;0;0;1;1;796869,7945;5831905,156;13,37994;52,55607
201100;11;1;1011303;2019;11;18;7;2;1;5;2;0;1;0;0;0;0;0;798498,856;5828173,913;13,40054;52,52173
201101;11;12;12214424;2019;11;18;7;3;5;7;2;0;1;0;0;0;0;1;792769,3133;5832752,83;13,32038;52,56589
201102;11;1;1011302;2019;11;13;7;3;5;3;0;1;1;0;0;0;0;1;798353,8433;5828355,121;13,39857;52,52344
201103;11;7;7030302;2019;11;18;7;3;0;6;2;0;0;0;1;0;1;1;794953,1629;5822485,036;13,3434;52,47266
201104;11;7;7040404;2019;11;13;7;3;4;7;0;0;1;0;0;0;0;1;796367,5545;5819725,284;13,36171;52,44716
201105;11;8;8010301;2019;11;12;7;3;3;6;0;0;1;0;1;0;0;1;801076,7022;5824169,468;13,4348;52,48442
201106;11;9;9020502;2019;11;12;7;3;5;2;0;0;1;0;0;0;0;1;808323,0873;5821628,949;13,53883;52,45761
201107;11;8;8020622;2019;11;11;7;3;2;6;0;0;1;0;0;0;0;1;802484,4367;5820682,083;13,45231;52,45239
201108;11;8;8010118;2019;11;11;7;3;2;6;0;0;1;0;0;0;0;1;801013,6127;5822138,14;13,43204;52,46625
201109;11;5;5030731;2019;11;0;7;3;1;1;2;0;1;0;0;0;1;1;786889,3553;5830105,081;13,23158;52,54528
201110;11;2;2040703;2019;11;0;7;3;0;1;2;1;0;0;0;0;0;1;801953,5809;5826797,987;13,45006;52,5075
201111;11;6;6030610;2019;11;23;7;3;5;2;2;0;1;0;0;0;0;1;792934,5674;5817747,022;13,30961;52,43128
201112;11;1;1011306;2019;11;23;7;3;1;5;2;1;1;0;0;0;1;0;799793,6513;5826996,673;13,41851;52,51047
201113;11;2;2050803;2019;11;22;7;3;5;2;2;1;1;0;0;0;0;1;803118,7159;5826178,995;13,46661;52,5013
201114;11;12;12214125;2019;11;22;7;3;2;6;2;0;1;0;0;0;0;0;790331,0074;5833693,1;13,28533;52,57562
201115;11;1;1033201;2019;11;21;7;2;6;2;2;0;1;1;0;0;0;0;797899,0164;5830307,316;13,39364;52,54118
201116;11;5;5020626;2019;11;21;7;2;2;6;2;0;1;0;0;0;0;1;784730,143;5827537,938;13,19762;52,52339
201117;11;2;2020206;2019;11;21;7;3;2;6;2;0;1;0;0;0;0;1;799505,0538;5824517,584;13,41204;52,48841
201118;11;1;1022206;2019;11;18;7;3;0;1;2;1;0;0;0;0;0;1;796097,8628;5828420,433;13,36548;52,52525
201119;11;1;1033203;2019;11;11;6;3;5;2;0;1;1;0;0;0;0;0;796300,4186;5830596,309;13,3704;52,54465
201120;11;10;10020517;2019;11;23;6;3;1;5;2;0;1;0;0;1;0;1;812348,2805;5830464,7;13,60617;52,5345
201121;11;4;4030930;2019;11;23;6;3;5;3;2;0;1;0;0;0;0;1;793139,2814;5825759,835;13,31965;52,503
201122;11;2;2010104;2019;11;22;6;3;2;6;2;0;1;0;0;0;0;1;799702,9609;5825677,672;13,41599;52,4987
201123;11;10;10040933;2019;11;22;6;2;4;6;2;0;1;0;0;0;0;1;812906,0506;5826024,812;13,61019;52,4944
201124;11;5;5020521;2019;11;21;6;3;5;2;2;0;1;0;0;0;0;1;779594,0451;5827829,955;13,12236;52,52867
201125;11;9;9010202;2019;11;20;6;3;5;2;2;0;1;0;0;0;0;1;804100,3721;5823589,305;13,47866;52,47755
201126;11;2;2020206;2019;11;20;6;3;6;2;2;0;1;1;0;0;0;1;800273,0474;5824361,163;13,42318;52,48658
201127;11;1;1033203;2019;11;19;6;2;6;4;2;0;1;1;0;0;0;1;796486,0067;5830109,171;13,37269;52,54018
201128;11;5;5020625;2019;11;19;6;3;5;2;2;0;1;0;1;0;0;1;783787,4466;5828687,167;13,18475;52,53419
201129;11;6;6010205;2019;11;18;6;3;5;3;2;0;1;0;0;0;0;1;796293,827;5819677,495;13,36059;52,44677
201130;11;12;12301203;2019;11;18;6;3;5;3;2;0;1;0;1;0;0;0;793021,4875;5835689,067;13,32668;52,59207
201131;11;12;12214424;2019;11;18;6;2;6;7;1;0;1;1;0;0;0;0;793211,0172;5832607,18;13,32674;52,56434
201132;11;3;3040818;2019;11;10;6;3;5;2;0;0;1;0;1;0;0;0;798883,545;5832696,67;13,41026;52,56206
201133;11;2;2020204;2019;11;9;6;3;3;6;0;0;1;0;0;0;0;0;798878,0849;5825085,692;13,40334;52,49384
201134;11;11;11020515;2019;11;14;6;2;6;4;0;0;0;1;0;1;0;0;803356,6263;5830041,198;13,47363;52,53579
201135;11;5;5020523;2019;11;9;6;3;5;5;0;0;1;0;0;0;0;0;782716,6464;5827148,665;13,16769;52,52095
201136;11;3;3040512;2019;11;14;6;3;5;3;0;0;1;0;0;0;0;0;796299,4538;5835140,527;13,37444;52,58538
201137;11;8;8010117;2019;11;13;6;3;5;2;0;1;1;0;0;0;0;0;800620,1589;5823111,122;13,42715;52,47519
201138;11;12;12214422;2019;11;8;6;3;1;5;0;0;1;0;0;0;0;0;791553,3695;5833009,621;13,30271;52,56884
201139;11;8;8010212;2019;11;11;6;3;1;7;0;0;1;0;0;0;0;0;801135,4287;5823069,103;13,43467;52,47453
201140;11;4;4030519;2019;11;11;6;3;5;3;0;0;1;0;1;0;0;0;792084,9635;5828429,938;13,30651;52,5275
201141;11;2;2020206;2019;11;11;6;3;2;6;0;0;1;0;0;0;0;0;800161,2545;5824413,026;13,42158;52,48711
201142;11;2;2040502;2019;11;8;6;3;5;3;0;1;0;0;1;0;0;0;800454,1585;5828240,336;13,42934;52,52125
201143;11;7;7070702;2019;11;7;6;3;5;3;0;1;1;0;0;0;0;0;799994,8396;5814594,18;13,41032;52,39919
201144;11;7;7060604;2019;11;6;6;3;0;2;1;1;1;0;0;0;0;0;795882,6223;5816014,105;13,35131;52,41415
201145;11;5;5010314;2019;11;6;6;3;9;1;2;0;1;0;0;0;0;0;784801,8195;5828811,554;13,19977;52,53478
201146;11;11;11030618;2019;11;17;6;2;6;4;2;0;1;1;0;0;0;0;803852,3769;5828731,485;13,47972;52,52377
201147;11;4;4030725;2019;11;17;6;3;1;5;2;1;1;0;0;0;0;1;791795,4684;5826260,313;13,30035;52,50821
201148;11;4;4020314;2019;11;17;6;3;3;2;2;0;1;0;0;1;0;1;790429,1544;5825932,918;13,27999;52,506
201149;11;8;8010303;2019;11;17;6;3;6;4;2;0;0;1;0;0;1;0;801041,992;5823879,374;13,43403;52,48184
201150;11;12;12304314;2019;11;16;6;3;5;2;1;1;1;0;0;0;0;1;790240,5826;5835862,825;13,2859;52,59512
201151;11;8;8010118;2019;11;16;6;3;1;5;2;1;1;0;0;0;0;0;801061,3401;5822020,669;13,43264;52,46517
201152;11;8;8041036;2019;11;13;6;3;6;4;0;0;1;1;0;0;0;0;805181,6783;5817175,726;13,48868;52,41946
201153;11;1;1033101;2019;11;16;6;3;6;4;1;0;1;1;0;0;0;1;796661,9049;5832021,06;13,37698;52,55722
201154;11;5;5010314;2019;11;15;6;3;2;7;1;1;1;0;0;0;0;1;783601,6574;5829157,638;13,18242;52,5385
201155;11;5;5020524;2019;11;16;6;3;6;2;1;0;1;1;0;0;0;1;782890,2733;5826890,297;13,17003;52,51854
201156;11;2;2030302;2019;11;9;6;3;3;5;0;1;1;0;0;0;0;0;800897,051;5825927,218;13,43375;52,50028
201157;11;3;3020209;2019;11;15;6;3;1;5;0;1;1;0;0;0;0;0;797873,8708;5835264,958;13,39772;52,58564
201158;11;4;4031032;2019;11;15;6;3;5;2;1;0;1;0;0;0;0;0;791451,4327;5825070,209;13,29425;52,49772
201159;11;3;3061131;2019;11;15;6;3;5;3;0;1;1;0;0;0;0;0;798892,7114;5830385,953;13,40832;52,54134
201160;11;9;9051801;2019;11;15;6;3;5;3;0;1;1;0;0;0;0;0;818580,3739;5820448,514;13,68816;52,44115
201161;11;1;1022106;2019;11;15;6;3;2;6;0;1;1;0;0;0;0;2;794263,7875;5828140,431;13,33827;52,52373
201162;11;4;4030930;2019;11;15;6;3;5;2;0;1;0;0;1;0;0;0;793278,1215;5825411,644;13,32138;52,4998
201163;11;2;2040701;2019;11;16;5;3;6;4;1;0;1;1;0;0;0;1;801066,2167;5827134,985;13,43733;52,51101
201164;11;1;1011105;2019;11;8;5;3;0;5;1;1;1;0;0;0;0;0;796831,3186;5826603,606;13,37464;52,50857
201165;11;2;2010104;2019;11;20;5;3;2;2;2;0;1;0;0;0;0;0;799859,4353;5825691,176;13,4183;52,49873
201166;11;10;10010311;2019;11;20;5;3;9;1;2;0;1;0;0;0;0;0;810682,357;5832013,312;13,58313;52,54933
201167;11;12;12302107;2019;11;19;5;3;6;2;2;0;1;1;0;0;0;0;794398,811;5836235,235;13,34744;52,59622
201168;11;8;8010212;2019;11;17;5;3;0;6;2;0;1;0;0;0;1;0;800755,7089;5823437,488;13,42943;52,47804
201169;11;11;10010203;2019;11;17;5;3;2;6;2;0;1;0;0;0;0;0;806923,6162;5832608,08;13,52842;52,55679
201170;11;1;1033203;2019;11;17;5;3;6;2;2;0;1;1;0;0;0;0;796818,0285;5831272,817;13,37861;52,55043
201171;11;6;6010102;2019;11;17;5;3;3;2;1;1;1;0;0;0;0;0;793359,9901;5821256,913;13,31893;52,46251
201172;11;11;11051332;2019;11;16;5;3;0;2;2;0;1;0;0;0;1;0;807234,095;5824085,002;13,52512;52,48024
201173;11;2;2030301;2019;11;18;5;3;3;5;2;1;1;0;0;0;0;0;799875,2963;5825885,681;13,41871;52,50047
201174;11;1;1011203;2019;11;15;5;3;2;2;0;1;1;0;0;0;0;0;798212,6297;5827423,525;13,39566;52,51516
201175;11;1;1044202;2019;11;15;5;3;2;2;0;0;1;0;0;0;0;0;795999,9434;5830329,622;13,36574;52,54242
201176;11;9;9020501;2019;11;14;5;3;2;6;0;0;1;0;0;0;0;0;806255,3782;5822165,696;13,50899;52,46358
201177;11;7;7010102;2019;11;17;5;3;5;2;2;0;1;0;1;0;0;0;794958,352;5825655,239;13,34628;52,50108
201178;11;9;9031101;2019;11;17;5;3;5;2;2;0;1;0;0;0;1;0;812120,7606;5816649,088;13,5899;52,41083
201179;11;3;3020209;2019;11;13;5;2;5;3;0;0;1;0;0;0;0;2;797871,133;5836026,165;13,39837;52,59246
201180;11;6;6040804;2019;11;17;5;2;1;5;2;1;1;0;0;0;0;1;787504,094;5817841,906;13,23004;52,43501
201181;11;12;12304314;2019;11;12;5;3;2;6;0;0;1;0;0;0;0;0;790580,3798;5835965,4;13,29099;52,59586
201182;11;2;2040502;2019;11;12;5;3;4;6;0;1;0;0;0;0;1;0;800502,4139;5828451,689;13,43024;52,52312
201183;11;4;4030519;2019;11;8;5;3;6;7;0;0;0;1;0;0;1;0;792429,2703;5828256,074;13,31141;52,52576
201184;11;11;11030720;2019;11;8;5;3;0;2;0;1;1;0;0;0;0;0;805112,9423;5829102,196;13,49858;52,52639
201185;11;1;1011102;2019;11;8;5;3;1;5;0;1;1;0;0;0;1;1;796675,3947;5827892,445;13,3735;52,5202
201186;11;4;4041344;2019;11;7;5;3;5;3;0;1;1;0;0;0;0;0;793067,1138;5822164,334;13,31543;52,4708
201187;11;3;3040513;2019;11;7;5;3;2;1;0;0;1;0;0;0;0;1;796746,0904;5834025,182;13,38001;52,57514
201188;11;7;7040403;2019;11;7;5;3;5;2;0;1;1;0;0;0;0;0;797261,1767;5820737,602;13,37572;52,45575
201189;11;5;5010206;2019;11;5;5;3;6;4;2;0;0;1;0;0;1;1;781244,714;5830772,178;13,14912;52,5542
201190;11;6;6030501;2019;11;14;4;3;6;4;0;0;1;1;0;0;0;0;787679,8252;5816448,706;13,23142;52,42242
201191;11;1;1011204;2019;11;8;4;3;5;3;0;1;1;0;0;0;0;1;798030,202;5826600,304;13,39225;52,50788
201192;11;7;7050501;2019;11;8;4;2;0;5;0;0;1;0;0;0;1;1;796828,3353;5819571,926;13,36833;52,44554
201193;11;1;1022207;2019;11;9;4;3;5;2;0;1;1;0;0;0;0;1;794264,5656;5827283,128;13,33753;52,51605
201194;11;11;11020513;2019;11;8;4;3;6;4;0;0;1;1;0;0;0;1;802856,8305;5831360,804;13,46748;52,54789
201195;11;8;8010117;2019;11;8;4;3;3;6;0;0;1;0;0;1;0;1;800519,7025;5823425,441;13,42595;52,47806