OBJECTID;LAND;BEZ;LOR;UJAHR;UMONAT;USTUNDE;UWOCHENTAG;UKATEGORIE;UART;UTYP1;ULICHTVERH;IstRad;IstPKW;IstFuss;IstKrad;IstGkfz;IstSonstige;USTRZUSTAND;LINREFX;LINREFY;XGCSWGS84;YGCSWGS84
201196;11;10;10020415;2019;11;8;4;3;5;2;0;0;1;0;0;0;812083,7893;Hellersdorfer Promenade;5831815,307;13,60354728;52,54675821;1
201197;11;10;10030724;2019;11;7;4;3;6;2;1;0;1;1;0;0;0;1;809641,6151;5829674,516;13,56565;52,52897
201198;11;3;3050920;2019;11;6;4;3;0;3;0;0;1;0;1;0;0;1;801941,4468;5832570,497;13,45512;52,55924
201199;11;11;11020412;2019;11;6;4;3;5;2;2;1;1;0;0;0;0;1;805764,6651;5831835,64;13,51067;52,55052
201200;11;4;4051551;2019;11;1;4;3;5;2;2;0;1;0;0;0;1;1;792824,1521;5823228,332;13,3128;52,48047
201201;11;6;6020409;2019;11;23;4;3;8;1;2;0;1;0;0;0;0;0;793302,8212;5816962,259;13,31432;52,42404
201202;11;7;7050505;2019;11;18;4;3;0;2;2;0;1;0;1;0;0;1;799272,4137;5819056,058;13,40373;52,43958
201203;11;4;4030725;2019;11;20;4;3;0;5;2;0;1;0;1;0;0;1;791851,9266;5826101,299;13,30104;52,50675
201204;11;1;1033202;2019;11;6;4;3;0;5;2;0;1;0;0;0;1;1;797686,343;5829637,847;13,38991;52,5353
201205;11;9;9020802;2019;11;17;4;3;5;2;2;1;1;0;0;0;0;1;809796,3605;5820483,126;13,55938;52,44651
201206;11;2;2030301;2019;11;16;4;3;0;5;1;1;1;0;0;0;0;1;800029,2933;5825521,607;13,42064;52,49712
201207;11;1;1022201;2019;11;18;4;3;6;7;2;0;0;1;0;0;1;1;795912,3403;5828853,251;13,36314;52,52923
201208;11;3;3051017;2019;11;16;4;2;6;2;2;0;1;1;0;0;0;1;802909,9391;5833159,466;13,4699;52,56398
201209;11;3;3040818;2019;11;16;4;2;5;3;2;0;1;0;0;0;0;1;800023,4298;5832024,315;13,42642;52,55541
201210;11;1;1033202;2019;11;15;4;2;5;3;1;1;1;0;0;0;0;1;797759,2682;5829747,607;13,39108;52,53624
201211;11;11;11041128;2019;11;15;4;3;5;3;0;1;1;0;0;0;0;1;806507,973;5825546,49;13,5158;52,49374
201212;11;1;1011305;2019;11;19;4;3;5;2;2;0;1;0;0;0;1;1;799650,5687;5827044,16;13,41645;52,51097
201213;11;1;1044203;2019;11;15;4;3;2;6;0;0;1;0;0;0;0;1;795195,424;5831365,204;13,35483;52,55214
201214;11;12;12214424;2019;11;15;4;3;5;3;0;0;1;0;0;0;0;1;793389,51;5832514,299;13,32929;52,56341
201215;11;11;11040925;2019;11;14;4;3;5;3;0;1;1;0;0;0;0;1;803456,2488;5826558,441;13,47191;52,50452
201216;11;2;2050802;2019;11;14;4;2;6;4;0;0;1;1;0;0;0;1;802046,3098;5826911,441;13,45152;52,50846
201217;11;9;9020702;2019;11;13;4;3;3;6;0;1;0;0;0;0;1;1;808959,2229;5819389,59;13,54609;52,43718
201218;11;7;7040401;2019;11;13;4;3;1;5;0;1;1;0;0;0;0;1;796932,8313;5823518,938;13,37338;52,48086
201219;11;3;3040512;2019;11;13;4;3;5;3;0;0;1;0;0;0;0;1;796970,2816;5835826,704;13,38493;52,59116
201220;11;11;11051330;2019;11;11;4;3;5;3;0;0;1;0;1;0;0;1;807312,3469;5825365,486;13,52745;52,49167
201221;11;8;8010405;2019;11;11;4;3;5;3;0;1;1;0;0;0;0;1;802114,9938;5823638,89;13,44957;52,47909
201222;11;6;6030605;2019;11;10;4;3;2;6;0;0;1;0;1;0;0;1;792139,057;5819531,487;13,2995;52,4477
201223;11;10;10040830;2019;11;9;4;2;5;3;0;0;1;0;0;0;0;1;810562,2767;5825072,59;13,57489;52,4872
201224;11;1;1011304;2019;11;8;4;3;5;2;0;1;1;0;0;0;0;1;799727,2583;5827762,843;13,41822;52,51737
201225;11;1;1011301;2019;11;16;4;3;0;1;2;0;0;0;1;0;0;1;797630,2891;5828236,028;13,38783;52,52276
201226;11;6;6010210;2019;11;9;3;3;6;7;0;0;1;1;0;0;0;0;795224,3218;5821146,867;13,34619;52,46052
201227;11;2;2050801;2019;11;17;3;3;0;7;2;0;0;0;1;0;0;1;802383,0087;5827444,913;13,45695;52,51306
201228;11;1;1022104;2019;11;21;3;3;1;5;2;1;1;0;0;0;0;0;794135,1221;5828462,447;13,33667;52,52669
201229;11;7;7030303;2019;11;20;3;3;1;6;2;0;1;0;0;0;0;0;795117,4749;5821327,907;13,34479;52,4622
201230;11;1;1011105;2019;11;18;3;3;5;2;2;0;1;0;1;0;0;1;795583,4645;5826668,569;13,35636;52,50983
201231;11;2;2030301;2019;11;19;3;2;6;4;2;0;1;1;0;0;0;1;800097,788;5825908,514;13,422;52,50055
201232;11;11;11030619;2019;11;19;3;3;2;6;2;0;1;0;0;0;0;1;803606,1567;5829765,502;13,47704;52,53318
201233;11;7;7040403;2019;11;22;3;3;5;2;2;0;1;0;1;0;0;0;797851,3891;5822205,669;13,38569;52,46859
201234;11;12;12103117;2019;11;21;3;3;6;2;2;0;1;1;0;0;0;1;796337,151;5832502,892;13,37264;52,56172
201235;11;8;8010404;2019;11;0;3;3;6;2;2;0;1;1;0;0;0;0;802163,9395;5823374,922;13,45004;52,4767
201236;11;1;1011204;2019;11;11;3;3;6;7;0;0;1;1;0;0;0;1;798081,4189;5826800,689;13,39318;52,50965
201237;11;6;6020302;2019;11;10;3;3;2;2;0;0;1;0;0;0;1;0;795052,127;5819045,092;13,34181;52,44177
201238;11;3;3010101;2019;11;10;3;3;0;3;0;0;1;0;1;0;0;1;804240,8336;5841815,087;13,49743;52,64082
201239;11;8;8010301;2019;11;10;3;3;1;5;0;1;1;0;0;0;0;0;801480,4253;5823921,508;13,44051;52,48198
201240;11;1;1011102;2019;11;9;3;3;6;4;0;1;0;1;0;0;0;1;796537,7383;5827813,357;13,3714;52,51957
201241;11;3;3030406;2019;11;9;3;2;0;2;0;0;1;0;0;0;1;0;803225,1865;5838044,899;13,47901;52,60759
201242;11;3;3050923;2019;11;9;3;3;0;1;0;0;0;0;1;0;0;0;800881,3613;5831615,146;13,43867;52,55127
201243;11;8;8030831;2019;11;8;3;3;5;3;0;0;1;0;0;0;0;1;803357,677;5817393,021;13,46213;52,42242
201244;11;3;3050923;2019;11;8;3;2;0;3;0;1;1;0;0;0;0;1;800680,7677;5831567,299;13,43568;52,55095
201245;11;6;6010206;2019;11;8;3;2;6;4;0;0;1;1;0;0;0;1;795010,1833;5819657,662;13,34174;52,44729
201246;11;7;7020203;2019;11;7;3;3;6;4;0;0;1;1;0;0;0;0;795665,1163;5824476,74;13,35562;52,49013
201247;11;1;1044201;2019;11;8;3;3;0;4;0;0;0;1;1;0;0;1;796222,5112;5830762,874;13,3694;52,54618
201248;11;2;2020203;2019;11;7;3;3;1;5;0;0;1;0;0;0;0;0;796995,1244;5824255,063;13,37495;52,48742
201249;11;11;11010310;2019;11;7;3;3;5;2;0;1;0;0;0;0;1;0;805538,7203;5833408,496;13,5088;52,56475
201250;11;11;11030618;2019;11;7;3;3;0;1;0;1;0;0;0;0;0;1;802899,8843;5829212,583;13,46616;52,52861
201251;11;11;11030618;2019;11;6;3;3;5;2;1;1;0;0;0;0;0;0;803850,7161;5828776,416;13,47973;52,52418
201252;11;3;3040614;2019;11;2;3;3;8;1;2;0;1;0;0;0;0;1;799521,3837;5833955,3;13,42078;52,57299
201253;11;4;4010102;2019;11;18;3;3;0;1;2;1;0;0;0;0;0;0;792229,019;5830696,37;13,31062;52,54774
201254;11;3;3040614;2019;11;17;3;3;0;1;1;0;0;0;1;0;0;1;799133,6344;5833866,376;13,415;52,57241
201255;11;7;7020204;2019;11;17;3;3;0;1;2;0;0;0;1;0;0;1;796561,9071;5823810,98;13,36819;52,48368
201256;11;12;12214125;2019;11;16;3;3;5;3;2;1;1;0;0;0;0;1;790737,3324;5833706,288;13,29132;52,57552
201257;11;7;7020204;2019;11;16;3;3;3;6;0;0;1;0;1;0;0;1;796572,1307;5823846,104;13,36837;52,48399
201258;11;11;11030721;2019;11;17;3;3;5;7;2;0;1;0;1;0;0;1;804271,0377;5827844,587;13,48506;52,51559
201259;11;1;1011302;2019;11;15;3;3;0;4;1;1;0;1;0;0;0;1;798755,6279;5828975,714;13,40504;52,52878
201260;11;2;2040502;2019;11;15;3;3;5;2;1;1;1;0;0;0;0;1;801126,644;5828575,599;13,43952;52,52389
201261;11;4;4041238;2019;11;15;3;3;5;2;0;1;1;0;0;0;0;1;791668,236;5823133,054;13,29574;52,48024
201262;11;7;7050501;2019;11;15;3;3;1;5;0;0;1;0;0;0;0;0;797505,9035;5820130,965;13,37877;52,45018
201263;11;2;2030301;2019;11;14;3;3;5;3;0;1;1;0;0;0;0;1;799912,0076;5825985,1;13,41934;52,50134
201264;11;2;2020203;2019;11;14;3;2;5;2;0;1;1;0;0;0;0;1;797749,362;5824034,295;13,38583;52,48503
201265;11;9;9010401;2019;11;16;3;3;2;6;2;0;1;0;0;0;0;0;806204,2505;5820292,678;13,50652;52,44683
201266;11;1;1011203;2019;11;13;3;3;5;2;0;1;1;0;0;0;0;1;797775,827;5827350,948;13,38918;52,51475
201267;11;1;1033201;2019;11;12;3;3;5;3;0;0;1;0;1;0;0;0;797893,5844;5831001,197;13,39418;52,54741
201268;11;6;6040810;2019;11;12;3;3;5;3;0;1;1;0;0;0;0;0;790574,1855;5819763,491;13,27674;52,45061
201269;11;7;7010102;2019;11;12;3;3;0;1;0;0;0;0;1;0;0;1;795572,4943;5825157,458;13,35486;52,49629
201270;11;3;3040614;2019;11;12;3;3;5;3;0;1;0;0;0;0;0;0;798695,6333;5833450,053;13,40818;52,56892
201271;11;1;1022104;2019;11;11;3;3;3;6;0;1;1;0;0;0;0;1;794513,3693;5828437,812;13,34221;52,52626
201272;11;4;4041238;2019;11;5;3;3;1;5;2;1;1;0;0;0;0;0;791857,7281;5823626,719;13,29896;52,48456
201273;11;1;1022201;2019;11;22;2;3;0;1;2;0;0;0;1;0;0;1;795450,0132;5829550,365;13,35696;52,53573
201274;11;1;1011305;2019;11;21;2;3;2;2;2;0;1;0;1;0;0;1;799457,329;5827067,3;13,41363;52,51129
201275;11;1;1022207;2019;11;20;2;3;2;6;2;0;1;0;0;0;1;1;794201,4962;5827151,079;13,33648;52,5149
201276;11;1;1044103;2019;11;18;2;3;7;7;1;1;0;0;0;0;0;1;794721,0819;5830905,5;13,34745;52,54827
201277;11;4;4030828;2019;11;19;2;3;6;4;2;0;1;1;0;0;0;1;792971,8323;5826025,483;13,31742;52,50547
201278;11;1;1044202;2019;11;17;2;3;1;5;2;0;1;0;0;0;1;1;794793,1354;5829957,234;13,34767;52,53973
201279;11;7;7050503;2019;11;13;2;3;2;6;0;0;1;0;0;0;0;1;799196,2462;5820017,884;13,40347;52,44824
201280;11;7;7010102;2019;11;14;2;3;6;4;0;0;1;1;0;0;0;0;794950,9521;5825382,271;13,34593;52,49864
201281;11;12;12301205;2019;11;14;2;3;5;7;0;0;1;0;0;0;0;1;791450,8649;5836601,384;13,30436;52,60109
201282;11;12;12103218;2019;11;18;2;3;5;2;1;1;1;0;0;0;0;1;794845,7381;5833049,455;13,35119;52,56742
201283;11;9;9051901;2019;11;14;2;3;5;7;0;0;1;0;0;0;1;0;811202,1542;5821189,197;13,58066;52,45204
201284;11;3;3050920;2019;11;14;2;3;6;4;0;0;1;1;0;0;0;1;802089,0595;5832462,103;13,4572;52,55819
201285;11;12;12302107;2019;11;18;2;3;5;3;1;0;1;0;0;0;0;1;794374,32;5836231,585;13,34708;52,59621
201286;11;4;4051448;2019;11;18;2;3;5;2;2;0;1;0;1;0;0;1;794203,5095;5824944,777;13,33456;52,49512
201287;11;7;7050503;2019;11;14;2;3;6;4;0;0;1;1;0;0;0;0;798112,3726;5819919,369;13,38748;52,44795
201288;11;6;6030609;2019;11;18;2;3;5;2;2;1;1;0;0;0;0;1;793276,9057;5819084,813;13,3158;52,44308
201289;11;5;5030730;2019;11;18;2;3;2;6;2;0;1;0;0;0;0;1;786149,9491;5829143,192;13,21987;52,53704
201290;11;2;2020203;2019;11;13;2;3;2;6;1;0;1;0;0;0;0;1;797117,7876;5824091,295;13,3766;52,48589
201291;11;9;9010201;2019;11;17;2;3;6;2;2;0;1;1;0;0;0;1;802657,269;5824415,366;13,45823;52,48575
201292;11;1;1044203;2019;11;13;2;3;0;3;0;0;1;0;1;0;0;1;795944,3268;5831560,657;13,36602;52,55348
201293;11;7;7060603;2019;11;13;2;3;1;5;0;0;1;0;0;0;0;0;797917,6226;5817153,796;13,38216;52,42327
201294;11;3;3030406;2019;11;13;2;3;5;3;0;0;1;0;0;0;1;1;802868,9139;5838271,411;13,47397;52,60982
201295;11;4;4051445;2019;11;13;2;3;5;3;0;0;1;0;0;0;0;1;792194,0327;5824059,709;13,30427;52,48826
201296;11;6;6020305;2019;11;12;2;2;5;3;0;1;1;0;0;0;0;1;796263,294;5817908,6;13,35857;52,43093
201297;11;10;10040931;2019;11;12;2;3;0;3;0;0;1;0;0;0;0;1;813289,4941;5829072,118;13,61868;52,52148
201298;11;1;1044203;2019;11;16;2;3;6;4;2;0;1;1;0;0;0;1;795896,329;5831964,51;13,36567;52,55713
201299;11;4;4020311;2019;11;15;4;2;6;7;0;0;1;1;0;0;0;0;789447,081;5826676,132;13,2662;52,51318
201300;11;1;1022106;2019;11;15;4;2;5;2;0;1;1;0;0;0;0;0;793680,171;5828001,177;13,32957;52,5228
201301;11;12;12103218;2019;11;16;2;3;1;5;1;1;0;0;0;0;1;0;794222,6294;5833326,462;13,34226;52,57025
201302;11;8;8010508;2019;11;10;2;2;5;2;0;1;0;0;0;1;0;1;802753,7184;5822970,341;13,45833;52,47275
201303;11;6;6030605;2019;11;15;2;3;5;2;0;0;0;0;1;1;0;0;791751,3599;5819295,888;13,29361;52,44579
201304;11;8;8010213;2019;11;15;4;3;6;4;0;0;1;1;0;0;0;0;800993,9406;5822642,419;13,43221;52,47078
201305;11;5;5030833;2019;11;10;2;3;4;6;0;0;1;0;0;0;0;1;788076,7564;5829040,783;13,24812;52,53511
201306;11;4;4030724;2019;11;10;4;3;2;6;0;1;1;0;0;0;0;0;790600,6267;5825985,259;13,28255;52,50638
201307;11;9;9020801;2019;11;9;2;3;3;6;0;0;1;0;0;0;0;1;809743,8708;5820764,23;13,55887;52,44906
201308;11;1;1022104;2019;11;6;2;3;6;2;1;0;1;1;0;0;0;0;794554,5777;5829071,775;13,34337;52,53193
201309;11;8;8010510;2019;11;8;4;3;0;3;0;0;1;0;0;0;1;0;802549,3359;5822124,636;13,45457;52,46528
201310;11;8;8041036;2019;11;8;2;3;5;3;0;1;1;0;0;0;0;1;805278,6227;5817252,071;13,49017;52,42009
201311;11;6;6040810;2019;11;7;2;3;5;2;0;1;1;0;0;0;0;1;792369,4341;5820812,05;13,304;52,45906
201312;11;9;9010302;2019;11;7;2;3;2;6;0;0;1;0;0;0;0;1;803492,0184;5820687,938;13,4671;52,45188
201313;11;12;12103117;2019;11;8;4;3;5;2;0;0;1;0;0;0;0;0;795786,906;5832580,132;13,36461;52,56271
201314;11;11;11041128;2019;11;6;2;3;5;2;1;0;1;0;1;0;0;1;806067,5933;5825805,775;13,50957;52,49631
201315;11;1;1033203;2019;11;7;2;3;0;6;1;1;1;0;0;0;0;1;797298,573;5831152,484;13,38557;52,54909
201316;11;11;11051330;2019;11;7;4;3;5;3;0;1;1;0;0;0;0;0;807228,0229;5824304,402;13,52523;52,4822
201317;11;5;5020627;2019;11;7;2;3;5;2;0;0;1;0;0;0;1;1;785632,9421;5828030,249;13,21132;52,52734
201318;11;10;10020622;2019;11;6;4;2;5;2;2;0;1;0;1;0;0;0;811165,8587;5828366,984;13,58683;52,51638
201319;11;7;7040402;2019;11;6;2;3;6;2;1;0;1;1;0;0;0;1;796809,0666;5821977,858;13,37019;52,46711
201320;11;11;11040925;2019;11;6;2;3;6;4;2;0;0;1;1;0;0;1;803811,5301;5826269,52;13,47687;52,50173
201321;11;1;1011102;2019;11;8;4;3;2;3;0;1;0;0;0;0;0;0;795155,563;5827075,522;13,35044;52,51371
201322;11;3;3061430;2019;11;16;4;3;5;2;2;1;0;0;0;0;1;0;801884,7892;5829850,555;13,45182;52,5349
201323;11;12;12304314;2019;11;13;1;3;0;7;0;0;0;0;1;0;0;1;790697,6335;5835383,492;13,2922;52,59058
201324;11;12;12302109;2019;11;5;1;2;1;5;2;0;1;0;0;0;0;1;795866,4958;5836893,976;13,36963;52,60133
201325;11;9;9010402;2019;11;11;3;3;5;7;0;0;0;0;0;0;1;0;806011,1572;5819743,788;13,50319;52,44201
201326;11;1;1022106;2019;11;10;3;3;2;2;0;0;1;0;0;0;0;0;793673,1709;5828112,642;13,32957;52,5238
201327;11;2;2050802;2019;11;3;1;3;0;1;2;1;0;1;0;0;0;1;802658,9711;5826992,062;13,4606;52,50885
201328;11;3;3020210;2019;11;1;1;3;2;6;2;0;1;0;1;0;0;1;800072,4531;5835852,374;13,43061;52,58969
201329;11;8;8020622;2019;11;17;1;3;2;7;2;0;1;0;0;0;0;1;802187,6865;5819292,75;13,4467;52,4401
201330;11;2;2050801;2019;11;10;3;3;5;2;0;1;0;0;0;0;1;0;803466,787;5827006,257;13,47248;52,50852
201331;11;9;9041501;2019;11;17;1;3;0;1;2;1;0;0;0;0;0;1;810807,183;5820377,396;13,57411;52,44499
201332;11;1;1033202;2019;11;8;3;3;5;2;0;1;1;0;0;0;0;0;797530,2797;5829429,61;13,38743;52,53352
201333;11;1;1033102;2019;11;15;1;3;5;3;0;1;1;0;0;0;0;1;797698,973;5831738,172;13,39198;52,55412
201334;11;1;1044201;2019;11;15;1;3;2;6;0;0;1;0;0;0;0;0;796440,3565;5831973,494;13,37368;52,55691
201335;11;11;11051331;2019;11;8;3;3;5;3;0;0;1;0;0;0;1;0;807999,0728;5825553,25;13,5377;52,49296
201336;11;3;3040513;2019;11;15;1;3;5;3;0;1;1;0;0;0;0;1;797412,3571;5833971,488;13,38977;52,57429
201337;11;5;5030833;2019;11;14;1;3;0;7;0;0;0;0;1;0;0;1;789192,9262;5829306,21;13,26476;52,5369
201338;11;1;1033101;2019;11;15;1;3;5;3;0;0;1;0;0;0;0;0;796410,011;5832009,174;13,37327;52,55725
201339;11;5;5010339;2019;11;8;3;3;5;7;0;0;1;0;0;0;0;0;786810,6871;5828194,821;13,22877;52,52819
201340;11;2;2040502;2019;11;8;3;3;2;6;0;0;1;0;0;0;0;0;800408,0264;5828006,175;13,42845;52,51918
201341;11;3;3051017;2019;11;14;1;3;0;1;0;1;0;0;0;0;0;1;802252,3381;5833053,074;13,46014;52,5634
201342;11;2;2050802;2019;11;6;1;3;1;5;2;0;1;0;0;0;0;1;802440,908;5826786,87;13,45721;52,50713
201343;11;1;1011301;2019;11;8;3;2;5;2;0;1;1;0;0;0;0;0;796898,817;5828889,314;13,37767;52,52902
201344;11;6;6040807;2019;11;21;1;3;2;7;2;0;1;0;0;0;0;1;789829,8996;5818697,995;13,2649;52,44145
201345;11;4;4030726;2019;11;19;5;3;6;2;2;0;1;1;0;0;0;1;792321,4281;5825370,776;13,30729;52,49995
201346;11;5;5020523;2019;11;18;5;3;5;3;2;0;0;0;1;0;0;1;782762,9652;5827471,63;13,16865;52,52382
201347;11;12;12214424;2019;11;18;5;3;6;4;2;0;1;1;0;0;0;1;793204,9502;5832390,59;13,32646;52,5624
201348;11;9;9010302;2019;11;7;5;3;2;6;0;0;1;0;0;1;0;0;804015,5772;5821191,457;13,47523;52,4561
201349;11;8;8020727;2019;11;6;5;3;6;4;1;0;1;1;0;0;0;0;800686,5408;5816195,272;13,4219;52,41316
201350;11;3;3061126;2019;11;5;5;3;6;4;2;0;1;1;0;0;0;1;798435,6999;5831740,81;13,40282;52,55374
201351;11;5;5010314;2019;11;7;5;3;5;2;0;0;1;0;0;0;1;0;784819,226;5829147,346;13,20031;52,53778
201352;11;3;3020307;2019;11;8;4;3;0;2;0;1;1;0;0;0;0;1;800154,6978;5836464,77;13,43237;52,59514
201353;11;2;2040701;2019;11;21;4;3;5;3;2;0;1;0;0;0;0;1;800458,1783;5827591,768;13,42881;52,51544
201354;11;11;11010310;2019;11;19;4;3;6;4;2;0;1;1;0;0;0;0;805340,102;5833267,724;13,50575;52,5636
201355;11;3;3030406;2019;11;19;4;3;5;3;2;0;1;0;0;0;0;1;803468,0251;5838537,195;13,48304;52,61187
201356;11;2;2020206;2019;11;17;4;3;4;7;2;1;0;0;0;0;0;1;799690,4506;5825221,335;13,41539;52,49461
201357;11;1;1033202;2019;11;17;4;3;5;3;2;1;1;0;0;0;0;1;796971,3284;5830138,937;13,37985;52,54018
201358;11;10;10040828;2019;11;17;4;3;5;3;2;0;1;0;0;1;0;1;812129,434;5828311,568;13,60093;52,51533
201359;11;10;10010309;2019;11;17;4;3;5;2;2;1;1;0;0;0;0;1;808531,2864;5829984,174;13,54962;52,53237
201360;11;5;5030731;2019;11;16;4;3;5;3;2;0;1;0;0;0;0;0;787940,2308;5830042,034;13,24698;52,54416
201361;11;9;9010301;2019;11;22;4;3;0;1;2;0;0;0;0;0;1;0;804293,7782;5822764,649;13,48075;52,47005
201362;11;8;8010118;2019;11;22;4;3;0;7;2;0;1;0;1;0;0;0;801044,9064;5822061,404;13,43243;52,46554
201363;11;2;2020203;2019;11;19;4;3;0;2;2;0;1;0;1;0;0;1;797471,968;5824553,361;13,38222;52,48984
201364;11;4;4051445;2019;11;21;4;3;5;3;2;0;1;0;0;0;0;0;792435,4243;5824093,489;13,30785;52,48844
201365;11;9;9020701;2019;11;12;4;3;5;3;0;0;1;0;0;0;0;1;807818,2944;5818416,066;13,52847;52,4291
201366;11;7;7060604;2019;11;11;4;3;9;1;0;0;1;0;0;0;0;1;797581,119;5815565,231;13,37581;52,40921
201367;11;8;8010404;2019;11;10;4;3;2;6;0;1;1;0;0;0;0;1;802439,0736;5823196,956;13,45392;52,47495
201368;11;1;1011202;2019;11;10;4;2;2;6;0;1;1;0;0;0;0;1;797529,2153;5827586,68;13,38577;52,517
201369;11;2;2050802;2019;11;10;4;3;5;7;0;1;1;0;0;0;0;1;802887,7992;5826678,811;13,46367;52,50591
201370;11;8;8010301;2019;11;10;4;3;0;6;0;0;1;0;1;0;0;1;801628,0099;5824130,121;13,44286;52,48376
201371;11;7;7050505;2019;11;9;4;3;4;7;0;1;0;0;0;0;0;0;799073,3551;5818818,691;13,40059;52,43756
201372;11;11;11020514;2019;11;9;4;3;6;4;0;0;1;1;0;0;0;1;804188,8522;5830668,246;13,48643;52,54094
201373;11;5;5010101;2019;11;8;4;3;0;1;0;0;0;0;1;0;0;1;785185,9736;5831351,745;13,2076;52,55735
201374;11;4;4020313;2019;11;8;4;2;6;4;0;0;0;1;1;0;0;1;790335,9028;5826677,885;13,27927;52,51273
201375;11;4;4051446;2019;11;8;4;2;6;2;0;0;0;1;0;1;0;1;792830,7101;5824334,191;13,31386;52,49038
201376;11;4;4030827;2019;11;8;4;3;2;6;0;0;1;0;0;0;0;1;792015,3363;5825978,74;13,30333;52,50556
201377;11;4;4030621;2019;11;6;4;3;6;4;1;0;1;1;0;0;0;1;794162,1609;5827016,237;13,33579;52,51371
201378;11;6;6030610;2019;11;7;4;2;5;2;0;1;1;0;0;0;0;1;792761,353;5817958,289;13,30725;52,43326
201379;11;7;7060604;2019;11;7;4;3;3;6;2;0;1;0;0;1;0;1;797357,2763;5815535,572;13,37251;52,40907
201380;11;4;4030518;2019;11;7;4;3;5;2;0;0;1;0;0;0;1;1;791475,4752;5828279,733;13,29742;52,52648
201381;11;9;9010302;2019;11;16;4;2;5;3;2;1;1;0;0;0;0;0;805033,9719;5820664,822;13,4897;52,45081
201382;11;4;4030931;2019;11;15;4;3;6;4;1;1;0;1;0;0;0;0;793942,3317;5825896,636;13,33157;52,50379
201383;11;12;12214527;2019;11;14;4;3;0;1;0;0;1;0;1;0;0;1;790554,811;5834541,909;13,28936;52,58311
201384;11;11;11020514;2019;11;14;4;3;6;4;0;0;0;1;0;0;1;1;804591,754;5831059,06;13,49271;52,54422
201385;11;8;8020727;2019;11;13;4;3;4;6;0;0;1;0;0;0;0;1;801297,0415;5817483,584;13,432;52,42437
201386;11;5;5020523;2019;11;7;4;3;5;2;0;0;1;0;1;0;0;1;782233,6755;5827613,418;13,16099;52,52537
201387;11;4;4030931;2019;11;7;4;3;0;3;1;1;1;0;0;0;0;1;794552,6692;5826005,746;13,34063;52,50444
201388;11;4;4030415;2019;11;6;4;3;6;2;2;0;1;1;0;0;0;1;790787,13;5827381,817;13,28651;52,5188
201389;11;1;1011302;2019;11;9;4;3;3;6;0;1;1;0;0;0;0;1;798270,6094;5828838,563;13,39778;52,52781
201390;11;5;5030731;2019;11;6;4;3;7;7;2;1;0;0;0;0;0;1;787852,6913;5829367,507;13,2451;52,53816
201391;11;1;1033203;2019;11;5;4;2;5;2;2;1;1;0;0;0;0;1;796624,0888;5829798,597;13,37444;52,53732
201392;11;1;1011402;2019;11;4;4;3;0;1;2;0;0;0;0;0;1;1;798667,9164;5829439,915;13,40416;52,53299
201393;11;3;3071537;2019;11;13;3;3;6;4;0;0;1;1;0;0;0;1;799478,3364;5829106,72;13,41578;52,52956
201394;11;1;1033102;2019;11;22;3;3;5;2;2;0;1;0;0;0;1;1;796989,1207;5831491,733;13,38132;52,5523
201395;11;1;1011302;2019;11;22;3;2;6;4;2;0;0;1;1;0;0;1;798027,7951;5828916,918;13,39429;52,52865
201396;11;4;4030518;2019;11;23;3;3;2;6;2;0;1;0;0;0;0;1;791525,4013;5828059,33;13,29796;52,52448
201397;11;11;11010103;2019;11;21;3;3;5;3;2;1;1;0;0;0;0;1;807997,922;5833894,418;13,54541;52,56772
201398;11;7;7040406;2019;11;19;3;3;1;5;2;0;1;0;0;0;1;0;800203,122;5821228,524;13,41933;52,45854
201399;11;1;1011202;2019;11;19;3;3;6;7;2;0;1;1;0;0;0;1;797677,2795;5827911,846;13,38824;52,51983
201400;11;5;5010206;2019;11;19;3;3;6;2;2;0;1;1;0;0;0;1;781830,8224;5830216,768;13,15727;52,54892
201401;11;7;7020203;2019;11;20;3;2;6;2;2;0;1;1;0;0;0;1;795383,5339;5824017,92;13,35107;52,48617
201402;11;3;3061126;2019;11;18;3;3;6;4;2;0;1;1;0;0;0;1;798431,721;5831801,412;13,40281;52,55428
201403;11;10;10010204;2019;11;17;3;3;2;6;2;0;1;0;0;0;0;0;809333,0434;5832727,959;13,56396;52,55651
201404;11;7;7040403;2019;11;17;3;3;6;2;2;0;1;1;0;0;0;0;797290,3461;5821379,545;13,37672;52,46149
201405;11;8;8020622;2019;11;17;3;2;6;4;1;0;1;1;0;0;0;0;802381,5316;5819176,281;13,44944;52,43895
201406;11;8;8020620;2019;11;16;3;3;2;6;2;0;1;0;0;1;0;0;800566,0819;5820560,307;13,42405;52,45235
201407;11;11;11041022;2019;11;16;3;3;5;2;2;1;1;0;0;0;0;0;806577,5673;5827759,133;13,51886;52,51353
201408;11;4;4020310;2019;11;15;3;3;5;2;0;0;1;0;0;0;1;0;790068,3567;5827332,837;13,27591;52,51874
201409;11;4;4030623;2019;11;14;3;3;5;3;0;1;1;0;0;0;0;0;793687,2508;5826349,208;13,32822;52,50799
201410;11;5;5010314;2019;11;15;3;2;0;4;1;0;0;1;1;0;0;0;785050,8371;5829397,024;13,20393;52,5399