OBJECTID;LAND;BEZ;LOR;UJAHR;UMONAT;USTUNDE;UWOCHENTAG;UKATEGORIE;UART;UTYP1;ULICHTVERH;IstRad;IstPKW;IstFuss;IstKrad;IstGkfz;IstSonstige;USTRZUSTAND;LINREFX;LINREFY;XGCSWGS84;YGCSWGS84
201624;11;6;6030609;2019;11;15;5;3;2;6;0;0;1;0;1;0;0;0;792948,5757;5817786,691;13,30985;52,43162
201625;11;5;5020417;2019;11;11;6;3;1;5;0;1;0;0;0;0;1;1;782925,3291;5827993,773;13,17148;52,52842
201626;11;1;1022201;2019;11;14;5;3;5;2;0;1;1;0;0;0;0;0;795426,0218;5829544,372;13,3566;52,53569
201627;11;11;11030721;2019;11;13;5;3;5;2;0;1;1;0;0;0;0;0;805181,6083;5827914,589;13,4985;52,51571
201628;11;1;1011305;2019;11;11;6;3;3;5;0;1;1;0;0;0;0;0;799385,8653;5826385,577;13,41197;52,50522
201629;11;11;11010308;2019;11;13;5;3;6;4;0;0;1;1;0;0;0;0;805199,9087;5833671,479;13,50405;52,56729
201630;11;7;7030303;2019;11;19;6;3;0;7;2;0;0;0;0;0;1;1;795095,3579;5821498,05;13,34461;52,46374
201631;11;1;1033203;2019;11;22;5;3;5;2;2;0;1;0;1;0;0;0;796343,9426;5830061,341;13,37056;52,53983
201632;11;11;11030720;2019;11;19;5;3;3;6;2;1;0;0;0;0;1;0;804254,1378;5829079,332;13,48594;52,52667
201633;11;8;8010404;2019;11;14;5;3;5;2;0;1;1;0;0;0;0;0;802165,856;5823373,547;13,45007;52,47669
201634;11;5;5030833;2019;11;17;5;3;2;6;2;0;1;0;0;0;0;1;789249,7959;5829176,139;13,26548;52,5357
201635;11;12;12224230;2019;11;10;5;3;5;3;0;0;1;0;0;0;0;0;787078,1967;5838222,644;13,24139;52,61796
201636;11;12;12304314;2019;11;17;5;2;6;2;2;0;1;1;0;0;0;1;790612,2107;5835984,775;13,29147;52,59602
201637;11;4;4010102;2019;11;17;5;2;5;2;2;0;1;0;1;0;0;1;791662,481;5830679,232;13,30227;52,54789
201638;11;10;10010308;2019;11;17;5;3;2;6;2;0;1;0;0;0;0;1;806444,1501;5830199,483;13,51915;52,53548
201639;11;10;10010310;2019;11;17;5;3;6;2;2;0;1;1;0;0;0;1;808469,905;5831153,094;13,54981;52,54288
201640;11;7;7020201;2019;11;16;5;3;2;6;2;0;1;0;0;0;0;1;794964,5943;5824287,136;13,34516;52,48881
201641;11;11;11041027;2019;11;19;5;3;6;3;2;0;1;1;0;0;0;0;807388,767;5827384,945;13,53043;52,50972
201642;11;8;8010301;2019;11;9;5;3;5;3;0;0;1;0;1;0;0;0;801317,476;5823998,48;13,43818;52,48276
201643;11;3;3030406;2019;11;16;5;3;1;5;2;1;1;0;0;0;1;1;803421,8046;5838399,315;13,48223;52,61066
201644;11;1;1011303;2019;11;17;5;3;6;4;2;0;1;1;0;0;0;1;799462,9722;5828803,719;13,41528;52,52685
201645;11;4;4030827;2019;11;16;5;3;6;2;2;0;1;1;0;0;0;1;792738,1554;5826094,49;13,31405;52,50621
201646;11;9;9031101;2019;11;8;5;3;5;3;0;0;1;0;1;0;0;0;811065,8492;5818034,549;13,57572;52,42384
201647;11;7;7010101;2019;11;16;5;2;6;4;2;0;1;1;0;0;0;1;794674,3519;5825724,457;13,34217;52,50185
201648;11;7;7050505;2019;11;9;5;2;1;7;0;0;1;0;0;0;1;0;799267,6393;5818637,897;13,40328;52,43583
201649;11;1;1033202;2019;11;16;5;3;5;2;2;1;1;0;0;0;0;1;797894,6426;5829897,107;13,39321;52,53751
201650;11;1;1011203;2019;11;16;5;3;5;2;1;0;1;0;0;0;1;1;797622,5356;5827025,787;13,38664;52,51192
201651;11;2;2010103;2019;11;6;5;3;5;5;2;1;0;0;0;0;1;0;799538,7278;5826248,422;13,41409;52,5039
201652;11;12;12103116;2019;11;15;5;3;6;4;1;0;1;1;0;0;0;1;796206,7482;5833349,934;13,37148;52,56938
201653;11;12;12301205;2019;11;15;5;3;6;4;0;0;1;1;0;0;0;1;792438,4757;5837311,965;13,31953;52,60693
201654;11;3;3061434;2019;11;15;5;3;5;2;1;1;0;0;0;0;1;0;801188,1698;5829489,973;13,44125;52,53205
201655;11;9;9010402;2019;11;9;5;3;6;2;0;0;1;1;0;0;0;0;806169,9694;5819203,404;13,50502;52,43708
201656;11;6;6040810;2019;11;15;5;3;6;4;1;0;0;1;0;0;1;1;790965,4624;5820697,249;13,2833;52,45878
201657;11;9;9051702;2019;11;14;5;3;0;1;0;1;0;0;0;0;0;1;815171,7596;5820955,888;13,63866;52,44767
201658;11;12;12231101;2019;11;9;5;3;5;3;0;1;1;0;0;0;0;0;792528,5647;5839293,144;13,32261;52,62465
201659;11;6;6010206;2019;11;14;5;2;0;7;0;0;1;0;0;0;0;1;795040,7517;5819635,69;13,34217;52,44707
201660;11;1;1011302;2019;11;1;5;3;0;1;2;0;0;0;0;0;1;0;798883,3176;5828579,227;13,40656;52,52515
201661;11;1;1022201;2019;11;12;5;3;6;4;0;0;1;1;0;0;0;1;795965,1709;5828764,359;13,36383;52,52841
201662;11;6;6030609;2019;11;12;5;2;6;2;0;0;1;1;0;0;0;0;793262,0607;5819095,773;13,3156;52,44319
201663;11;1;2030302;2019;11;0;5;3;0;1;2;1;0;0;0;0;0;1;800490,627;5826679,437;13,42846;52,50724
201664;11;2;2010102;2019;11;20;4;3;6;4;2;0;1;1;0;0;0;0;798051,1792;5826470,194;13,39244;52,5067
201665;11;1;1011303;2019;11;12;5;2;3;6;0;1;0;0;0;0;1;0;799164,2779;5827801,867;13,40999;52,51803
201666;11;3;3020210;2019;11;12;5;3;5;3;0;0;1;0;0;0;1;0;798490,9078;5835386,584;13,40691;52,58639
201667;11;9;9051901;2019;11;17;4;3;0;5;2;0;1;1;0;0;1;1;811107,432;5821513,787;13,57957;52,455
201668;11;8;8010115;2019;11;7;4;3;5;3;1;1;0;0;0;0;1;0;799813,3193;5823665,434;13,4158;52,4806
201669;11;4;4030827;2019;11;10;5;3;6;4;0;0;1;1;0;0;0;0;792391,5405;5826050,668;13,30892;52,50601
201670;11;12;12302212;2019;11;11;5;3;1;5;0;0;1;0;0;0;0;1;793108,1013;5837388,382;13,32946;52,60726
201671;11;4;4030623;2019;11;9;5;3;5;2;0;1;1;0;0;0;0;0;793683,7431;5826255,475;13,32809;52,50715
201672;11;2;2030302;2019;11;20;4;3;6;4;2;0;1;1;0;0;0;0;800802,311;5825807,032;13,43225;52,49925
201673;11;2;2030301;2019;11;9;5;3;5;3;0;1;1;0;0;0;0;0;800278,8154;5826092,373;13,42482;52,5021
201674;11;9;9020701;2019;11;19;4;3;5;3;2;1;1;0;0;0;0;0;807405,5729;5818327,239;13,52233;52,42854
201675;11;6;6010207;2019;11;8;5;3;2;2;0;1;1;0;0;0;0;0;794055,3111;5820385,066;13,32837;52,45432
201676;11;2;2010102;2019;11;22;5;3;5;3;2;1;1;0;0;0;0;1;798248,1191;5826087,731;13,39499;52,50317
201677;11;4;4051656;2019;11;18;4;3;5;2;2;1;1;0;0;0;0;0;793676,0495;5823424,209;13,32548;52,48177
201678;11;10;10040931;2019;11;20;5;3;5;2;2;0;1;0;0;0;0;1;813734,0901;5829976,203;13,62607;52,52933
201679;11;2;2050804;2019;11;18;5;3;2;6;2;0;1;0;0;0;0;1;803239,8055;5825943,985;13,46817;52,49913
201680;11;1;1033201;2019;11;20;5;3;6;2;2;0;1;1;0;0;0;1;797708,1289;5830690,61;13,39118;52,54472
201681;11;2;2010103;2019;11;18;4;3;5;2;2;1;1;0;0;0;0;0;799118,3786;5826276,424;13,40794;52,50438
201682;11;12;12103115;2019;11;18;4;2;6;4;2;0;1;1;0;0;0;0;796075,937;5833931,266;13,37007;52,57466
201683;11;1;1044203;2019;11;19;5;2;1;1;2;0;1;0;0;1;0;1;795759,2074;5831905,561;13,3636;52,55668
201684;11;12;12231102;2019;11;19;5;2;1;5;2;1;1;0;0;0;0;1;790020,3979;5840742,453;13,28693;52,63898
201685;11;2;2030401;2019;11;14;4;3;5;3;0;0;1;0;0;0;0;0;800293,4963;5825546,972;13,42454;52,4972
201686;11;4;4020310;2019;12;22;4;3;4;1;2;0;1;0;0;1;0;0;790553,5573;5827351,815;13,28305;52,51865
201687;11;2;2030301;2019;12;22;4;3;5;2;2;0;1;0;1;0;0;0;800166,3415;5825881,189;13,42298;52,50027
201688;11;8;8041035;2019;12;21;4;3;1;1;2;0;1;0;0;0;0;0;803791,3825;5818796,003;13,46977;52,43476
201689;11;2;2050801;2019;12;12;4;2;1;1;0;1;1;0;0;0;0;1;803246,0967;5827429,657;13,46962;52,51244
201690;11;1;1022104;2019;12;11;4;3;2;6;0;0;1;0;0;0;0;0;794574,3626;5828483,41;13,34314;52,52664
201691;11;8;8010405;2019;12;9;4;3;1;5;0;1;1;0;0;0;1;0;802234,6276;5823821,476;13,45149;52,48066
201692;11;4;4051448;2019;12;9;4;3;2;2;0;1;1;0;0;0;0;1;794246,1599;5825423,57;13,33561;52,49939
201693;11;11;10010203;2019;12;9;4;3;5;2;0;1;1;0;0;0;0;0;806911,9213;5832618,356;13,52826;52,55689
201694;11;4;4041240;2019;12;9;4;3;5;3;0;1;1;0;0;0;0;1;790958,4373;5822396,911;13,28468;52,47402
201695;11;2;2040703;2019;12;9;4;2;6;4;0;0;1;1;0;0;0;0;800932,5393;5826836,47;13,43509;52,50841
201696;11;1;1011203;2019;12;9;4;3;1;5;0;1;1;0;0;0;1;0;798315,3498;5827285,54;13,39705;52,51387
201697;11;9;9020502;2019;12;8;4;3;5;3;0;0;1;0;0;0;0;1;806841,583;5822481,778;13,51788;52,46609
201698;11;5;5010311;2019;12;8;4;3;3;6;0;0;1;0;1;0;0;1;785412,4518;5830433,432;13,21014;52,549
201699;11;3;3040614;2019;12;5;4;3;0;3;2;0;0;0;1;0;0;1;797972,8989;5833202,693;13,39733;52,5671
201700;11;6;6040805;2019;12;16;4;3;0;2;2;0;1;1;0;0;0;0;789168,7644;5818564,892;13,25508;52,44061
201701;11;1;1044102;2019;12;16;4;3;1;5;2;1;1;0;0;0;1;1;794651,7923;5831827,951;13,34725;52,55658
201702;11;6;6030609;2019;12;14;4;3;5;2;0;0;1;0;0;0;0;0;793201,6897;5819801,89;13,31533;52,44955
201703;11;9;9010302;2019;12;14;4;3;5;3;0;1;1;0;0;0;0;0;804937,9973;5820711,101;13,48833;52,45128
201704;11;10;10010309;2019;12;15;3;3;4;6;1;1;1;0;0;0;0;1;808277,1321;5828835,513;13,54482;52,52222
201705;11;5;5010314;2019;12;11;3;2;6;4;0;0;1;1;0;0;0;1;784739,7927;5828820,736;13,19886;52,53489
201706;11;6;6030503;2019;12;9;3;3;0;2;0;1;1;0;0;0;0;1;789568,7598;5817313,778;13,25987;52,42918
201707;11;11;11020411;2019;12;9;3;2;6;4;0;0;1;1;0;0;0;1;805683,173;5831896,464;13,50953;52,55111
201708;11;2;2040503;2019;12;10;3;3;2;6;0;0;1;0;0;0;1;1;801408,7892;5828752,465;13,44383;52,52532
201709;11;4;4020311;2019;12;9;3;3;5;3;0;0;1;0;0;0;0;1;789360,5175;5826200,571;13,26452;52,50897
201710;11;7;7040403;2019;12;9;3;2;5;3;0;0;1;0;0;0;0;2;797707,2965;5821054,158;13,38255;52,45834
201711;11;8;8010303;2019;12;8;3;3;3;6;0;1;1;0;0;0;0;0;801243,2645;5823811,382;13,43692;52,48112
201712;11;8;8020621;2019;12;8;3;3;2;6;0;0;1;0;0;0;0;0;800188,4425;5820494,443;13,41845;52,45197
201713;11;11;11030824;2019;12;7;3;3;0;1;0;1;0;0;0;0;0;2;803692,7441;5827471,119;13,47622;52,51257
201714;11;6;6030503;2019;12;8;3;3;6;2;0;0;1;1;0;0;0;0;790649,8461;5817851,95;13,27619;52,43343
201715;11;2;2020203;2019;12;7;3;3;0;2;0;1;0;0;0;0;1;2;797531,4061;5824961,048;13,38345;52,49346
201716;11;9;9020701;2019;12;7;3;3;5;2;1;0;1;0;1;0;0;1;809403,3106;5818447,311;13,55173;52,42849
201717;11;5;5030730;2019;12;5;3;3;1;5;2;0;1;0;0;0;0;2;786430,2162;5830842,156;13,22546;52,55213
201718;11;12;12304314;2019;12;5;3;3;5;2;2;0;1;0;0;0;0;2;790689,5424;5835381,467;13,29208;52,59057
201719;11;1;1011401;2019;12;21;3;3;6;2;2;0;1;1;0;0;0;1;798302,8717;5829372,301;13,39874;52,53258
201720;11;12;12304313;2019;12;20;3;3;5;2;2;0;1;0;0;0;0;0;791488,8413;5834332,164;13,30293;52,58073
201721;11;3;3050925;2019;12;20;3;3;0;1;2;0;0;0;1;0;0;2;802710,52;5831810,309;13,46574;52,552
201722;11;9;9010402;2019;12;20;3;3;5;2;2;1;1;0;0;0;0;1;806734,1903;5820275,783;13,51428;52,44638
201723;11;9;9041501;2019;12;17;3;3;1;1;2;0;1;0;1;0;0;1;811363,1173;5820109,072;13,58201;52,44227
201724;11;3;3061429;2019;12;17;3;3;5;2;2;1;1;0;0;0;0;1;801135,0391;5830741,216;13,44161;52,54329
201725;11;3;3051017;2019;12;17;3;3;2;6;2;0;1;0;0;0;0;1;802217,1832;5832999,726;13,45957;52,56294
201726;11;10;10040931;2019;12;18;3;3;2;2;2;0;1;0;0;0;0;1;813340,0995;5829180,959;13,61953;52,52243
201727;11;1;1011302;2019;12;18;3;3;1;5;2;1;1;0;0;0;0;1;798384,2376;5828507,565;13,39916;52,52479
201728;11;1;1011304;2019;12;16;3;3;2;2;2;0;1;0;0;0;0;1;799594,042;5828009,08;13,41649;52,51965
201729;11;11;11051331;2019;12;7;3;3;0;6;1;1;1;0;0;0;0;2;807529,27;5825486,428;13,53074;52,49263
201730;11;7;7040404;2019;12;17;3;3;6;2;2;0;1;1;0;0;0;1;796142,5559;5820762,982;13,35933;52,45658
201731;11;12;12103117;2019;12;17;3;3;1;5;2;0;1;0;1;0;0;1;796028,1914;5832736,851;13,3683;52,56398
201732;11;3;3050925;2019;12;16;3;2;6;4;2;0;1;1;0;0;0;1;802223,095;5831555,852;13,45834;52,54999
201733;11;3;3061228;2019;12;17;3;3;2;6;2;0;1;0;0;0;0;1;800767,1351;5830597,635;13,43607;52,54221
201734;11;3;3061227;2019;12;16;3;3;5;3;2;0;1;0;0;0;0;1;800086,6489;5831670,999;13,42703;52,55221
201735;11;1;1022101;2019;12;16;3;3;5;2;2;0;1;0;0;0;0;1;792736,6597;5828278,835;13,31595;52,5258
201736;11;3;3061126;2019;12;15;3;3;5;3;0;1;1;0;0;0;0;1;799243,0394;5831804,61;13,41475;52,55387
201737;11;7;7060603;2019;12;15;3;2;1;5;0;0;1;0;0;0;0;1;797634,8192;5817302,655;13,37815;52,42475
201738;11;1;1011203;2019;12;15;3;3;5;3;0;1;1;0;0;0;0;1;798296,6319;5827336,243;13,39682;52,51433
201739;11;4;4051445;2019;12;15;3;3;2;6;0;0;1;0;0;0;0;0;792501,911;5824453,776;13,30914;52,49163
201740;11;4;4031032;2019;12;14;3;3;5;2;0;1;1;0;0;0;0;0;791581,4276;5824876,138;13,29599;52,49591
201741;11;11;11020515;2019;12;7;3;3;6;2;2;0;1;1;0;0;0;1;804635,3764;5830506,75;13,49285;52,53925
201742;11;2;2020204;2019;12;13;3;3;1;5;0;1;1;0;0;0;0;1;797900,4509;5825059,328;13,38896;52,49414
201743;11;9;9051901;2019;12;12;3;3;6;6;0;0;1;1;0;0;0;1;810780,2246;5821272,68;13,57455;52,45303
201744;11;9;9051901;2019;12;11;3;2;5;2;0;1;1;0;0;0;0;0;809946,5136;5821592,918;13,56262;52,45637
201745;11;2;2020203;2019;12;20;2;2;5;2;2;0;1;0;0;0;0;1;797126,7259;5823996,387;13,37665;52,48503
201746;11;1;1022206;2019;12;21;2;2;3;6;2;1;0;0;0;0;0;1;796258,7349;5828528,94;13,36794;52,52614
201747;11;12;12231101;2019;12;16;2;3;1;5;2;1;0;0;0;0;1;0;790545,8243;5837006,397;13,29139;52,60521
201748;11;4;4031032;2019;12;17;2;3;6;2;2;0;1;1;0;0;0;1;791572,9051;5825112,686;13,29607;52,49804
201749;11;4;4010101;2019;12;17;2;3;2;6;2;0;1;0;0;0;0;1;791269,7091;5830705,135;13,29652;52,54833
201750;11;7;7040402;2019;12;17;2;3;6;2;2;0;1;1;0;0;0;1;796816,4224;5821985,236;13,3703;52,46717
201751;11;2;2040502;2019;12;17;2;3;5;3;2;0;1;0;0;0;1;1;801250,8799;5827844,736;13,44068;52,51727
201752;11;7;7060604;2019;12;17;2;2;6;4;2;0;1;1;0;0;0;1;795799,8326;5816024,846;13,35011;52,4143
201753;11;1;1011301;2019;12;16;2;3;2;6;2;1;1;0;0;0;0;1;797052,9126;5829317,609;13,38032;52,53277
201754;11;8;8010509;2019;12;16;2;3;1;5;2;1;1;0;0;0;0;1;803402,1132;5822522,547;13,46744;52,46837
201755;11;12;12214423;2019;12;16;2;3;5;3;2;0;1;0;0;0;0;1;792569,71;5833290,412;13,31791;52,57081
201756;11;2;2040502;2019;12;16;2;3;5;2;2;0;1;0;0;0;1;1;800481,6695;5828454,925;13,42993;52,52316
201757;11;6;6020409;2019;12;16;2;3;5;2;2;1;1;0;0;0;0;1;793123,1977;5817653,075;13,31229;52,43033
201758;11;4;4030519;2019;12;16;2;3;2;6;2;0;1;0;0;0;0;1;792367,4164;5828251,877;13,3105;52,52575
201759;11;2;2050802;2019;12;15;2;3;0;7;1;1;0;0;0;0;0;1;802412,6155;5827071,589;13,45705;52,5097
201760;11;2;2010102;2019;12;16;2;2;6;4;2;0;1;1;0;0;0;1;798346,1787;5825564,03;13,39596;52,49842
201761;11;2;2050602;2019;12;22;2;3;8;1;2;0;1;0;0;0;0;0;802719,9892;5828222,652;13,46261;52,51984
201762;11;8;8010301;2019;12;14;2;3;5;3;0;1;1;0;0;0;0;1;801061,7087;5824921,98;13,43526;52,49118
201763;11;6;6020303;2019;12;14;2;3;2;6;0;0;1;0;0;1;0;0;795506,6153;5818614,509;13,3481;52,43767
201764;11;2;2010104;2019;12;21;2;2;3;6;2;1;1;0;0;0;0;1;799951,1074;5825475,336;13,41945;52,49675
201765;11;3;3061430;2019;12;19;2;3;5;7;2;0;1;0;0;0;1;1;802533,6222;5829303,103;13,46086;52,52963
201766;11;7;7040405;2019;12;13;2;3;2;6;0;0;1;0;0;1;0;0;799415,1315;5821781,445;13,40826;52,46393
201767;11;6;6040810;2019;12;19;2;3;6;2;2;0;1;1;0;0;0;1;792634,0147;5821755,27;13,30871;52,46737
201768;11;1;1033102;2019;12;13;2;3;2;6;0;0;1;0;0;1;0;1;797335,3;5831873,267;13,38675;52,55553
201769;11;12;12301203;2019;12;12;2;3;0;5;0;0;1;0;0;0;1;1;792372,7267;5834073,244;13,31571;52,57794
201770;11;3;3061228;2019;12;18;2;2;6;2;2;0;1;1;0;0;0;1;800957,3686;5831228,115;13,43943;52,54776
201771;11;3;3040512;2019;12;16;2;3;6;4;2;0;1;1;0;0;0;1;796056,2504;5835790,922;13,37144;52,59134
201772;11;9;9010202;2019;12;11;2;3;5;2;0;0;1;0;0;0;0;0;804105,7701;5823594,677;13,47875;52,47759
201773;11;7;7060604;2019;12;17;2;3;1;5;2;0;1;0;0;0;0;1;796023,0255;5815973,188;13,35333;52,41371
201774;11;6;6020411;2019;12;11;2;3;0;3;0;0;0;0;0;0;1;0;794139,5049;5815988,1;13,32573;52,41486
201775;11;4;4030621;2019;12;9;2;3;5;2;0;0;1;0;1;0;0;1;793564,3737;5827768,619;13,32767;52,52078
201776;11;4;4031032;2019;12;5;2;3;5;7;2;0;1;0;0;1;0;0;791452,0004;5825068,603;13,29426;52,49771
201777;11;3;3010101;2019;12;5;2;3;5;3;2;1;1;0;0;0;0;0;803850,8027;5841447,337;13,49135;52,63774
201778;11;8;8010508;2019;12;4;2;3;4;6;2;0;1;0;0;0;0;1;803534,327;5823039,263;13,46985;52,47293
201779;11;2;2050802;2019;12;2;2;3;6;4;2;0;1;1;0;0;0;0;802382,6637;5827300,558;13,45682;52,51176
201780;11;3;3040614;2019;12;17;2;3;5;7;2;1;1;0;0;0;0;1;797760,2694;5832938,574;13,39396;52,56484
201781;11;11;11051332;2019;12;7;2;3;5;2;0;1;1;0;0;0;0;0;807202,691;5823904,841;13,52449;52,47864
201782;11;7;7040403;2019;12;22;1;3;5;3;2;0;1;0;0;0;0;0;797870,3308;5821928,962;13,38572;52,4661
201783;11;1;1044101;2019;12;21;1;3;1;6;2;0;1;0;0;0;1;0;794355,6596;5830502,768;13,34172;52,54486
201784;11;3;3061126;2019;12;19;1;2;6;4;2;0;0;1;0;0;1;0;799113,9645;5831778,011;13,41283;52,5537
201785;11;5;5020626;2019;12;18;1;3;5;2;2;0;1;0;1;0;0;0;784590,4669;5827965,905;13,19594;52,5273
201786;11;11;11030721;2019;12;14;1;3;0;4;0;1;0;1;0;0;0;0;803896,7869;5827894,7;13,4796;52,51625
201787;11;8;8010213;2019;12;13;1;3;5;3;0;0;1;0;0;0;0;0;801256,8032;5822874,906;13,43628;52,47272
201788;11;3;3051017;2019;12;10;1;3;2;6;0;0;1;0;0;0;0;0;802079,698;5832793,818;13,45736;52,56117
201789;11;8;8040933;2019;12;4;1;2;5;3;2;0;1;0;0;0;0;0;803300,4102;5818517,654;13,46231;52,43253
201790;11;2;2040502;2019;12;1;1;2;6;7;2;0;1;1;0;0;0;0;800711,1855;5828470,544;13,43332;52,52317
201791;11;1;1011303;2019;12;1;1;3;5;3;2;0;1;0;0;0;1;0;799499,8609;5828347,157;13,41541;52,52274
201792;11;2;2020204;2019;11;15;7;3;0;6;0;0;1;0;1;0;0;0;798671,5546;5825128,383;13,40035;52,49434
201793;11;1;1022206;2019;11;12;7;3;5;3;0;1;1;0;0;0;0;0;795924,4933;5828125,712;13,36267;52,5227
201794;11;12;12304314;2019;11;0;7;3;2;6;2;0;1;0;0;0;0;0;790083,5001;5836067,402;13,28376;52,59704
201795;11;5;5010314;2019;11;9;7;3;6;2;0;0;1;1;0;0;0;0;784832,0202;5829236,823;13,20058;52,53857
201796;11;1;1011303;2019;11;3;7;3;2;6;2;0;1;0;0;0;0;0;799115,3802;5828989,094;13,41034;52,5287
201797;11;1;1011301;2019;11;23;7;3;1;5;2;1;0;0;0;0;1;0;797286,191;5829045,714;13,3835;52,53021
201798;11;2;2050602;2019;11;19;7;3;5;3;2;0;1;0;1;0;0;0;802923,4313;5828260,635;13,46564;52,52007
201799;11;3;3020307;2019;11;18;7;3;5;2;2;1;1;0;0;0;0;0;800465,6378;5836192,223;13,4367;52,59252
201800;11;8;8010211;2019;11;18;7;3;5;2;2;0;1;0;0;0;0;0;800861,3459;5823837,568;13,43134;52,48157
201801;11;5;5030731;2019;11;16;7;3;5;2;1;0;1;0;0;0;0;0;788032,234;5829372,841;13,24775;52,53811
201802;11;12;12214527;2019;11;16;7;3;2;6;1;0;1;0;0;0;0;0;790155,2313;5835807,309;13,28459;52,59467
201803;11;3;3061228;2019;11;18;7;3;2;6;2;0;1;0;0;0;0;0;800303,629;5831589,72;13,43015;52,55136
201804;11;5;5010314;2019;11;14;7;2;6;4;0;0;1;1;0;0;0;0;784801,2428;5828808,648;13,19976;52,53475
201805;11;11;11030617;2019;11;12;7;2;5;2;0;0;1;0;0;0;1;0;803195,2991;5829991,558;13,47121;52,53543
201806;11;7;7050501;2019;11;14;7;3;2;6;0;0;1;0;0;0;0;0;797354,2755;5819351,155;13,37585;52,44327
201807;11;2;2030302;2019;11;7;7;3;0;7;0;1;0;0;0;0;0;0;800360,3496;5825763,326;13,42572;52,4991
201808;11;2;2050803;2019;11;4;7;3;0;1;2;0;0;0;0;0;1;0;803225,9444;5826324,115;13,46832;52,50254
201809;11;2;2050803;2019;11;19;7;3;6;2;2;0;1;1;0;0;0;1;802607,7307;5826135,813;13,45907;52,5012
201810;11;2;2010104;2019;11;17;6;3;5;2;2;0;1;0;0;0;0;0;798583,5001;5825563,686;13,39945;52,49829
201811;11;8;8030829;2019;11;19;6;3;5;7;2;0;1;0;0;0;0;1;803160,0177;5818438,588;13,46018;52,4319
201812;11;5;5010314;2019;11;18;6;3;5;2;2;1;1;0;0;0;0;0;784837,7366;5829252,838;13,20067;52,53871
201813;11;5;5010314;2019;11;18;6;3;6;4;2;0;1;1;0;0;0;0;784651,9776;5829295,435;13,19798;52,53919
201814;11;8;8010118;2019;11;18;6;3;0;6;2;0;0;0;1;0;1;0;800927,4615;5822339,734;13,43096;52,4681
201815;11;2;2010104;2019;11;17;6;3;3;2;1;1;1;0;0;0;0;0;799443,6293;5825642,334;13,41215;52,49852
201816;11;2;2020206;2019;11;16;6;3;5;2;2;1;1;0;0;0;0;0;799071,5097;5824566,771;13,40572;52,48909
201817;11;1;1033102;2019;11;15;6;3;1;5;0;0;1;0;0;1;0;0;797179,4115;5831370,965;13,38401;52,55111
201818;11;8;8010302;2019;11;14;6;3;5;3;0;0;1;0;0;0;0;1;801549,5268;5824662,018;13,44219;52,48858
201819;11;9;9031202;2019;11;12;6;3;0;6;0;0;1;0;1;0;0;1;818796,0225;5812577,851;13,68383;52,3705
201820;11;6;6030503;2019;11;12;6;3;5;7;0;0;1;0;0;0;1;0;789509,3785;5817714,236;13,25934;52,4328
201821;11;1;1033202;2019;11;12;6;3;5;2;0;0;1;0;0;0;0;0;797766,9202;5829737,431;13,39119;52,53615
201822;11;6;6010210;2019;11;11;6;3;6;4;0;0;1;1;0;0;0;0;795132,59;5821236,242;13,34493;52,46137
201823;11;12;12304314;2019;11;11;6;3;5;2;0;0;1;0;0;0;0;0;790683,8561;5835383,681;13,292;52,59059
201824;11;7;7060601;2019;11;11;6;2;1;5;0;0;1;0;0;0;0;0;796412,4206;5816601,071;13,3596;52,41913
201825;11;2;2010102;2019;11;9;6;3;6;4;0;0;0;1;0;0;1;0;798057,2035;5826485,516;13,39254;52,50684
201826;11;5;5030731;2019;11;9;6;3;2;6;0;0;1;0;0;1;0;0;787968,431;5830419,775;13,24772;52,54753
201827;11;7;7030302;2019;11;9;6;3;5;3;0;1;1;0;0;0;0;0;794512,8068;5821899,596;13,33642;52,46765
201828;11;2;2010102;2019;11;16;6;2;0;7;2;1;0;0;0;0;0;0;798277,3548;5825704,866;13,39508;52,49972
201829;11;1;1033101;2019;11;9;6;3;2;6;0;0;1;0;0;0;0;0;796136,4159;5832246,407;13,36946;52,55953
201830;11;7;7010102;2019;11;9;6;3;6;4;0;1;0;1;0;0;0;1;795872,0152;5825386,683;13,35946;52,49818
201831;11;2;2040502;2019;11;8;6;3;5;2;0;1;0;0;0;0;1;0;801221,3527;5828648,384;13,44098;52,52449
201832;11;2;2020205;2019;11;8;6;3;6;4;0;1;0;1;0;0;0;1;798493,4234;5824509,757;13,39718;52,48889
201833;11;10;10010102;2019;11;7;6;3;6;4;2;0;1;1;0;0;0;1;809981,9774;5834056,458;13,57474;52,56804
201834;11;5;5030730;2019;11;19;5;3;2;6;2;0;1;0;0;0;0;1;786626,9872;5829236,496;13,22697;52,53763
201835;11;9;9052001;2019;11;19;5;2;1;5;2;0;1;0;0;0;1;1;811592,596;5823159,58;13,58823;52,46947
201836;11;4;4030929;2019;11;19;5;3;2;6;2;0;1;0;0;0;0;1;792711,9199;5825653,058;13,31328;52,50227
201837;11;4;4030620;2019;11;18;5;3;3;6;2;0;1;0;1;0;0;1;791756,8226;5827499,326;13,30087;52,51933