OBJECTID;LAND;BEZ;LOR;UJAHR;UMONAT;USTUNDE;UWOCHENTAG;UKATEGORIE;UART;UTYP1;ULICHTVERH;IstRad;IstPKW;IstFuss;IstKrad;IstGkfz;IstSonstige;USTRZUSTAND;LINREFX;LINREFY;XGCSWGS84;YGCSWGS84
201838;11;8;8010301;2019;11;18;5;3;2;3;2;0;1;0;0;0;0;1;801164,7891;5824106,964;13,43604;52,48381
201839;11;1;1044202;2019;11;18;5;2;6;2;2;0;1;1;0;0;0;1;795607,4112;5830515,309;13,36013;52,5443
201840;11;3;3061126;2019;11;19;5;2;6;2;2;0;0;1;0;0;1;0;798413,1331;5831839,868;13,40258;52,55464
201841;11;7;7050502;2019;11;18;5;3;5;2;2;0;1;0;0;0;0;1;798376,5102;5818418,003;13,39002;52,43435
201842;11;11;11040925;2019;11;17;5;3;0;6;2;0;1;0;1;0;0;1;803713,19;5826313,135;13,47546;52,50217
201843;11;1;1044202;2019;11;17;5;3;2;6;2;0;1;0;0;0;0;1;795046,5246;5830331,652;13,35172;52,54295
201844;11;11;11020513;2019;11;17;5;3;5;2;2;0;1;0;0;0;0;1;802884,1494;5831200,461;13,46774;52,54644
201845;11;6;6030608;2019;11;17;5;3;6;2;2;0;1;1;0;0;0;1;792520,07;5817218,802;13,30307;52,42676
201846;11;11;11030720;2019;11;17;5;2;6;4;2;1;0;1;0;0;0;1;805834,7277;5830108,255;13,51011;52,535
201847;11;12;12231101;2019;11;17;5;3;1;5;2;0;1;0;0;0;0;0;791626,0606;5837854,732;13,30805;52,61224
201848;11;1;1011401;2019;11;17;5;3;5;3;2;1;1;0;0;0;0;1;798049,7537;5829152,3;13,39482;52,53075
201849;11;5;5010314;2019;11;17;5;3;6;4;2;0;1;1;0;0;0;1;784493,9327;5828880,303;13,1953;52,53555
201850;11;10;10040933;2019;11;16;5;3;5;3;2;1;1;0;0;0;0;1;812363,794;5823794,055;13,60014;52,47472
201851;11;10;10020622;2019;11;16;5;3;6;7;2;0;0;1;0;0;1;0;811167,851;5828452,218;13,58694;52,51714
201852;11;9;9041501;2019;11;16;5;3;6;4;2;0;1;1;0;0;0;1;811431,1448;5820226,984;13,58312;52,44328
201853;11;1;1011303;2019;11;15;5;3;5;2;0;1;1;0;0;0;0;0;799108,7869;5828466,04;13,40977;52,52402
201854;11;10;10010204;2019;11;14;5;3;6;4;0;0;1;1;0;0;0;0;810001,8318;5833209,455;13,57424;52,56044
201855;11;4;4051549;2019;11;21;5;3;5;2;2;1;1;0;0;0;0;1;793308,3703;5823915,97;13,32051;52,48638
201856;11;9;9020701;2019;11;12;5;3;1;5;0;0;1;0;0;0;0;0;807404,1085;5819022,965;13,52295;52,43477
201857;11;12;12103218;2019;11;13;5;3;2;6;0;0;1;0;0;0;0;1;794333,6248;5835477,921;13,34581;52,58947
201858;11;3;3071537;2019;11;13;5;3;7;7;0;1;0;0;0;0;0;0;799388,0183;5830035,769;13,41529;52,53793
201859;11;11;11040926;2019;11;12;5;3;5;2;0;0;1;0;0;0;0;0;805561,0154;5827267,36;13,50348;52,5097
201860;11;5;5010207;2019;11;12;5;3;2;3;0;0;1;0;1;0;0;0;782969,5624;5830876,682;13,17459;52,55425
201861;11;4;4051445;2019;11;20;5;3;5;7;2;0;1;0;1;0;0;1;792209,5688;5824076,467;13,30452;52,48841
201862;11;9;9020501;2019;11;12;5;3;5;7;0;0;1;0;0;1;0;0;806764,5003;5823073,932;13,51729;52,47144
201863;11;9;9010202;2019;11;20;5;3;5;3;2;1;1;0;0;0;0;1;804463,6843;5823218,044;13,48366;52,47402
201864;11;2;2030302;2019;11;11;5;3;5;7;0;1;1;0;0;0;0;0;800868,9969;5825858,356;13,43328;52,49967
201865;11;12;12214424;2019;11;10;5;3;5;2;0;1;1;0;0;0;0;0;793550,331;5832378,687;13,33153;52,56211
201866;11;11;11010310;2019;11;10;5;3;6;2;0;0;0;1;0;1;0;0;805541,15;5833383,135;13,50881;52,56452
201867;11;3;3020307;2019;11;10;5;3;1;5;0;1;0;0;0;0;1;0;800200,3648;5836790,939;13,43334;52,59803
201868;11;10;10020415;2019;11;8;5;3;5;3;0;1;1;0;0;0;0;0;812686,6434;5831086,145;13,61172;52,53988
201869;11;5;5040934;2019;11;8;5;3;2;6;0;0;1;0;0;0;0;0;783930,4335;5823390,151;13,18233;52,48662
201870;11;2;2030302;2019;11;7;5;3;6;4;0;1;1;1;0;0;0;1;800526,0879;5826324,828;13,42866;52,50404
201871;11;5;5030731;2019;11;5;5;3;5;2;2;1;1;0;0;0;0;1;787712,0704;5829413,393;13,24308;52,53864
201872;11;7;7010102;2019;11;18;4;3;2;7;2;1;1;0;0;0;0;1;795392,8165;5825166,826;13,35223;52,49647
201873;11;7;7040405;2019;11;17;4;3;6;6;2;1;0;1;0;0;0;0;798269,3576;5821298,21;13,39102;52,46023
201874;11;3;3061228;2019;11;19;4;3;5;3;2;0;1;0;0;0;0;1;801152,6118;5831119,916;13,44221;52,54668
201875;11;8;8010214;2019;11;20;4;3;1;5;2;1;1;0;0;0;0;0;801205,5016;5822209,869;13,43492;52,46679
201876;11;8;8020727;2019;11;16;4;3;6;2;1;0;1;1;0;0;0;1;800320,787;5816737,208;13,41702;52,41822
201877;11;1;1033101;2019;11;19;4;2;1;5;2;0;1;0;0;0;1;1;797373,7404;5832441,4;13,38783;52,5606
201878;11;8;8010404;2019;11;19;4;3;6;4;2;0;1;1;0;0;0;1;802530,5777;5822956,54;13,45505;52,47275
201879;11;9;9010302;2019;11;19;4;3;2;6;2;0;1;0;0;0;0;1;803657,29;5820714,047;13,46954;52,45202
201880;11;6;6020302;2019;11;18;4;3;6;2;2;0;1;1;0;0;0;1;794588,2938;5818541,439;13,33456;52,43751
201881;11;3;3061228;2019;12;8;6;3;5;3;0;1;1;0;0;0;0;1;800769,3757;5831333,89;13,43677;52,54881
201882;11;4;4010102;2019;11;18;4;3;5;2;2;0;1;0;0;0;0;1;793353,1881;5829678,56;13,32625;52,53801
201883;11;8;8020620;2019;11;18;4;3;8;1;2;0;1;0;0;0;0;1;800990,1625;5820824,07;13,43051;52,45448
201884;11;6;6030501;2019;12;8;6;3;5;7;0;0;0;0;1;0;1;0;788699,1291;5816806,625;13,24667;52,4251
201885;11;3;3061228;2019;11;17;4;3;2;6;2;0;1;0;0;0;0;1;801190,1252;5831052,351;13,4427;52,54605
201886;11;7;7070702;2019;12;5;6;3;5;3;2;0;1;0;0;0;0;0;799944,9001;5815827,782;13,4107;52,41027
201887;11;4;4051445;2019;11;17;4;3;5;2;2;1;1;0;0;0;0;1;792146,9613;5824075,564;13,3036;52,48843
201888;11;12;12301203;2019;11;17;4;3;6;4;2;0;1;1;0;0;0;1;793926,9748;5835287,212;13,33965;52,58798
201889;11;4;4031032;2019;12;6;6;3;2;6;0;0;1;0;0;0;0;1;791187,1954;5824718,827;13,29006;52,49471
201890;11;7;7050503;2019;11;17;4;3;5;7;2;0;1;0;1;0;0;1;798430,5222;5820499,058;13,39267;52,45297
201891;11;7;7030303;2019;11;17;4;3;5;3;2;0;1;0;0;0;0;1;796063,4862;5822856,738;13,36003;52,4754
201892;11;6;6010207;2019;11;17;4;3;5;3;2;1;1;0;0;0;0;1;793950,5983;5820445,077;13,32688;52,45492
201893;11;12;12214527;2019;12;6;6;3;5;2;2;0;1;0;0;0;1;2;789903,3995;5835694,405;13,28079;52,59379
201894;11;3;3040614;2019;12;6;6;2;5;3;2;1;1;0;0;0;0;0;798730,6526;5833696,375;13,40892;52,57111
201895;11;2;2030302;2019;11;17;4;3;5;2;2;1;1;0;0;0;0;1;800402,0402;5825786,386;13,42635;52,49929
201896;11;1;1011102;2019;11;17;4;3;5;2;2;0;1;0;1;0;0;1;795079,733;5827225,231;13,34945;52,51509
201897;11;7;7020203;2019;12;7;6;3;5;3;1;1;1;0;0;0;0;0;795522,8782;5824356,518;13,35342;52,48913
201898;11;1;1044202;2019;11;17;4;3;6;2;2;0;1;1;0;0;0;1;795015,2244;5830113,23;13,35107;52,54101
201899;11;1;1022106;2019;11;20;4;3;5;2;2;1;1;0;0;0;0;0;793697,8285;5828111,581;13,32993;52,52378
201900;11;5;5010101;2019;12;7;6;3;5;3;1;1;1;0;0;0;0;1;785095,1964;5832236,483;13,20702;52,56533
201901;11;8;8010404;2019;12;0;6;2;6;2;2;0;1;1;0;0;0;0;802573,8508;5823087,175;13,4558;52,47389
201902;11;1;1011401;2019;11;22;4;3;0;7;2;0;0;0;0;0;1;1;797396,4651;5829158,371;13,38522;52,53116
201903;11;3;3010104;2019;11;13;4;3;3;6;0;1;1;0;0;0;0;0;800804,6897;5838719,426;13,44399;52,61499
201904;11;11;11020515;2019;12;13;6;2;6;4;0;0;1;1;0;0;0;1;803873,107;5830122,303;13,48129;52,53623
201905;11;6;6040810;2019;12;13;6;3;2;6;0;0;1;0;0;0;0;1;790370,8551;5820824,048;13,27468;52,46023
201906;11;10;10030727;2019;11;13;4;3;2;6;0;0;1;0;0;0;1;0;809582,0621;5824834,434;13,56028;52,48563
201907;11;2;2040702;2019;11;12;4;3;0;1;0;0;0;0;0;0;1;0;801879,7172;5827402,602;13,44952;52,51296
201908;11;9;9010301;2019;11;12;4;3;2;6;0;0;1;0;0;0;0;1;804659,4944;5822150,111;13,48556;52,46434
201909;11;11;11030619;2019;12;12;6;3;5;7;0;0;1;0;0;0;1;1;803671,0387;5829503,91;13,47776;52,5308
201910;11;7;7040401;2019;11;12;4;3;3;6;0;1;0;0;0;1;0;0;797761,442;5823954,551;13,38593;52,48431
201911;11;4;4030519;2019;12;12;6;3;0;1;0;0;0;0;1;0;0;1;792159,2017;5828115,039;13,30732;52,52464
201912;11;8;2020206;2019;11;11;4;3;2;6;0;0;1;0;0;0;1;0;800293,9117;5824361,144;13,42348;52,48657
201913;11;3;3051022;2019;11;11;4;3;5;3;0;0;1;0;0;0;0;0;803000,4744;5832007,164;13,47018;52,55361
201914;11;2;2010101;2019;12;12;6;3;0;1;0;0;0;0;1;0;0;1;797741,9065;5826099,604;13,38756;52,50355
201915;11;6;6010205;2019;11;10;4;3;2;7;0;0;1;0;0;0;0;0;795914,6142;5819900,08;13,35522;52,44897
201916;11;10;10020414;2019;11;16;4;3;6;4;2;0;0;1;0;0;1;1;812247,438;5830698,221;13,6049;52,53665
201917;11;1;1011301;2019;11;9;4;2;5;3;0;1;1;0;0;0;0;0;797023,0803;5829351,975;13,37991;52,5331
201918;11;1;1044103;2019;12;11;6;3;6;2;0;0;0;1;0;0;1;0;795044,2933;5830921,596;13,35221;52,54824
201919;11;12;12214421;2019;12;11;6;3;0;3;0;0;1;0;1;0;0;1;793121,0341;5833869,007;13,32654;52,5757
201920;11;12;12302211;2019;11;7;4;3;5;3;0;0;1;0;0;0;0;0;793660,0268;5837139,285;13,33737;52,60473
201921;11;1;1011306;2019;11;16;4;3;6;2;2;0;1;1;0;0;0;1;799981,6828;5826939,982;13,42122;52,50986
201922;11;11;11041022;2019;12;10;6;3;3;6;0;0;1;0;0;0;0;1;806619,0736;5827397,824;13,51914;52,51027
201923;11;6;6020303;2019;12;18;6;1;6;2;2;0;1;1;0;0;0;1;795662,463;5818244,638;13,35006;52,43427
201924;11;5;5010314;2019;11;7;4;2;5;2;0;0;0;0;0;0;1;0;784819,209;5829150,518;13,20031;52,53781
201925;11;11;11040926;2019;11;16;4;3;6;2;1;0;1;1;0;0;0;1;806132,4241;5826844,337;13,51148;52,50558
201926;11;6;6040806;2019;12;17;6;1;6;2;2;0;1;1;0;0;0;1;788846,2584;5819589,929;13,25124;52,44997
201927;11;2;2010103;2019;11;16;4;3;5;3;2;1;1;0;0;0;0;1;799281,7464;5826219,656;13,41029;52,50379
201928;11;10;10010309;2019;11;5;4;3;5;3;2;0;1;0;1;0;0;0;807869,9505;5830165,763;13,54007;52,53437
201929;11;1;1022203;2019;12;17;5;3;1;5;2;1;1;0;0;0;0;1;794799,6017;5828940,681;13,34686;52,53062
201930;11;10;10020517;2019;12;13;5;3;0;4;0;0;0;1;0;0;1;0;812609,3944;5830320,194;13,60987;52,53306
201931;11;4;4030827;2019;11;15;4;3;2;6;0;0;1;0;0;0;0;1;792724,7095;5826067,655;13,31383;52,50598
201932;11;3;3030715;2019;11;15;4;3;6;4;1;0;1;1;0;0;0;1;801319,2741;5833555,224;13,44687;52,56841
201933;11;2;2050803;2019;11;15;4;3;6;4;0;0;1;1;0;0;0;1;802535,7483;5826193,456;13,45806;52,50176
201934;11;3;3030406;2019;12;12;5;3;5;3;0;0;1;0;0;0;0;0;802862,6769;5838282,386;13,47389;52,60993
201935;11;1;1022206;2019;11;15;4;3;2;1;0;1;0;0;0;0;1;1;796234,1754;5828127,866;13,36722;52,52255
201936;11;10;10010102;2019;12;12;5;3;0;3;0;0;0;0;0;0;1;0;809618,7072;5834146,063;13,56949;52,56905
201937;11;11;11030721;2019;11;7;4;3;0;1;1;1;0;0;0;0;0;0;804002,7415;5828219,504;13,48146;52,5191
201938;11;8;8010116;2019;11;17;4;3;4;5;2;0;1;0;1;0;0;0;800283,0657;5824187,261;13,42317;52,48502
201939;11;12;12214126;2019;12;9;5;3;6;4;0;0;1;1;0;0;0;0;790600,1828;5834049,912;13,2896;52,57868
201940;11;4;4030930;2019;12;9;5;2;2;6;0;0;1;0;1;0;0;1;793036,1945;5825373,772;13,3178;52,49959
201941;11;3;3020209;2019;11;7;3;3;6;4;1;0;1;1;0;0;0;0;797219,151;5835545,03;13,38834;52,5885
201942;11;3;3050923;2019;12;9;5;3;2;6;0;1;1;0;0;0;0;0;800771,8014;5831764,848;13,43719;52,55267
201943;11;8;8010211;2019;11;19;3;2;0;1;2;1;0;0;0;0;0;0;800466,6946;5823725,655;13,42545;52,48078
201944;11;10;10010310;2019;11;18;3;2;6;4;2;0;0;1;0;0;1;0;808644,9321;5830145,072;13,55144;52,53375
201945;11;8;8010404;2019;12;23;5;2;6;4;2;0;1;1;0;0;0;0;801804,3632;5823632,333;13,445;52,47921
201946;11;8;8010301;2019;12;8;5;3;2;6;0;0;1;0;0;0;0;0;800589,4341;5824492,765;13,42794;52,48759
201947;11;12;12214125;2019;11;17;3;3;5;3;2;0;1;0;1;0;0;0;791111,6939;5834239,793;13,29729;52,58011
201948;11;8;8010214;2019;11;16;3;3;5;3;2;0;1;0;0;0;0;0;801297,7646;5822263,427;13,43633;52,46722
201949;11;6;6030608;2019;12;7;5;3;1;5;0;1;1;0;0;0;0;0;792148,5867;5816784,35;13,29724;52,42307
201950;11;4;4051653;2019;12;21;5;3;5;2;2;1;1;0;0;0;0;0;793952,3444;5824716,492;13,33067;52,49321
201951;11;4;4020208;2019;11;16;3;3;2;6;2;0;1;0;0;0;0;0;786252,44;5826003,284;13,21868;52,50884
201952;11;1;1033203;2019;11;16;3;3;2;6;1;0;1;0;0;0;0;0;795827,8343;5829879,289;13,36281;52,53847
201953;11;11;11041128;2019;12;7;5;3;5;3;2;1;1;0;0;0;0;1;805860,1174;5825310,08;13,50607;52,49199
201954;11;6;6010101;2019;11;16;3;2;6;4;2;0;1;1;0;0;0;0;793153,8895;5820820,486;13,31552;52,45871
201955;11;11;11020515;2019;12;7;5;3;5;3;2;1;1;0;0;0;0;1;805124,2257;5830056,397;13,49962;52,53494
201956;11;12;12103117;2019;11;16;3;3;2;6;2;0;1;0;0;0;0;0;796673,9549;5832754,029;13,37782;52,56378
201957;11;9;9051701;2019;11;16;3;3;0;5;1;0;1;0;0;0;0;0;812951,693;5821064,458;13,6062;52,44992
201958;11;4;4030931;2019;12;21;5;3;1;5;2;0;1;0;0;0;0;0;794380,4186;5825692,111;13,33782;52,50172
201959;11;4;4030725;2019;12;0;5;2;0;7;2;0;0;0;0;0;1;0;791758,7107;5826455,689;13,29998;52,50998
201960;11;8;8010301;2019;11;15;3;3;3;6;1;1;0;0;0;0;1;0;801583,4323;5824067,406;13,44215;52,48323
201961;11;6;6010101;2019;11;20;3;3;5;3;2;1;1;0;0;0;0;1;792516,9041;5821409,601;13,30669;52,46433
201962;11;7;7040402;2019;12;10;5;2;5;3;0;1;0;0;0;1;0;0;796597,7349;5821140,413;13,36634;52,45972
201963;11;6;6030501;2019;12;19;5;3;1;1;2;0;1;0;1;0;0;1;788819,0004;5816481,024;13,24815;52,42211
201964;11;2;2010103;2019;11;19;3;3;5;2;2;1;1;0;0;0;0;0;799117,3243;5826273,946;13,40792;52,50436
201965;11;4;4030519;2019;11;19;3;3;5;3;1;0;1;0;0;0;0;0;792528,2745;5828727,363;13,31328;52,52993
201966;11;12;12301204;2019;12;17;5;3;6;4;2;0;1;1;0;0;0;0;792611,6863;5835738,134;13,32069;52,59273
201967;11;2;2020204;2019;12;18;5;3;0;1;2;0;0;0;1;0;0;0;798477,9505;5824730,654;13,39715;52,49088
201968;11;12;12214125;2019;11;19;3;3;2;6;2;0;1;0;1;0;0;0;789784,217;5833673,873;13,27726;52,57574
201969;11;7;7030301;2019;11;19;3;3;1;5;2;1;1;0;0;0;0;0;793733,7956;5821688,171;13,3248;52,46618
201970;11;5;5020625;2019;11;19;3;3;5;2;2;0;1;0;0;0;0;0;784719,4108;5828608,242;13,19838;52,533
201971;11;2;2030302;2019;12;17;5;3;6;4;2;0;1;1;0;0;0;0;801139,4667;5826282,666;13,43763;52,50333
201972;11;3;3061227;2019;12;17;5;3;3;6;2;0;1;0;0;0;1;0;799906,8218;5831665,56;13,42438;52,55226
201973;11;6;6020409;2019;11;18;3;3;2;6;2;0;1;0;0;0;0;0;793224,0828;5816823,293;13,31305;52,42284
201974;11;12;12304314;2019;11;15;3;3;5;3;1;0;1;0;0;0;0;0;790424,0482;5835943,395;13,28867;52,59575
201975;11;4;4030417;2019;12;18;5;3;1;5;2;1;0;0;0;0;1;0;791554,5473;5826675,706;13,29717;52,51206
201976;11;2;2050801;2019;12;17;5;3;6;6;1;0;1;1;0;0;0;0;803188,6873;5827123,416;13,4685;52,50973
201977;11;2;2010104;2019;11;14;3;3;5;2;0;0;1;0;0;1;0;0;799071,4734;5825609,753;13,40665;52,49843
201978;11;1;1022201;2019;11;15;3;3;0;1;0;0;0;0;1;0;0;0;795177,8772;5829505,075;13,35292;52,53547
201979;11;6;6040702;2019;12;18;5;3;5;3;2;1;1;0;0;0;0;0;787500,7562;5816884,524;13,22916;52,42643
201980;11;4;4020310;2019;11;14;3;3;1;5;0;0;1;0;0;0;0;0;790361,4812;5827394,714;13,28027;52,51914
201981;11;4;4030930;2019;12;16;5;3;0;3;2;1;0;0;1;0;0;1;792840,3672;5825522,405;13,31505;52,50103
201982;11;7;7040403;2019;11;14;3;3;5;3;0;1;1;0;0;0;0;0;797356,1552;5822015,789;13,37825;52,46716
201983;11;2;2010103;2019;11;13;3;3;5;2;0;1;0;0;0;0;1;0;799292,6846;5826222,044;13,41045;52,5038
201984;11;7;7020203;2019;12;16;5;3;5;2;2;0;1;0;1;0;0;1;795664,3759;5823778,773;13,35499;52,48388
201985;11;3;3071639;2019;12;16;5;3;1;5;2;1;1;0;0;0;0;0;800824,9156;5829173,767;13,43563;52,52942
201986;11;9;9020701;2019;11;13;3;3;5;2;0;0;1;0;0;0;0;0;807223,4783;5818287,025;13,51963;52,42828
201987;11;11;11040926;2019;11;10;3;3;5;3;0;0;1;0;0;0;0;0;806363,8531;5826858,418;13,51489;52,50558
201988;11;11;11010207;2019;12;16;5;3;6;4;2;0;1;1;0;0;0;1;805119,2046;5834459,98;13,50359;52,57441
201989;11;3;3010102;2019;12;14;5;3;5;3;0;1;1;0;0;0;0;0;804356,7982;5840432,64;13,49787;52,62836
201990;11;7;7070703;2019;11;10;3;3;0;7;0;0;1;0;0;0;1;0;799778,0132;5813975,84;13,40659;52,39376
201991;11;1;1022106;2019;11;12;3;3;0;7;0;0;0;0;1;0;1;0;793699,5272;5828016,464;13,32987;52,52293
201992;11;1;1011201;2019;12;15;5;3;2;2;0;1;1;0;0;0;0;0;797296,7749;5827242,859;13,38205;52,51404
201993;11;4;4030724;2019;11;9;3;3;3;6;0;0;1;0;1;0;0;0;790816,2494;5826017,856;13,28575;52,50655
201994;11;5;5030730;2019;12;14;5;3;2;6;0;0;1;0;0;0;0;0;785961,6833;5829207,103;13,21716;52,53772
201995;11;9;9020501;2019;12;14;5;2;6;4;0;0;1;1;0;0;0;0;806510,4037;5822282,574;13,51284;52,46449
201996;11;1;1033101;2019;11;9;3;3;5;2;0;0;1;0;0;0;1;0;796159,7445;5832269,931;13,36982;52,55972
201997;11;12;12304313;2019;12;14;5;3;0;6;0;0;1;0;1;0;0;0;791346,8308;5834499,855;13,30098;52,58231
201998;11;2;2020205;2019;11;7;3;3;0;3;0;1;0;0;1;0;0;0;798023,4733;5824680,213;13,39043;52,49068
201999;11;6;6030608;2019;12;14;5;2;5;3;0;1;1;0;0;0;0;0;792504,6721;5817218,724;13,30284;52,42677
202000;11;12;12301203;2019;12;13;5;3;2;7;0;0;1;0;0;0;0;0;792671,0829;5834738,129;13,32068;52,58374
202001;11;5;5030832;2019;11;7;3;3;2;6;1;0;1;0;0;0;0;0;789365,2818;5829284,605;13,26727;52,53661
202002;11;4;4031032;2019;11;7;3;3;5;3;0;1;1;0;0;0;0;0;791590,6966;5825066,629;13,29629;52,49761
202003;11;8;8020620;2019;12;13;5;3;5;7;0;1;1;0;0;0;0;0;801243,0097;5820641,384;13,43406;52,45271
202004;11;6;6040810;2019;11;7;3;3;1;5;1;0;0;0;0;0;1;0;791329,3207;5821857,784;13,28965;52,46899
202005;11;8;8020728;2019;11;12;3;3;6;4;0;0;1;1;0;0;1;0;801840,0936;5816753,164;13,43931;52,41753
202006;11;8;8010404;2019;11;10;3;3;3;6;0;1;1;0;0;0;0;0;801549,7862;5823813,108;13,44143;52,48097
202007;11;1;1011103;2019;11;11;3;3;1;5;0;1;1;0;0;0;0;0;795596,8063;5826117,301;13,35607;52,50488
202008;11;11;11010310;2019;11;10;3;3;6;4;0;0;0;1;0;0;1;0;805274,7225;5833221,787;13,50474;52,56322
202009;11;2;2010101;2019;12;13;5;3;1;5;0;0;1;0;0;0;0;0;797492,6932;5826228,328;13,38402;52,50484
202010;11;5;5020628;2019;12;18;4;3;5;2;1;0;1;0;0;0;1;0;783919,324;5826605,166;13,18491;52,51545
202011;11;3;3020307;2019;11;10;3;3;5;2;0;0;1;0;0;0;1;0;800079,7791;5837502,585;13,43221;52,60448
202012;11;11;11051332;2019;11;13;2;3;5;2;0;1;0;0;0;0;1;0;807099,2893;5823655,349;13,52274;52,47646
202013;11;1;1044101;2019;11;8;2;3;5;3;0;0;1;0;0;0;0;0;793833,6939;5831855,623;13,33524;52,55727
202014;11;4;4041137;2019;12;7;4;3;6;2;1;0;1;1;0;0;0;0;790950,8171;5823018,675;13,28511;52,4796
202015;11;1;1011202;2019;11;8;2;3;6;4;0;1;0;1;0;0;0;0;797160,435;5827685,961;13,38044;52,51809
202016;11;1;1044202;2019;12;14;4;3;6;4;0;0;1;1;0;0;0;0;795389,558;5830607,329;13,35701;52,54524
202017;11;11;11020411;2019;11;15;2;2;6;7;0;0;1;1;0;0;0;0;805238,2261;5832168,557;13,50324;52,5538
202018;11;8;8010404;2019;11;21;2;3;6;4;2;0;1;1;0;0;0;0;802568,866;5823090,579;13,45573;52,47393
202019;11;6;6020408;2019;12;19;4;2;5;2;2;0;1;0;1;0;0;0;792587,5683;5815927,382;13,30293;52,41515
202020;11;10;10010310;2019;11;20;2;2;5;2;2;1;1;0;0;0;0;0;809940,0281;5831602,802;13,57184;52,54608
202021;11;2;2030402;2019;11;19;2;3;0;1;2;1;1;0;0;0;0;0;801751,8948;5825816,553;13,44621;52,49881
202022;11;5;5040936;2019;11;17;2;3;5;3;2;1;1;0;0;0;0;0;782291,1249;5820464,019;13,15578;52,46123
202023;11;7;7050501;2019;12;18;4;3;5;2;2;0;1;0;1;0;0;0;797584,7519;5819588,247;13,37945;52,44527
202024;11;8;8010510;2019;11;16;2;3;2;6;2;0;1;0;0;0;0;0;802955,5444;5822492,127;13,46086;52,46835
202025;11;8;8020619;2019;11;16;2;3;5;3;2;0;1;0;1;0;0;0;801545,4905;5820647,124;13,4385;52,45259
202026;11;12;12214528;2019;12;18;4;3;9;1;2;0;1;0;0;0;0;0;789496,4323;5836129,502;13,27517;52,59791
202027;11;4;4030725;2019;11;16;2;3;2;3;2;1;1;0;0;0;0;0;791283,9233;5826071,246;13,29267;52,50678
202028;11;7;7040403;2019;12;18;4;2;6;4;2;0;0;1;1;0;0;1;797328,146;5821868,027;13,37771;52,46585
202029;11;2;2020204;2019;11;15;2;3;1;1;0;0;1;0;0;0;0;0;798319,0717;5825079,991;13,39513;52,4941
202030;11;8;8010211;2019;11;18;2;3;0;1;2;1;0;0;0;0;0;0;800471,4775;5823727,38;13,42552;52,48079
202031;11;4;4030930;2019;12;17;4;3;1;5;2;1;1;0;0;0;1;0;792786,8061;5825502,331;13,31425;52,50088
202032;11;8;8010303;2019;12;17;4;3;6;4;2;1;0;1;0;0;0;0;800488,9326;5824245,834;13,42624;52,48543
202033;11;2;2020203;2019;11;11;2;3;5;3;0;1;1;0;0;0;0;0;797016,7495;5824467,615;13,37546;52,48932
202034;11;7;7030301;2019;11;14;2;3;0;4;0;1;0;1;0;0;0;0;793489,2937;5821987,882;13,32147;52,469
202035;11;4;4030725;2019;12;17;4;3;0;7;2;0;0;0;1;0;0;0;791507,1284;5826224,61;13,29608;52,50804
202036;11;2;2040502;2019;12;16;4;3;5;3;2;1;1;0;0;0;0;0;801132,3003;5828599,963;13,43963;52,5241
202037;11;9;9030901;2019;11;15;2;3;7;7;0;0;1;0;0;0;1;0;807665,5728;5815710,938;13,52374;52,40494
202038;11;12;12214125;2019;11;15;2;3;4;6;0;0;1;0;0;0;0;0;788178,1493;5831485,532;13,25173;52,55697
202039;11;9;9051901;2019;11;15;2;3;2;6;0;0;1;0;0;0;0;0;809687,1859;5821241,843;13,55849;52,45337
202040;11;1;1011105;2019;12;18;4;3;5;2;2;1;1;0;0;0;0;0;796415,3719;5826326,504;13,36828;52,50631
202041;11;10;10010207;2019;11;15;2;3;2;6;0;0;1;0;0;0;0;0;808181,876;5831319,514;13,54573;52,54454
202042;11;1;1011303;2019;12;15;4;3;5;3;1;0;1;0;0;0;0;0;799770,2616;5828632,561;13,41964;52,52515
202043;11;3;3030406;2019;11;13;2;3;6;2;0;0;1;1;0;0;0;0;803457,3521;5838505,031;13,48285;52,61159
202044;11;2;2020205;2019;11;11;2;3;5;3;0;1;1;0;0;0;0;0;798791,2823;5824111,69;13,40119;52,48516
202045;11;9;9020802;2019;12;23;4;3;6;2;2;0;1;1;0;0;0;0;810528,6111;5820028,802;13,5697;52,44202
202046;11;11;11010310;2019;11;9;2;3;0;6;0;0;1;0;1;0;0;0;805387,421;5833300,381;13,50647;52,56386
202047;11;1;1044202;2019;11;8;2;3;6;4;0;1;0;1;0;0;0;0;794855,0072;5829889,107;13,34851;52,53909
202048;11;4;4010103;2019;11;8;2;3;9;1;0;0;0;0;0;0;1;0;791265,9936;5829188,626;13,29513;52,53474
202049;11;2;2030302;2019;12;23;4;3;2;6;2;0;1;0;0;0;0;1;801289,7111;5826168,232;13,43974;52,50222
202050;11;2;2050602;2019;12;22;4;3;2;6;2;0;1;0;0;0;0;0;802659,0386;5828003,042;13,46152;52,51791
202051;11;12;12214126;2019;11;6;2;2;5;3;2;1;1;0;0;0;0;0;789759,7469;5833884,88;13,27709;52,57765