OBJECTID;LAND;BEZ;LOR;UJAHR;UMONAT;USTUNDE;UWOCHENTAG;UKATEGORIE;UART;UTYP1;ULICHTVERH;IstRad;IstPKW;IstFuss;IstKrad;IstGkfz;IstSonstige;USTRZUSTAND;LINREFX;LINREFY;XGCSWGS84;YGCSWGS84
202052;11;8;8010301;2019;11;0;2;3;1;5;2;1;1;0;0;0;0;0;801481,6415;5823923,267;13,44052;52,48199
202053;11;3;3061227;2019;12;14;7;3;2;1;0;1;1;0;0;0;0;1;800087,0375;5831664,177;13,42703;52,55214
202054;11;4;4051448;2019;12;14;7;3;0;1;0;1;0;0;0;0;0;1;793972,088;5824964,429;13,33118;52,49542
202055;11;8;8010301;2019;12;13;7;3;4;2;0;1;1;0;0;0;0;1;801100,9916;5824355,675;13,43533;52,48608
202056;11;10;10020413;2019;12;13;7;3;5;2;0;0;1;0;0;0;0;1;811281,1738;5831543,416;13,59149;52,54478
202057;11;5;5020417;2019;12;13;7;3;0;1;0;1;0;0;0;0;0;1;783579,979;5828907,484;13,18188;52,53627
202058;11;6;6020408;2019;12;12;7;3;5;3;0;0;1;0;0;0;0;1;792832,6441;5816434,399;13,30696;52,41956
202059;11;6;6020408;2019;12;12;7;3;5;7;0;0;1;0;0;0;0;1;793038,4088;5816601,065;13,31013;52,42095
202060;11;6;6010209;2019;12;11;7;3;5;2;0;1;1;0;0;0;0;1;794648,8117;5820986,841;13,33761;52,4594
202061;11;1;1033202;2019;12;11;7;3;2;6;0;0;1;0;1;0;0;1;797909,6647;5829898,523;13,39343;52,53751
202062;11;3;3061131;2019;12;10;7;3;5;3;0;1;1;0;0;0;0;1;798880,506;5830395,914;13,40815;52,54144
202063;11;2;2050803;2019;12;5;7;3;6;2;2;0;1;1;0;0;0;1;802002,4516;5826394,442;13,45041;52,50385
202064;11;2;2050801;2019;12;3;7;3;0;1;2;0;0;0;0;0;1;1;802309,4726;5827480,718;13,45591;52,51342
202065;11;8;8010301;2019;12;23;7;3;5;2;2;0;1;0;0;0;0;1;801459,4402;5823891,011;13,44017;52,48171
202066;11;2;2030301;2019;12;23;7;3;2;6;2;0;1;0;0;0;0;1;799946,0217;5826078,88;13,41992;52,50216
202067;11;11;11030720;2019;12;21;7;2;6;4;2;0;1;1;0;0;0;1;805771,5977;5830082,507;13,50916;52,53481
202068;11;7;7070701;2019;12;20;7;2;5;2;2;0;1;0;0;0;0;1;799740,3027;5814500,787;13,40651;52,39849
202069;11;4;4051550;2019;12;19;7;3;6;6;2;1;0;1;0;0;0;1;793174,309;5824511,159;13,31907;52,49179
202070;11;8;8040933;2019;12;16;7;3;2;6;2;0;1;0;0;0;0;1;803279,1236;5818514,904;13,462;52,43252
202071;11;11;11020513;2019;12;17;7;3;0;7;2;0;1;0;0;0;1;0;803314,1333;5830107,359;13,47306;52,5364
202072;11;10;10020414;2019;12;17;7;3;6;2;2;0;1;1;0;0;0;1;812065,4365;5830622,575;13,60216;52,53608
202073;11;1;1033101;2019;12;15;7;3;0;1;1;0;0;0;1;0;0;1;797712,3178;5832057,384;13,39246;52,55697
202074;11;2;2010101;2019;12;15;7;3;5;3;0;0;1;0;0;0;0;1;797469,1253;5826071,94;13,38353;52,50345
202075;11;5;5010312;2019;12;22;6;3;6;2;2;0;1;1;0;0;0;0;785292,4672;5830004,157;13,20801;52,54521
202076;11;9;9041501;2019;12;21;6;3;1;5;2;1;0;0;0;0;1;1;811502,9849;5820070,904;13,58403;52,44184
202077;11;9;9041301;2019;12;13;6;3;6;4;0;0;1;1;0;0;0;0;811477,2654;5819235,28;13,58287;52,43437
202078;11;1;1011402;2019;12;13;6;3;5;3;0;0;1;0;0;0;0;0;798815,4539;5829375,306;13,40627;52,53233
202079;11;9;9051901;2019;12;13;6;3;0;6;0;0;1;0;0;0;1;0;811998,6938;5821165,234;13,59232;52,45137
202080;11;12;12214424;2019;12;12;6;3;6;4;0;0;1;1;0;0;0;0;793316,0217;5832703,943;13,32838;52,56515
202081;11;7;7030303;2019;12;11;6;3;5;3;0;0;1;0;0;0;1;0;795223,1032;5822274,488;13,34717;52,47063
202082;11;6;6030609;2019;12;7;6;3;6;2;1;0;1;1;0;0;0;1;793211,5665;5819813,373;13,31548;52,44965
202083;11;7;7010102;2019;12;10;6;3;5;3;0;1;1;0;0;0;0;0;794992,9962;5825090,207;13,34629;52,496
202084;11;4;4030930;2019;12;10;6;3;5;2;0;0;1;0;1;0;0;0;792839,8287;5825503,207;13,31503;52,50086
202085;11;7;7070703;2019;12;10;6;3;0;1;0;1;0;0;0;0;0;2;799238,9891;5813123,851;13,39793;52,38642
202086;11;10;10010310;2019;12;10;6;3;0;1;0;0;0;0;1;0;0;2;809150,309;5831069,745;13,55973;52,54175
202087;11;4;4051446;2019;12;9;6;2;6;2;0;0;1;1;0;0;0;0;792689,8439;5825324,897;13,31267;52,49934
202088;11;9;9020701;2019;12;9;6;3;4;1;0;0;1;0;0;0;0;2;807876,7188;5818167,844;13,5291;52,42684
202089;11;6;6020410;2019;12;8;6;3;5;3;0;0;0;0;1;1;0;1;794322,9437;5816920,213;13,32924;52,42312
202090;11;4;4051653;2019;12;8;6;3;5;2;0;1;1;0;0;0;0;0;793979,405;5824651,059;13,33101;52,49261
202091;11;1;1022207;2019;12;8;6;2;0;1;1;0;0;0;1;0;0;2;794544,9781;5827511,64;13,34185;52,51795
202092;11;12;12302211;2019;12;8;6;3;3;6;0;1;1;0;0;0;0;0;793524,6761;5836870,284;13,33513;52,60239
202093;11;4;4041239;2019;12;7;6;3;5;2;1;1;0;0;0;0;1;0;792231,5646;5823140,285;13,30402;52,48
202094;11;7;7040406;2019;12;7;6;3;5;2;0;1;1;0;0;0;0;1;800159,6576;5821496,277;13,41893;52,46097
202095;11;11;11051330;2019;12;7;6;3;5;7;2;1;1;0;0;0;0;1;807206,462;5825569,211;13,52608;52,49355
202096;11;4;4030931;2019;12;14;6;2;6;4;0;0;1;1;0;0;0;0;794013,9175;5825926,128;13,33265;52,50402
202097;11;1;1011202;2019;12;19;6;3;5;3;2;0;1;0;0;0;0;0;797893,8568;5828168,499;13,39165;52,52201
202098;11;3;3061131;2019;12;19;6;2;0;1;2;1;0;0;0;0;0;0;798796,6317;5830351,047;13,40688;52,54108
202099;11;5;5010207;2019;12;19;6;3;2;6;2;0;1;0;0;0;0;0;783610,4808;5830663,863;13,18383;52,55201
202100;11;9;9010101;2019;12;18;6;3;1;5;2;1;1;0;0;0;0;0;802309,1286;5825528,612;13,45413;52,49592
202101;11;1;1044101;2019;12;18;6;2;5;3;2;1;1;0;0;0;0;0;794649,798;5831458,698;13,34689;52,55327
202102;11;7;7050505;2019;12;17;6;3;2;6;2;0;1;0;0;0;0;0;798755,5467;5819084,381;13,39617;52,44012
202103;11;11;11010310;2019;12;17;6;3;2;6;2;0;1;0;0;0;0;1;805758,4303;5833536,47;13,51214;52,56577
202104;11;5;5010314;2019;12;16;6;3;0;6;2;0;1;0;0;0;1;0;784819,0469;5829040,112;13,20022;52,53682
202105;11;6;6010205;2019;12;16;6;3;2;2;1;0;1;0;0;0;0;0;795330,6323;5819980,797;13,34672;52,45001
202106;11;1;1022204;2019;12;16;6;3;0;1;0;1;0;0;0;0;0;0;795321,435;5827750,864;13,35347;52,51967
202107;11;3;3040512;2019;12;16;6;3;8;1;2;0;1;0;0;0;0;0;796253,9461;5835298,93;13,37391;52,58682
202108;11;5;5010314;2019;12;15;6;3;5;3;0;0;1;0;0;0;1;0;784404,5968;5829512,201;13,19453;52,54127
202109;11;1;1011202;2019;12;15;6;3;2;2;2;0;0;0;0;0;1;1;797160,435;5827685,961;13,38044;52,51809
202110;11;2;2040503;2019;12;15;6;3;2;7;0;1;1;0;0;0;0;0;801811,7887;5827957,622;13,44903;52,51797
202111;11;3;3020209;2019;12;14;6;3;6;4;0;0;1;1;0;0;0;0;798130,3474;5835469,21;13,40168;52,58733
202112;11;3;3040614;2019;12;6;5;3;6;7;2;1;0;1;0;0;0;0;799922,295;5834443,365;13,42712;52,57715
202113;11;4;4031032;2019;12;13;5;2;6;4;0;0;1;1;0;0;0;0;791869,5193;5824789,061;13,30015;52,49498
202114;11;2;2030402;2019;12;11;5;3;5;2;0;1;1;0;0;0;0;0;801837,2142;5825745,456;13,4474;52,49813
202115;11;1;1011301;2019;12;16;5;3;3;6;2;1;0;0;0;0;1;0;796789,3874;5828824,375;13,376;52,5285
202116;11;8;8010303;2019;12;16;5;3;5;3;2;1;1;0;0;0;0;0;801218,2685;5823891,147;13,43663;52,48185
202117;11;12;12302108;2019;12;16;5;3;6;4;1;0;1;1;0;0;0;1;793984,3339;5836609,779;13,34167;52,59981
202118;11;6;6040809;2019;12;15;5;3;3;6;2;0;1;0;0;0;0;1;791694,0818;5819361,861;13,29282;52,44642
202119;11;7;7050506;2019;12;15;5;3;5;3;1;0;1;0;0;0;0;1;798794,2461;5817120,118;13,39498;52,42249
202120;11;9;9010401;2019;12;15;5;3;5;3;2;0;1;0;0;0;0;1;806287,1719;5820685,277;13,5081;52,4503
202121;11;1;1011201;2019;12;14;5;3;1;5;0;0;1;0;0;0;0;0;796959,2071;5826717,16;13,37662;52,50951
202122;11;8;8010404;2019;12;20;5;3;6;7;2;0;0;1;0;0;1;1;802162,0545;5822786,82;13,44948;52,47143
202123;11;1;1033201;2019;12;13;5;3;0;5;0;0;1;0;1;0;0;1;798133,5315;5830932,121;13,39765;52,54666
202124;11;6;6030607;2019;12;13;5;3;2;2;0;0;1;0;0;0;0;1;790734,0305;5815384,22;13,27528;52,41127
202125;11;1;1044201;2019;12;12;5;3;5;3;0;1;1;0;0;0;0;1;796981,2124;5831508,988;13,38122;52,55246
202126;11;10;10040931;2019;12;12;5;3;5;3;0;1;1;0;0;0;0;1;812883,4335;5828217,38;13,61192;52,51406
202127;11;11;11040925;2019;12;12;5;3;0;1;0;0;0;0;1;0;0;1;803347,4837;5826400,71;13,47017;52,50316
202128;11;9;9010401;2019;12;12;5;2;5;2;1;1;0;0;0;1;0;0;805510,4034;5821508,895;13,49746;52,45811
202129;11;9;9010401;2019;12;11;5;3;8;1;0;0;1;0;0;0;0;1;805160,6007;5821478,466;13,4923;52,45804
202130;11;1;1011302;2019;12;11;5;3;5;3;0;0;1;0;1;0;0;1;798422,5354;5828389,824;13,39962;52,52371
202131;11;2;2010102;2019;12;10;5;3;0;5;0;0;1;0;0;0;0;0;798020,0674;5825846,159;13,39142;52,50113
202132;11;8;8020727;2019;12;10;5;2;2;6;0;0;1;0;0;1;0;0;800323,692;5816754,785;13,41708;52,41837
202133;11;9;9051901;2019;12;9;5;3;3;6;0;0;1;0;0;0;1;1;809662,1644;5821475,945;13,55834;52,45548
202134;11;2;2020203;2019;12;21;5;2;5;3;2;1;0;0;0;0;0;1;797270,4236;5824744,308;13,37943;52,49166
202135;11;1;1011401;2019;12;20;5;3;1;5;0;1;1;0;0;0;0;0;798411,2953;5829204,446;13,40018;52,53102
202136;11;8;8020619;2019;12;19;5;2;6;1;2;0;1;1;0;0;0;0;801386,2248;5821165,914;13,43663;52,45733
202137;11;5;5030730;2019;12;19;5;3;2;6;2;0;1;0;0;0;0;0;786933,0485;5829325,556;13,23155;52,53827
202138;11;6;6030503;2019;12;18;5;3;5;3;2;1;1;0;0;0;0;1;790633,8206;5817849,788;13,27595;52,43342
202139;11;2;2030301;2019;12;18;5;3;2;2;2;1;1;0;0;0;0;0;799585,3322;5826345,256;13,41486;52,50474
202140;11;3;3030715;2019;12;17;5;2;5;3;2;0;1;0;0;0;0;1;800942,4565;5833548,097;13,44132;52,56856
202141;11;3;3051017;2019;12;17;5;2;6;4;2;0;1;1;0;0;0;1;802768,8286;5832700,167;13,46741;52,55995
202142;11;4;4010102;2019;12;16;5;3;5;2;2;0;1;0;0;0;0;0;791662,481;5830679,232;13,30227;52,54789
202143;11;1;1011203;2019;12;8;5;3;5;3;0;0;1;0;0;0;1;1;798035,5457;5827401,85;13,39304;52,51506
202144;11;9;9010202;2019;12;7;5;3;3;5;0;0;0;0;1;0;1;1;803926,8566;5823420,803;13,47596;52,47613
202145;11;3;3040818;2019;12;7;5;3;5;2;0;0;1;0;0;0;0;1;799829,707;5831977,581;13,42353;52,5551
202146;11;3;3061430;2019;12;7;5;3;2;6;1;0;1;0;0;0;0;1;801743,1089;5830056,555;13,44992;52,53682
202147;11;6;6030504;2019;12;7;5;2;6;4;0;0;1;1;0;0;0;1;789635,1494;5817024,759;13,26059;52,42656
202148;11;1;1033201;2019;12;7;5;3;5;2;2;0;1;0;0;0;0;1;798079,604;5829993,131;13,39601;52,53827
202149;11;9;9051901;2019;12;6;5;3;4;6;2;1;0;0;0;0;0;1;810842,7494;5821379,93;13,57556;52,45395
202150;11;8;8041037;2019;12;6;5;3;6;2;1;0;0;1;0;0;1;1;805554,9697;5818554,595;13,49541;52,43161
202151;11;12;12231101;2019;12;6;5;3;2;6;2;0;1;0;0;0;0;1;790796,4762;5837635,442;13,29564;52,61072
202152;11;5;5020419;2019;12;5;5;3;6;2;2;0;0;1;0;0;1;1;781965,726;5828466,338;13,15777;52,53316
202153;11;9;9010301;2019;12;7;4;3;4;5;0;1;1;0;0;0;0;0;805009,2227;5822035,321;13,49058;52,46311
202154;11;3;3061332;2019;12;16;4;3;0;6;1;1;1;0;0;0;0;0;799838,7745;5830337,211;13,42218;52,54039
202155;11;8;8010303;2019;12;20;4;3;0;2;2;1;0;0;0;0;1;0;801016,2015;5823909,127;13,43368;52,48212
202156;11;12;12301204;2019;12;20;4;3;1;1;2;0;1;0;0;0;0;2;792799,7067;5836645,112;13,32426;52,60076
202157;11;3;3051017;2019;12;17;4;3;4;6;1;0;1;0;1;0;0;0;803002,7901;5832693,683;13,47084;52,55976
202158;11;1;1022104;2019;12;17;4;3;5;2;2;1;1;0;0;0;0;0;794557,1467;5828963,718;13,34332;52,53096
202159;11;6;6020410;2019;12;16;4;3;5;3;0;0;1;0;0;0;0;0;794572,3198;5817030,661;13,333;52,42397
202160;11;9;9020702;2019;12;16;4;3;6;4;2;0;1;1;0;0;0;0;809147,7501;5819247,428;13,54873;52,4358
202161;11;11;11010205;2019;12;16;4;3;5;2;2;0;1;0;0;0;0;0;806311,6164;5833876,903;13,5206;52,56851
202162;11;1;1033203;2019;12;15;4;3;5;3;0;0;1;0;0;0;0;1;796704,7573;5829874,17;13,3757;52,53795
202163;11;10;10010310;2019;12;15;4;3;2;2;1;0;1;0;0;0;0;0;809926,702;5831594,073;13,57163;52,54601
202164;11;4;4030930;2019;12;15;4;3;0;6;0;0;1;0;0;0;1;0;793113,9467;5825588,312;13,31913;52,50147
202165;11;5;5030730;2019;12;15;4;2;9;1;0;0;1;0;0;0;0;0;786354,6241;5829174,468;13,22291;52,53722
202166;11;5;5020523;2019;12;14;4;2;5;2;0;0;1;0;0;0;0;0;782380,0651;5827031,903;13,16265;52,52008
202167;11;7;7040404;2019;12;13;4;3;6;4;0;0;1;1;0;0;0;0;796246,7188;5820460,356;13,36059;52,45381
202168;11;4;4030417;2019;12;13;4;3;0;4;0;1;0;1;0;0;0;0;790963,2384;5826754,292;13,28855;52,51308
202169;11;1;1011305;2019;12;12;4;3;5;2;0;1;1;0;0;0;0;0;799652,4733;5827049,726;13,41648;52,51102
202170;11;8;8020622;2019;12;12;4;3;0;2;0;0;1;0;0;0;1;0;801301,8421;5819612,392;13,43399;52,44345
202171;11;3;3030715;2019;12;7;4;3;0;6;1;0;1;0;0;0;1;0;801257,2119;5833176,71;13,44561;52,56506
202172;11;9;9020701;2019;12;7;4;3;2;2;1;0;1;0;0;0;0;0;808256,1505;5818783,447;13,53523;52,43215
202173;11;4;4051655;2019;12;6;4;3;6;2;2;0;1;1;0;0;0;0;794037,9551;5823920,699;13,33123;52,48603
202174;11;12;12302107;2019;12;22;4;2;6;4;2;0;0;1;1;0;0;0;793876,3257;5836161,332;13,33968;52,59584
202175;11;1;1044201;2019;12;19;4;3;2;6;2;0;1;0;0;0;0;0;797027,7083;5831894,73;13,38225;52,55589
202176;11;1;1011204;2019;12;17;4;3;6;2;2;1;0;1;0;0;0;0;798933,7885;5827028,491;13,40591;52,51123
202177;11;4;4030415;2019;12;15;4;1;5;3;0;1;1;0;0;0;0;0;791668,6984;5827715,837;13,29976;52,52132
202178;11;9;9031001;2019;12;17;3;3;6;6;2;0;1;1;0;0;0;0;811098,4004;5814752,763;13,57315;52,39442
202179;11;12;12214125;2019;12;7;3;3;2;6;0;0;1;0;0;0;0;0;791157,6689;5830953,359;13,29509;52,55062
202180;11;1;1011203;2019;12;14;3;3;3;2;0;1;0;0;0;0;1;0;797624,154;5827015,504;13,38665;52,51183
202181;11;12;12214125;2019;12;11;3;2;6;7;0;0;1;1;0;1;1;0;790948,9186;5831297,816;13,29232;52,55382
202182;11;7;7060601;2019;12;16;3;3;6;7;2;0;0;1;0;0;1;0;796969,6893;5817198,859;13,3683;52,42419
202183;11;4;4041134;2019;12;15;3;3;2;6;1;0;1;0;0;0;1;0;790857,3676;5824367,407;13,28491;52,49174
202184;11;12;12231101;2019;12;15;3;3;2;2;1;0;1;0;0;0;0;0;791416,601;5838760,567;13,30576;52,62047
202185;11;1;1022201;2019;12;23;3;3;5;2;2;0;1;0;1;0;0;0;795136,5291;5829256,66;13,35209;52,53327
202186;11;7;7070705;2019;12;14;3;3;5;3;0;1;1;0;0;0;0;0;798504,5128;5814424,923;13,38833;52,39849
202187;11;4;4041137;2019;12;13;3;3;5;3;0;0;1;0;0;0;0;0;791500,2995;5823584,673;13,29367;52,48438
202188;11;7;7040403;2019;12;13;3;3;6;2;0;0;1;1;0;0;0;0;796909,9744;5822270,471;13,37193;52,46968
202189;11;11;11030720;2019;12;13;3;3;2;6;0;0;1;0;0;0;0;0;805466,1852;5830046,333;13,50464;52,53465
202190;11;11;11020412;2019;12;12;3;3;1;5;0;1;1;0;0;0;0;1;805065,5499;5831264,545;13,49987;52,5458
202191;11;9;9020701;2019;12;12;3;3;5;2;0;1;1;0;0;0;0;1;808195,1017;5819624,28;13,53511;52,43972
202192;11;1;1022104;2019;12;12;3;3;5;2;0;1;1;0;0;0;0;2;794560,926;5828649,015;13,34309;52,52813
202193;11;5;5020626;2019;12;11;3;3;1;5;0;0;1;0;1;0;0;0;784731,7563;5827528,153;13,19764;52,52331
202194;11;2;2020205;2019;12;10;3;3;1;5;0;0;1;0;0;0;0;1;798404,3908;5824235,123;13,39562;52,48648
202195;11;2;2030402;2019;12;10;3;3;6;7;0;0;1;1;0;0;0;0;801446,3196;5825783,902;13,44169;52,49869
202196;11;4;4051446;2019;12;9;3;2;5;2;0;1;1;0;0;0;0;0;792856,9563;5824324,29;13,31424;52,49028
202197;11;5;5010314;2019;12;10;3;3;2;6;0;0;1;0;0;0;0;1;785279,3079;5829297,45;13,20721;52,53888
202198;11;3;3040513;2019;12;9;3;3;1;5;0;0;1;0;0;0;1;0;796533,8556;5834281,079;13,37712;52,57755
202199;11;10;10040932;2019;12;8;3;3;7;7;0;1;0;0;0;0;0;0;813514,2539;5827712,331;13,62071;52,50917
202200;11;2;2020203;2019;12;22;3;3;5;3;2;1;1;0;0;0;0;1;797274,0707;5824525,628;13,37929;52,4897
202201;11;1;1022101;2019;12;20;3;3;5;2;2;0;1;0;0;0;0;0;793531,2317;5829122,974;13,32838;52,53294
202202;11;9;9020702;2019;12;20;3;3;5;2;2;0;1;0;0;0;0;1;809591,4453;5818925,247;13,55493;52,43266
202203;11;2;2020204;2019;12;19;3;3;6;4;2;0;1;1;0;0;0;0;798579,6693;5825333,125;13,39918;52,49622
202204;11;5;5010312;2019;12;19;3;3;1;5;2;0;1;0;0;0;0;0;785419,7596;5829254,915;13,20923;52,53843
202205;11;7;7040401;2019;12;19;3;3;1;5;2;0;1;0;0;0;0;0;797258,8816;5823155,629;13,37784;52,47743
202206;11;1;1011105;2019;12;19;3;3;5;3;2;0;1;0;1;0;0;0;796638,8341;5826891,645;13,37207;52,51125
202207;11;3;3040818;2019;12;18;3;3;2;6;2;0;1;0;0;0;0;0;799078,8515;5833211,976;13,4136;52,56657
202208;11;4;4030931;2019;12;17;3;3;1;5;2;1;1;0;0;0;0;1;793651,9682;5825790,761;13,32721;52,503
202209;11;6;6030502;2019;12;17;3;3;6;2;2;0;1;1;0;0;0;0;790225,7656;5815099,419;13,26758;52,40898
202210;11;1;1022104;2019;12;17;3;3;1;5;2;1;1;0;0;0;1;0;794555,5099;5828999,789;13,34332;52,53128
202211;11;8;8030829;2019;12;16;3;2;5;3;2;0;1;0;0;0;0;0;803517,2571;5818209,165;13,46521;52,42965
202212;11;6;6020301;2019;12;16;3;3;5;3;1;1;1;0;0;0;0;0;796782,6489;5818442,923;13,36666;52,43544
202213;11;4;4020208;2019;12;7;3;2;0;1;2;1;0;0;0;0;0;2;786899,8174;5825765,393;13,22799;52,50636
202214;11;7;7030301;2019;12;6;3;3;5;2;2;0;1;0;0;0;0;1;794244,893;5822030,269;13,3326;52,46897
202215;11;11;11020412;2019;12;4;3;3;0;2;2;1;0;0;0;0;1;1;806402,5552;5831228,444;13,51949;52,54472
202216;11;2;2040503;2019;12;16;3;3;6;4;2;0;1;1;0;0;0;0;801789,4375;5828403,545;13,4491;52,52198
202217;11;11;11030618;2019;12;0;3;2;9;1;2;0;1;0;0;0;0;1;802421,806;5828884,684;13,45883;52,52594
202218;11;1;1022104;2019;12;8;3;3;0;2;0;0;0;1;0;0;1;0;794587,3054;5828457,314;13,34331;52,5264
202219;11;6;6040810;2019;12;8;3;3;0;1;0;1;0;0;0;0;0;2;791835,7099;5821375,656;13,29666;52,46439
202220;11;4;4041137;2019;12;7;3;3;5;2;0;0;1;0;0;0;0;1;791263,8555;5823331,682;13,28998;52,48223
202221;11;3;3030406;2019;12;7;3;3;6;7;0;1;0;1;0;0;0;0;802771,2616;5837403,236;13,47174;52,6021
202222;11;4;4030415;2019;12;7;3;3;5;2;1;0;1;0;0;0;0;0;791662,2627;5827531,511;13,2995;52,51967
202223;11;12;12214125;2019;12;7;3;2;5;3;2;0;1;0;0;1;0;1;791934,0356;5831490,409;13,30698;52,55502
202224;11;12;12301203;2019;12;20;2;3;2;6;2;0;1;0;0;0;0;1;792879,4304;5835203,895;13,32416;52,5878
202225;11;9;9041402;2019;12;17;2;3;6;6;0;1;0;1;0;0;0;0;812169,7256;5820407,454;13,59412;52,44448
202226;11;1;1011201;2019;12;9;2;3;5;3;0;1;1;0;0;0;0;1;797156,7426;5826452,326;13,37928;52,50703
202227;11;8;8020622;2019;12;12;2;3;5;3;0;1;1;0;0;0;0;0;801498,8549;5820182,099;13,4374;52,44845
202228;11;5;5040936;2019;12;15;2;3;2;6;1;0;1;0;0;0;0;1;780537,6697;5820677,081;13,13021;52,46405
202229;11;12;12214527;2019;12;21;2;3;6;4;2;0;1;1;0;0;0;1;789937,3655;5834933,351;13,28062;52,58695
202230;11;6;6010204;2019;12;20;2;3;0;7;2;1;1;0;0;0;0;1;795771,3135;5820232,715;13,35341;52,45203
202231;11;11;11030720;2019;12;19;2;3;3;6;2;0;1;0;0;0;0;1;805489,7928;5830034,126;13,50497;52,53453
202232;11;2;2020203;2019;12;19;2;3;6;2;2;0;1;1;0;0;0;1;797524,6395;5824016,367;13,38251;52,485
202233;11;7;7040403;2019;12;19;2;3;6;2;2;0;1;1;0;0;0;1;797856,102;5821887,806;13,38548;52,46574
202234;11;5;5030730;2019;12;20;2;3;2;6;0;0;1;0;0;0;0;1;785753,5601;5829284,845;13,21417;52,53852
202235;11;9;9020502;2019;12;19;2;3;5;2;2;0;1;0;1;0;0;1;807093,507;5821912,882;13,52105;52,46085
202236;11;2;2050602;2019;12;5;2;3;0;6;2;0;1;0;1;0;0;1;802215,6652;5827742,066;13,45477;52,51581
202237;11;3;3071537;2019;12;18;4;3;5;3;2;1;1;0;0;0;0;0;799723,33;5830079,385;13,42025;52,53814
202238;11;7;7060601;2019;12;18;2;3;6;2;2;0;1;1;0;0;0;1;797292,8614;5817293,395;13,37312;52,42486
202239;11;12;12214421;2019;12;18;2;2;6;2;2;0;0;1;0;0;1;1;793384,2665;5833150,017;13,32977;52,56912
202240;11;6;6010205;2019;12;17;4;3;5;2;2;0;1;0;0;0;0;0;795329,8552;5819980,902;13,34671;52,45001
202241;11;8;8010301;2019;12;17;4;3;5;2;2;1;1;0;0;0;0;0;800912,8102;5824454,712;13,43265;52,48707
202242;11;12;12302108;2019;12;18;2;2;6;2;2;0;1;1;0;0;0;1;793947,0428;5836638,71;13,34115;52,60009
202243;11;8;8010301;2019;12;18;2;3;6;4;2;0;1;1;0;0;0;1;800788,5364;5824329,815;13,43072;52,48602
202244;11;3;3071536;2019;12;17;4;2;9;1;2;0;1;0;0;0;0;0;799221,0843;5829275,631;13,41215;52,53121
202245;11;7;7030303;2019;12;17;4;3;5;2;2;1;1;0;0;0;0;0;794664,6966;5821802,186;13,33856;52,4667
202246;11;6;6020409;2019;12;17;2;3;5;2;2;0;1;0;0;0;0;1;793834,7012;5817555,716;13,32264;52,42908
202247;11;4;4030931;2019;12;13;4;3;2;6;0;1;1;0;0;0;1;0;794393,8737;5825715,429;13,33804;52,50192
202248;11;8;8030830;2019;12;17;2;3;5;2;2;0;1;0;0;0;1;1;802367,0667;5817759,78;13,44794;52,42626
202249;11;4;4020311;2019;12;11;4;3;2;6;0;0;1;0;0;0;0;0;789033,737;5827002,942;13,26041;52,51633
202250;11;9;9030902;2019;12;10;4;3;5;3;0;0;1;0;0;0;0;0;808171,4997;5815764,214;13,5312;52,40514
202251;11;7;7060603;2019;12;17;2;2;2;2;2;0;1;0;0;1;0;1;798664,0895;5816173,758;13,39223;52,41407
202252;11;7;7010102;2019;12;17;2;3;5;3;2;0;1;0;0;0;1;1;794975,077;5825092,064;13,34603;52,49602
202253;11;9;9051901;2019;12;10;4;3;6;7;0;0;1;1;0;0;0;1;811007,6184;5821782,102;13,57836;52,45746
202254;11;5;5020419;2019;12;9;4;3;0;1;0;0;0;0;1;0;0;0;781822,2934;5828434,944;13,15564;52,53295
202255;11;6;6020409;2019;12;17;2;3;2;6;2;0;1;0;0;0;0;1;794058,7438;5818770,204;13,327;52,43984
202256;11;1;1011101;2019;12;23;3;3;2;6;2;0;1;0;0;0;0;0;795255,9593;5826623,408;13,35151;52,5096
202257;11;8;8010301;2019;12;23;3;2;6;4;2;0;1;1;0;0;0;0;800972,5976;5824759,314;13,43381;52,48977
202258;11;3;3051022;2019;12;16;2;2;5;2;2;0;1;0;1;0;0;1;803000,61;5832007,154;13,47019;52,55361
202259;11;3;3020307;2019;12;16;2;3;5;3;2;0;1;0;0;0;1;1;799473,9816;5837476,866;13,42327;52,60458
202260;11;9;9010401;2019;12;20;3;3;5;2;2;1;1;0;0;0;0;0;806271,103;5820979,265;13,50813;52,45294
202261;11;6;6040808;2019;12;19;3;3;2;2;2;0;1;0;0;0;0;0;790146,4542;5819658,216;13,27037;52,4499
202262;11;5;5020523;2019;12;19;3;3;5;2;2;1;1;0;0;0;0;0;782383,2309;5827031,024;13,16269;52,52007
202263;11;10;10020622;2019;12;17;3;3;2;6;2;1;1;0;0;0;0;0;811181,1966;5829153,071;13,58779;52,52342
202264;11;4;4041137;2019;12;16;3;3;2;6;2;0;1;0;0;0;0;0;791660,1125;5823712,92;13,29613;52,48544
202265;11;4;4030622;2019;12;15;2;3;1;5;1;1;1;0;0;0;0;1;791927,2357;5827194,875;13,3031;52,51651