OBJECTID;LAND;BEZ;LOR;UJAHR;UMONAT;USTUNDE;UWOCHENTAG;UKATEGORIE;UART;UTYP1;ULICHTVERH;IstRad;IstPKW;IstFuss;IstKrad;IstGkfz;IstSonstige;USTRZUSTAND;LINREFX;LINREFY;XGCSWGS84;YGCSWGS84
202266;11;8;8041036;2019;12;16;2;3;6;2;2;0;1;1;0;0;0;1;804868,9026;5817569,233;13,48445;52,42316
202267;11;1;1011305;2019;12;16;3;3;5;3;2;1;1;0;0;0;0;0;799131,1392;5827129,004;13,40889;52,51202
202268;11;10;10020622;2019;12;16;2;3;2;6;2;0;1;0;0;0;0;1;811203,6465;5828909,677;13,58789;52,52122
202269;11;6;6020306;2019;12;16;3;3;5;3;2;0;1;0;0;0;0;1;796880,8037;5817491,449;13,36726;52,42686
202270;11;4;4030725;2019;12;15;2;3;5;3;1;1;1;0;0;0;0;1;791761,8948;5826439,524;13,30001;52,50983
202271;11;4;4051447;2019;12;15;2;3;5;3;0;0;1;0;0;0;0;0;793289,235;5824602,429;13,32083;52,49254
202272;11;5;5010208;2019;12;16;3;2;6;4;2;0;1;1;0;0;0;0;784009,3788;5830505,634;13,18956;52,55038
202273;11;2;2050801;2019;12;13;2;3;5;2;0;0;1;0;1;0;0;0;803426,9667;5826923,135;13,47182;52,5078
202274;11;1;1011302;2019;12;13;2;3;1;5;0;1;0;0;0;1;0;0;798951,1119;5828949,217;13,40789;52,52843
202275;11;1;1022103;2019;12;12;2;3;2;6;0;0;1;0;0;0;1;0;793505,6406;5829361,697;13,32821;52,53509
202276;11;10;10010308;2019;12;10;3;2;0;7;1;1;0;0;0;0;0;0;806554,6955;5830221,092;13,5208;52,53561
202277;11;12;12103218;2019;12;5;3;3;6;2;2;0;1;1;0;0;0;0;794947,1876;5833094,492;13,35272;52,56777
202278;11;8;8030831;2019;12;11;2;3;0;3;0;0;1;0;1;0;0;1;803350,5371;5817401,044;13,46204;52,4225
202279;11;4;4051551;2019;12;11;2;3;2;6;0;0;1;0;1;0;0;0;793349,4737;5823003,373;13,32031;52,47817
202280;11;7;7020201;2019;12;15;3;3;5;2;0;1;1;0;0;0;0;0;794934,4837;5824320,312;13,34475;52,48913
202281;11;10;10040932;2019;12;11;2;2;5;3;0;0;1;0;0;0;0;0;812270,0629;5827748,525;13,60247;52,51021
202282;11;3;3040508;2019;12;9;2;2;4;6;0;0;1;0;0;0;0;0;795926,0107;5836461,342;13,37012;52,59742
202283;11;7;7070704;2019;12;15;3;3;5;2;0;1;1;0;0;0;0;0;799931,2509;5814007,693;13,40887;52,39397
202284;11;7;7070705;2019;12;13;3;3;5;3;0;1;1;0;0;0;0;1;799251,7202;5812641,973;13,39769;52,3821
202285;11;2;2010102;2019;12;9;2;3;5;2;0;1;1;0;0;0;0;0;798401,5808;5826418,732;13,39754;52,50605
202286;11;9;9041302;2019;12;9;2;3;1;5;0;0;1;0;0;0;0;0;812153,7452;5817822,522;13,59147;52,42133
202287;11;6;6040703;2019;12;13;3;3;0;1;0;1;0;0;0;0;0;1;786768,0943;5817058,025;13,21857;52,42837
202288;11;10;10020413;2019;12;13;3;3;5;3;0;1;1;0;0;0;0;0;811113,234;5831265,985;13,58877;52,54239
202289;11;3;3030715;2019;12;7;2;2;5;3;1;1;0;0;0;0;1;1;800812,6694;5833502,985;13,43937;52,56823
202290;11;4;4041344;2019;12;7;2;3;5;3;2;1;1;0;0;0;0;0;793378,2099;5821960,191;13,31982;52,46881
202291;11;8;8010302;2019;12;6;2;3;5;3;1;1;0;0;0;0;1;0;801396,7215;5824766,876;13,44004;52,4896
202292;11;4;4051550;2019;12;13;3;3;5;3;0;1;0;0;0;0;0;0;793018,4882;5824224,464;13,31653;52,4893
202293;11;8;8010405;2019;12;6;2;3;5;3;2;1;1;0;0;0;0;0;802116,7599;5823637,627;13,44959;52,47908
202294;11;4;4031032;2019;12;12;3;3;5;2;0;0;1;0;0;0;0;0;790960,3925;5824830,286;13,28683;52,49583
202295;11;9;9051901;2019;12;6;2;3;5;2;2;1;0;0;0;0;1;1;809660,8491;5821507,81;13,55835;52,45577
202296;11;11;11020412;2019;12;6;2;3;5;3;2;0;1;0;0;0;0;0;805619,8521;5831775,87;13,50849;52,55007
202297;11;2;2010101;2019;12;12;3;3;0;2;0;1;1;0;0;0;0;0;797766,0186;5826038,61;13,38786;52,50299
202298;11;3;3030711;2019;12;15;2;3;5;3;1;0;1;0;0;0;1;1;801612,6072;5836130,641;13,45353;52,59133
202299;11;1;1044203;2019;12;20;1;3;2;6;2;0;1;0;0;0;1;1;795356,2155;5831471,996;13,35729;52,55301
202300;11;1;1044201;2019;12;18;1;3;3;6;2;0;1;0;0;0;0;1;795685,2011;5830919,635;13,36164;52,54788
202301;11;5;5030832;2019;12;11;3;2;6;7;0;0;1;1;0;0;0;0;789557,4838;5829274,423;13,27009;52,53642
202302;11;11;11040926;2019;12;11;3;3;5;3;0;1;1;0;0;0;0;0;806133,5019;5826708,193;13,51137;52,50436
202303;11;7;7010102;2019;12;18;1;3;2;6;2;0;1;0;0;0;0;1;794982,5379;5825666,213;13,34664;52,50117
202304;11;8;8010211;2019;12;18;1;3;5;7;2;0;1;0;0;0;1;0;800427,9307;5823790,276;13,42494;52,48138
202305;11;4;4020312;2019;12;9;3;3;5;3;0;0;1;0;0;0;0;1;789790,5298;5827130,704;13,27165;52,51708
202306;11;8;8020727;2019;12;9;3;3;5;2;0;0;1;0;0;0;0;1;801025,6085;5817070,168;13,42765;52,42082
202307;11;3;3040614;2019;12;17;1;3;6;4;2;0;1;1;0;0;0;1;798075,0079;5833617,85;13,3992;52,57076
202308;11;1;1011104;2019;12;16;1;3;5;3;2;0;1;0;0;0;0;1;796361,2234;5826128,432;13,36731;52,50456
202309;11;9;9030901;2019;12;9;3;3;5;3;0;1;1;0;0;0;0;1;807475,517;5817763,674;13,52284;52,42345
202310;11;5;5010314;2019;12;16;1;3;3;6;2;0;1;0;0;0;0;1;784965,0468;5829420,677;13,20269;52,54015
202311;11;6;6040804;2019;12;16;1;3;1;5;2;0;1;0;0;0;0;1;787545,1608;5817948,633;13,23073;52,43594
202312;11;4;4030929;2019;12;8;3;3;0;2;0;0;1;0;1;0;0;1;792628,7063;5825452,597;13,31188;52,50052
202313;11;8;8010404;2019;12;7;3;3;6;2;2;0;1;1;0;0;0;1;802575,2636;5823075,119;13,45581;52,47378
202314;11;3;3030406;2019;12;15;1;3;5;3;1;0;1;0;0;0;0;1;802746,0143;5839064,296;13,47289;52,617
202315;11;6;6040703;2019;12;15;1;3;3;6;0;0;1;0;0;0;0;1;787136,364;5817205,235;13,2241;52,42949
202316;11;4;4030415;2019;12;13;1;3;5;5;0;0;1;0;0;0;0;1;790894,4118;5827398,827;13,2881;52,51889
202317;11;8;8020727;2019;12;8;3;3;6;4;0;0;1;1;0;0;0;1;801399,6034;5816472,148;13,4326;52,41525
202318;11;7;7040406;2019;12;14;1;3;3;6;0;0;1;0;0;0;0;1;799941,1212;5821288,483;13,41554;52,45922
202319;11;12;12302109;2019;12;7;3;3;2;2;0;0;1;0;1;0;0;1;795748,4464;5837039,458;13,36803;52,6027
202320;11;5;5020626;2019;12;3;1;2;9;1;2;0;1;0;0;0;0;1;783343,6931;5827676,568;13,17736;52,52536
202321;11;8;8010118;2019;12;3;1;3;9;1;2;0;1;0;0;0;0;0;800986,1042;5822152,949;13,43165;52,4664
202322;11;10;10040933;2019;12;7;3;3;5;2;0;0;1;0;0;0;1;1;812367,08;5823889,438;13,60027;52,47557
202323;11;9;9010402;2019;12;7;3;3;6;4;2;0;1;1;0;0;0;1;806310,3664;5819359,833;13,50722;52,43841
202324;11;3;3071638;2019;12;7;1;3;0;7;0;0;0;0;1;0;1;1;799927,4026;5829773,176;13,42298;52,53528
202325;11;10;10040828;2019;12;6;3;3;4;6;2;1;1;0;0;0;0;1;810803,0001;5827999,807;13,58115;52,5133
202326;11;12;12231101;2019;12;0;1;2;6;4;2;0;1;1;0;0;0;1;791323,9478;5838650,71;13,3043;52,61953
202327;11;7;7060604;2019;12;17;7;2;5;2;2;0;1;0;0;0;0;0;796580,0896;5815865,638;13,36141;52,41245
202328;11;7;7040401;2019;12;9;3;2;6;3;0;0;0;1;0;0;1;0;797669,2802;5823706,617;13,38436;52,48214
202329;11;11;11030619;2019;12;16;3;1;6;4;2;0;1;1;0;0;0;0;803670,0861;5829760,393;13,47798;52,5331
202330;11;5;5030730;2019;12;17;7;2;1;5;2;0;1;0;0;0;0;1;786573,5141;5829238,387;13,22618;52,53767
202331;11;7;7070703;2019;12;17;7;3;6;4;2;0;1;1;0;0;0;1;799785,6457;5813184,283;13,406;52,38666
202332;11;12;12224230;2019;12;11;3;1;9;1;0;0;1;0;0;0;0;0;785293,5202;5837213,182;13,21423;52,60985
202333;11;3;3040614;2019;12;17;2;3;4;5;0;0;1;0;0;0;1;0;798159,0104;5833059,991;13,39993;52,56571
202334;11;10;10010203;2019;12;17;7;3;6;4;2;0;0;1;0;0;1;1;807573,7186;5830747,262;13,53626;52,53975
202335;11;12;12231101;2019;12;17;7;2;5;2;2;0;1;0;1;0;0;1;791746,104;5839573,717;13,31133;52,62758
202336;11;3;3030711;2019;12;6;2;3;2;6;2;0;1;0;0;0;0;0;801679,1148;5835903,412;13,4543;52,58926
202337;11;5;5030730;2019;12;16;7;3;2;6;2;0;1;0;0;0;0;0;785679,5196;5829271,477;13,21307;52,53844
202338;11;1;1022102;2019;12;23;2;3;2;6;2;0;1;0;0;0;0;1;793556,3558;5828903,393;13,32855;52,53095
202339;11;7;7070701;2019;12;15;7;3;5;3;0;0;1;0;0;0;0;0;799283,2933;5814284,552;13,39962;52,3968
202340;11;10;10030727;2019;12;21;7;3;2;6;2;0;1;0;0;0;0;1;809546,6322;5826922,748;13,5617;52,50436
202341;11;4;4020311;2019;12;21;2;2;0;1;2;1;0;0;0;0;0;1;788237,1276;5827767,504;13,24937;52,52361
202342;11;1;1044202;2019;12;21;2;3;5;3;2;0;1;0;0;0;0;1;795610,5665;5830517,203;13,36018;52,54431
202343;11;4;4051655;2019;12;20;7;2;6;4;2;0;1;1;0;0;0;1;794032,5483;5823103,229;13,33043;52,4787
202344;11;3;3020210;2019;12;12;7;3;0;5;0;0;1;0;0;0;1;1;798611,5759;5835825,711;13,40908;52,59026
202345;11;12;12304313;2019;12;21;2;3;6;2;2;0;1;1;0;0;0;1;791659,0069;5834473,814;13,30556;52,58191
202346;11;2;2020205;2019;12;20;2;3;0;1;2;1;0;0;0;0;0;1;798763,1928;5824008,528;13,40069;52,48425
202347;11;4;4030931;2019;12;11;7;3;6;4;0;0;1;1;0;0;0;1;794317,8454;5825929,701;13,33711;52,50389
202348;11;12;12214527;2019;12;11;7;3;5;2;0;0;1;0;0;0;0;0;790132,7849;5835779,824;13,28424;52,59443
202349;11;4;4030931;2019;12;19;2;3;5;7;2;1;1;0;0;0;0;1;794367,2447;5825669,281;13,33761;52,50153
202350;11;1;1033201;2019;12;19;2;3;6;2;2;0;1;1;0;0;0;1;797906,4966;5830317,153;13,39376;52,54127
202351;11;4;4030931;2019;12;11;7;3;2;6;0;0;1;0;0;0;0;1;793923,3475;5825761,264;13,33117;52,50259
202352;11;8;8010404;2019;12;6;7;3;6;2;2;0;1;1;0;0;0;1;802023,5427;5823481,873;13,44808;52,47774
202353;11;5;5020524;2019;12;4;7;3;5;3;2;0;1;0;0;0;0;1;783046,096;5826061,55;13,17161;52,51103
202354;11;4;4030623;2019;12;16;2;3;3;6;2;1;1;0;0;0;0;0;793650,0796;5826067,466;13,32743;52,50548
202355;11;6;6030610;2019;12;7;2;3;5;2;1;0;1;0;0;0;1;0;792007,6047;5818957,345;13,29707;52,44262
202356;11;4;4041343;2019;12;9;7;3;5;2;0;1;1;0;0;0;0;1;792667,5784;5823054,809;13,31035;52,479
202357;11;1;1011201;2019;12;1;7;3;8;1;2;0;1;0;0;0;0;1;796974,6614;5826705,424;13,37683;52,5094
202358;11;1;1044201;2019;12;9;2;3;0;3;0;0;1;0;1;0;0;0;796336,7568;5831650,034;13,37187;52,55407
202359;11;2;2010102;2019;12;6;2;3;5;3;2;0;1;0;0;0;1;0;798346,9798;5825549,214;13,39596;52,49829
202360;11;11;11041023;2019;12;19;7;2;6;4;2;0;1;1;0;0;0;1;806840,3518;5827740,414;13,5227;52,51322
202361;11;8;8010118;2019;12;19;7;3;5;3;2;0;1;0;0;0;1;1;801090,3293;5821972,964;13,43302;52,46473
202362;11;9;9020701;2019;12;5;2;3;5;3;2;1;1;0;0;0;0;1;807641,3515;5819358,644;13,52674;52,43765
202363;11;1;1044201;2019;12;19;7;3;5;2;2;0;1;0;0;0;0;1;796693,4257;5831634,478;13,3771;52,55374
202364;11;1;1044101;2019;12;18;2;3;3;6;2;1;1;0;0;0;0;1;794889,2155;5831280,14;13,35025;52,55154
202365;11;2;2010102;2019;12;18;7;3;2;6;2;0;1;0;1;0;0;1;798201,1233;5826382,696;13,39456;52,50584
202366;11;8;8010404;2019;12;18;7;3;1;5;2;1;1;0;0;0;0;1;802070,3494;5823442,089;13,44873;52,47735
202367;11;6;6020305;2019;12;18;2;3;2;6;2;0;1;0;1;0;0;0;795411,998;5817614,535;13,34583;52,42876
202368;11;12;12214424;2019;12;17;2;3;5;3;2;1;1;0;0;0;0;1;792559,8661;5832822,093;13,31736;52,56662
202369;11;11;11040926;2019;12;18;7;3;2;6;2;0;1;0;0;0;0;1;806340,8124;5826853,462;13,51455;52,50555
202370;11;8;8010211;2019;12;18;7;3;2;6;2;0;1;0;0;0;0;0;800897,2038;5823846,951;13,43188;52,48163
202371;11;1;1044102;2019;12;17;2;3;5;7;2;0;1;0;1;0;0;1;795310,281;5832243,637;13,3573;52,55995
202372;11;11;11010310;2019;12;17;2;3;2;6;2;0;1;0;0;0;0;1;805745,3024;5833555,975;13,51197;52,56595
202373;11;5;5010339;2019;12;18;7;3;5;2;2;1;1;0;0;0;0;1;787938,6055;5827887,629;13,24509;52,52484
202374;11;2;2020203;2019;12;20;6;3;6;4;2;0;0;1;0;0;1;0;797505,209;5824003,044;13,38221;52,48489
202375;11;10;10010311;2019;12;16;2;3;2;6;2;0;1;0;0;0;0;2;810356,8533;5831816,03;13,57816;52,54775
202376;11;9;9030901;2019;12;20;6;3;6;4;2;0;0;1;0;0;1;1;807701,3701;5817727,85;13,52612;52,423
202377;11;8;8041037;2019;12;14;2;2;0;3;0;0;0;0;1;0;1;1;805256,4531;5817385,557;13,48996;52,4213
202378;11;2;2020204;2019;12;13;2;3;2;6;0;0;1;0;0;0;0;0;798322,6994;5825114,179;13,39521;52,4944
202379;11;12;12224230;2019;12;20;6;2;4;6;2;1;0;0;0;0;0;0;787228,2787;5836084,627;13,24174;52,59871
202380;11;3;3071639;2019;12;12;2;3;9;1;0;0;1;0;0;0;1;1;800914,6622;5829196,318;13,43697;52,52957
202381;11;7;7010102;2019;12;16;6;3;6;4;2;1;0;1;0;0;0;1;795079,1756;5825806,797;13,34819;52,50237
202382;11;4;4051549;2019;12;9;2;3;2;6;0;0;1;0;0;0;0;0;793311,5968;5823898,701;13,32054;52,48622
202383;11;10;10010308;2019;12;18;1;3;5;3;2;0;1;0;0;0;1;1;806330,9182;5830178,569;13,51747;52,53535
202384;11;6;6030609;2019;12;17;6;3;6;2;2;0;1;1;0;0;0;1;793263,586;5819084,045;13,31561;52,44309
202385;11;12;12302212;2019;12;17;6;3;6;4;2;0;1;1;0;0;0;1;793386,013;5837768,309;13,33389;52,61051
202386;11;4;4051446;2019;12;2;1;3;5;3;2;0;1;0;0;0;0;1;793075,724;5825004,254;13,31805;52,49626
202387;11;9;9052001;2019;12;17;6;3;6;4;2;0;1;1;0;0;0;1;811039,3435;5821968,707;13,579;52,45912
202388;11;1;1011402;2019;12;17;6;3;0;2;2;0;1;1;0;0;0;1;798310,1139;5829387,754;13,39886;52,53272
202389;11;12;12103219;2019;12;17;6;3;6;2;2;0;1;1;0;0;0;1;795612,3387;5833076,894;13,36249;52,56725
202390;11;3;3050924;2019;12;17;6;3;6;4;2;0;1;1;0;0;0;1;801392,584;5831509,618;13,44609;52,55004
202391;11;4;4051551;2019;12;15;6;3;5;2;1;1;1;0;0;0;0;1;793334,31;5823067,532;13,32015;52,47876
202392;11;8;8041040;2019;12;17;1;2;1;5;2;0;1;0;0;1;0;1;805892,7135;5816925,332;13,49887;52,41682
202393;11;4;4041344;2019;12;19;1;3;5;3;2;1;1;0;0;0;0;1;792819,0727;5821879,015;13,31154;52,46838
202394;11;10;10010310;2019;12;16;6;3;5;3;2;1;1;0;0;0;0;1;809874,8432;5831436,647;13,57072;52,54463
202395;11;8;8020727;2019;12;16;6;3;2;6;2;0;1;0;0;0;0;1;801212,7906;5817164,724;13,43048;52,42156
202396;11;6;6030609;2019;12;16;6;3;8;1;2;0;1;0;0;0;0;1;793030,9625;5818150,574;13,31138;52,43484
202397;11;12;12214125;2019;12;19;1;3;2;6;2;0;1;0;0;0;0;0;791176,3407;5830884,699;13,2953;52,54999
202398;11;1;1044201;2019;12;16;6;3;2;6;2;0;1;0;0;0;1;1;796461,0561;5831649,509;13,3737;52,554
202399;11;6;6040807;2019;12;17;1;3;5;3;2;0;1;0;0;0;0;1;789719,2386;5818444,227;13,26305;52,43924
202400;11;6;6030503;2019;12;12;6;2;2;7;0;0;1;0;0;0;0;1;791014,0188;5818627,909;13,28221;52,4402
202401;11;9;9051901;2019;12;22;6;3;6;2;2;0;1;1;0;0;0;1;812066,9852;5821206,835;13,59336;52,4517
202402;11;6;6040804;2019;12;17;1;3;6;7;2;1;0;1;0;0;0;1;787629,3641;5818129,555;13,23212;52,43752
202403;11;2;2010103;2019;12;21;6;3;6;2;2;0;1;1;0;0;0;1;799032,7271;5826075,067;13,4065;52,50263
202404;11;4;4030519;2019;12;20;6;3;5;7;2;0;1;0;0;0;1;1;792357,4517;5828664,444;13,31072;52,52946
202405;11;10;10010310;2019;12;19;6;3;2;6;2;0;1;0;0;0;0;1;809496,3944;5831430,625;13,56515;52,54479
202406;11;4;4010101;2019;12;16;1;3;5;3;2;0;1;0;0;0;0;0;791209,4445;5829731,007;13,29478;52,53963
202407;11;9;9020701;2019;12;19;6;3;5;3;2;0;1;0;0;0;0;1;807709,5473;5818115,241;13,5266;52,42647
202408;11;6;6010207;2019;12;19;6;3;5;3;2;0;1;0;0;0;0;1;793470,5239;5820167,247;13,31959;52,45268
202409;11;8;8010301;2019;12;14;1;3;5;3;0;1;1;0;0;0;0;1;800548,8694;5824778,16;13,4276;52,49017
202410;11;8;8010214;2019;12;19;6;3;2;6;2;0;1;0;0;0;0;1;801757,9517;5822043,234;13,44288;52,46499
202411;11;8;8041038;2019;12;14;1;2;5;2;0;0;1;0;0;0;0;1;806239,8661;5816367,322;13,50345;52,41162
202412;11;7;7020203;2019;12;19;6;3;0;4;2;1;0;1;0;0;0;1;795024,2116;5823837,194;13,34564;52,48475
202413;11;4;4020310;2019;12;18;6;3;2;6;2;0;1;0;0;0;0;1;790570,5711;5827354,22;13,28331;52,51867
202414;11;4;5030833;2019;12;13;1;3;2;6;0;0;1;0;0;0;0;1;790385,3998;5829032,04;13,28205;52,53381
202415;11;12;12214125;2019;12;11;1;3;5;2;0;0;1;0;0;0;0;1;791167,2519;5834028,102;13,29793;52,57818
202416;11;12;12304314;2019;12;18;6;3;6;4;2;0;1;1;0;0;0;1;791262,756;5836437,614;13,30145;52,59973
202417;11;4;4031032;2019;12;18;6;3;0;7;2;0;1;0;0;0;0;1;791588,2801;5825300,547;13,29646;52,49971
202418;11;9;9010401;2019;12;6;1;3;8;1;2;0;1;0;0;0;0;2;805509,3872;5821509,585;13,49744;52,45812
202419;11;4;4030623;2019;12;5;1;3;9;1;2;0;1;0;0;0;0;1;793516,7098;5826486,229;13,32584;52,50931
202420;11;4;4041241;2019;12;18;6;2;6;4;2;1;0;1;0;0;0;1;791528,3914;5822489,752;13,29312;52,47455
202421;11;5;5030833;2019;12;16;6;2;6;2;2;0;1;1;0;0;0;1;789210,131;5829267,959;13,26498;52,53655
202422;11;4;4030929;2019;12;16;6;2;0;7;2;1;0;0;0;0;0;1;792660,2197;5825767,023;13,31262;52,50332
202423;11;9;9041301;2019;12;5;1;3;9;1;2;0;1;0;0;0;0;1;813786,8915;5818810,987;13,61634;52,42925
202424;11;2;2050801;2019;12;14;6;3;5;3;0;0;1;0;0;0;0;1;802556,1195;5827390,821;13,45945;52,51248
202425;11;1;1011304;2019;12;1;1;2;5;3;2;1;1;0;0;0;0;1;799730,1518;5827539,762;13,41807;52,51537
202426;11;9;9030902;2019;12;14;6;3;5;2;0;1;1;0;0;0;0;1;807990,7561;5815469,408;13,52828;52,40259
202427;11;4;4041134;2019;12;10;6;3;5;3;0;1;1;0;0;0;0;1;790282,5033;5824205,667;13,27633;52,49059
202428;11;3;3030715;2019;12;12;1;3;2;6;0;0;1;0;0;0;0;0;801100,5334;5834663,613;13,44466;52,57847
202429;11;11;11040926;2019;12;9;6;3;5;3;0;0;1;0;0;0;0;1;804690,2383;5826668,96;13,49014;52,50482
202430;11;4;4041136;2019;12;9;6;3;6;4;0;0;1;1;0;0;0;1;790695,9009;5822714,865;13,2811;52,47701
202431;11;8;8010213;2019;12;8;6;3;5;7;0;1;1;0;0;0;0;0;801172,7026;5822731,32;13,43491;52,47148
202432;11;11;11030720;2019;12;0;1;1;6;4;2;0;1;1;0;0;0;1;806129,6254;5830144,447;13,51448;52,53516
202433;11;8;8010302;2019;12;14;7;2;5;7;0;0;1;0;1;0;0;1;801545,281;5824656,689;13,44212;52,48853
202434;11;2;2020206;2019;12;8;6;3;0;1;0;1;0;0;0;0;0;0;800154,1611;5824656,594;13,4217;52,4893
202435;11;8;8041036;2019;12;14;2;3;5;3;0;0;1;0;0;0;0;0;805259,2708;5817236,945;13,48987;52,41997
202436;11;8;8010211;2019;12;13;2;3;1;5;0;1;1;0;0;0;0;0;800712,8859;5823798,449;13,42913;52,4813
202437;11;12;12103117;2019;12;11;2;3;5;3;0;0;1;0;0;0;0;0;796698,9583;5833013,311;13,37842;52,56609
202438;11;8;8010303;2019;12;10;2;3;5;2;0;0;1;0;1;0;0;0;801020,6419;5823900,756;13,43374;52,48204
202439;11;4;4010102;2019;12;8;2;3;6;4;0;0;0;1;1;0;0;0;792767,3422;5830589,59;13,31844;52,54649
202440;11;6;6020410;2019;12;21;2;2;5;3;2;0;1;0;0;1;0;0;794482,9597;5816586,098;13,3313;52,42004
202441;11;9;9020501;2019;12;6;2;2;0;1;2;1;0;0;0;0;0;0;806522,6645;5822605,728;13,51332;52,46738
202442;11;8;8030831;2019;12;16;1;3;6;7;2;0;1;1;0;0;0;0;803392,0594;5817533,829;13,46277;52,42367
202443;11;11;11040925;2019;12;15;1;3;5;3;0;0;1;0;0;0;0;0;803410,3577;5826620,938;13,4713;52,5051
202444;11;4;4041238;2019;12;14;1;3;2;6;0;0;1;0;0;0;0;0;791685,308;5823702,264;13,29649;52,48533
202445;11;6;6020303;2019;12;4;1;3;5;3;2;0;1;0;0;0;0;0;795662,8328;5818244,407;13,35006;52,43427
202446;11;4;4030827;2019;12;2;1;3;1;5;2;0;1;0;0;0;0;0;792139,7349;5826114,513;13,30528;52,50671
202447;11;11;11010205;2019;12;21;7;2;6;4;2;0;1;1;0;0;0;0;806882,0673;5832599,053;13,5278;52,55674
202448;11;1;1011302;2019;12;21;7;3;1;5;2;0;1;0;0;0;1;0;798641,4761;5828885,229;13,40328;52,52803
202449;11;8;8010510;2019;12;20;7;3;2;2;2;0;1;0;0;0;0;1;803172,2454;5821961,847;13,46356;52,46348
202450;11;1;1044201;2019;12;17;7;3;6;7;2;0;1;1;0;0;0;0;796836,9495;5831562,889;13,37915;52,55302
202451;11;1;1022205;2019;12;16;7;3;0;1;2;1;0;0;0;0;0;0;795998,1443;5828687,65;13,36425;52,5277
202452;11;7;7040405;2019;12;17;7;3;6;4;2;0;1;1;0;0;0;0;798020,0347;5821181,453;13,38725;52,45931
202453;11;2;2040502;2019;12;15;7;3;6;3;0;1;0;1;0;0;0;0;800734,159;5828488,312;13,43367;52,52332
202454;11;6;6010205;2019;12;14;7;3;6;4;0;0;1;1;0;0;0;0;795879,6559;5819859,13;13,35467;52,44862
202455;11;8;8020623;2019;12;13;7;3;5;3;0;0;1;0;0;0;1;0;803003,7524;5819891,92;13,45921;52,44502
202456;11;1;1011303;2019;12;12;7;3;5;3;0;0;0;0;0;0;1;0;798668,3023;5828150,346;13,40301;52,52143
202457;11;4;4030417;2019;12;12;7;3;5;7;0;0;1;0;1;0;0;0;791745,9242;5827246,031;13,30048;52,51707
202458;11;8;8010301;2019;12;12;7;3;6;4;0;0;1;1;0;0;0;0;800887,1957;5824280,219;13,43212;52,48552
202459;11;2;2030302;2019;12;7;7;3;5;3;2;1;1;0;0;0;0;0;801155,9098;5825955,241;13,43758;52,50038
202460;11;8;8010301;2019;12;23;7;2;0;1;2;1;0;0;0;0;0;0;800848,2109;5824514,695;13,43176;52,48764
202461;11;1;1011305;2019;12;0;7;2;5;3;2;0;1;0;0;0;1;0;799648,7025;5827039,634;13,41642;52,51093
202462;11;4;4030620;2019;12;0;6;2;8;1;2;0;1;0;0;0;0;1;792747,344;5827036,616;13,31502;52,51465
202463;11;1;1022103;2019;12;16;6;3;5;3;2;1;1;0;0;0;0;0;795130,1952;5829614,96;13,35232;52,53648
202464;11;2;2020206;2019;12;13;6;3;0;7;0;0;1;0;0;0;0;0;799506,9887;5824517,295;13,41207;52,4884
202465;11;9;9052001;2019;12;10;6;3;3;6;0;1;1;0;0;0;0;1;810798,3568;5822472,423;13,57593;52,46377
202466;11;7;7030303;2019;12;10;6;3;0;3;0;0;0;0;1;0;1;1;795069,6735;5821620,117;13,34434;52,46485
202467;11;2;2020204;2019;12;9;6;3;8;1;0;0;1;0;0;0;0;1;798706,7547;5824670,025;13,40045;52,49021
202468;11;4;4041134;2019;12;7;6;3;5;3;1;1;0;0;0;0;1;0;790853,0404;5823648,413;13,28422;52,48529
202469;11;1;1011103;2019;12;21;6;3;2;6;2;0;1;0;0;0;0;1;795841,8159;5826022,823;13,35958;52,5039
202470;11;5;5010311;2019;12;20;6;3;6;2;2;0;1;1;0;0;0;1;785200,787;5830989,067;13,2075;52,55409
202471;11;4;4041344;2019;12;19;6;3;1;5;2;1;1;0;0;0;0;0;792983,1748;5822335,656;13,31435;52,47239
202472;11;8;8020622;2019;12;17;6;3;2;6;2;0;1;0;0;0;0;1;801367,4298;5819295,065;13,43467;52,44057
202473;11;7;7020204;2019;12;17;6;3;5;3;2;1;1;0;0;0;0;1;796273,1528;5823229,024;13,36344;52,47862
202474;11;11;11030720;2019;12;16;6;3;5;3;2;0;1;0;0;0;0;1;805141,3927;5829994,533;13,49982;52,53437
202475;11;9;9051702;2019;12;19;6;2;6;4;2;0;1;1;0;0;0;1;814202,1797;5821282,295;13,62475;52,45116
202476;11;3;3040513;2019;12;14;6;2;0;1;0;1;0;0;0;0;0;1;798043,3684;5833591,008;13,39871;52,57054
202477;11;6;6040807;2019;12;9;6;2;5;3;0;1;1;0;0;0;0;1;789992,8808;5819150,955;13,26768;52,44543
202478;11;12;12103116;2019;12;17;5;3;2;2;2;1;1;0;0;0;0;1;795892,0684;5833185,194;13,3667;52,56807
202479;11;8;8010404;2019;12;20;5;3;5;3;2;0;1;0;0;0;0;1;802483,9387;5823139,997;13,45453;52,47442